MFR URL,Ref URL 1,Ref URL 2,Ref URL 3,Ref URL 4,Ref URL 5,PART_NUMBER,Dept,Class,Fine,SKU - MY_PART_NUMBER,Mfg_Part_Num,Part_Desc,E1_Brand,Unilog_Brand,DIB_Brand,Part_Manuf,MANUFACTURER_NAME,BRAND_NAME,TRADE_NAME,MANUFACTURER_PART_NUMBER,ALTERNATE_PART_NUMBER,Classpath,MOBILE_DESC,INVOICE_DESC,SHORT_DESC,LONG_DESC1,RETAIL_DESC,MARKETING_DESCRIPTION,ITEM_FEATURES_1,ITEM_FEATURES_2,ITEM_FEATURES_3,ITEM_FEATURES_4,ITEM_FEATURES_5,ITEM_FEATURES_6,ITEM_FEATURES_7,ITEM_FEATURES_8,ITEM_FEATURES_9,ITEM_FEATURES_10,ITEM_FEATURES_11,ITEM_FEATURES_12,ITEM_FEATURES_13,ITEM_FEATURES_14,ITEM_FEATURES_15,ITEM_FEATURES_16,ITEM_FEATURES_17,ITEM_FEATURES_18,ITEM_FEATURES_19,ITEM_FEATURES_20,With,Standard/Approvals,Prop 65,Application,Includes,Product Name,ATTRIBUTE_LABEL 1,ATTRIBUTE_VALUE 1,ATTRIBUTE_UOM 1,ATTRIBUTE_LABEL 2,ATTRIBUTE_VALUE 2,ATTRIBUTE_UOM 2,ATTRIBUTE_LABEL 3,ATTRIBUTE_VALUE 3,ATTRIBUTE_UOM 3,ATTRIBUTE_LABEL 4,ATTRIBUTE_VALUE 4,ATTRIBUTE_UOM 4,ATTRIBUTE_LABEL 5,ATTRIBUTE_VALUE 5,ATTRIBUTE_UOM 5,ATTRIBUTE_LABEL 6,ATTRIBUTE_VALUE 6,ATTRIBUTE_UOM 6,ATTRIBUTE_LABEL 7,ATTRIBUTE_VALUE 7,ATTRIBUTE_UOM 7,ATTRIBUTE_LABEL 8,ATTRIBUTE_VALUE 8,ATTRIBUTE_UOM 8,ATTRIBUTE_LABEL 9,ATTRIBUTE_VALUE 9,ATTRIBUTE_UOM 9,ATTRIBUTE_LABEL 10,ATTRIBUTE_VALUE 10,ATTRIBUTE_UOM 10,ATTRIBUTE_LABEL 11,ATTRIBUTE_VALUE 11,ATTRIBUTE_UOM 11,ATTRIBUTE_LABEL 12,ATTRIBUTE_VALUE 12,ATTRIBUTE_UOM 12,ATTRIBUTE_LABEL 13,ATTRIBUTE_VALUE 13,ATTRIBUTE_UOM 13,ATTRIBUTE_LABEL 14,ATTRIBUTE_VALUE 14,ATTRIBUTE_UOM 14,ATTRIBUTE_LABEL 15,ATTRIBUTE_VALUE 15,ATTRIBUTE_UOM 15,ATTRIBUTE_LABEL 16,ATTRIBUTE_VALUE 16,ATTRIBUTE_UOM 16,ATTRIBUTE_LABEL 17,ATTRIBUTE_VALUE 17,ATTRIBUTE_UOM 17,ATTRIBUTE_LABEL 18,ATTRIBUTE_VALUE 18,ATTRIBUTE_UOM 18,ATTRIBUTE_LABEL 19,ATTRIBUTE_VALUE 19,ATTRIBUTE_UOM 19,ATTRIBUTE_LABEL 20,ATTRIBUTE_VALUE 20,ATTRIBUTE_UOM 20,ATTRIBUTE_LABEL 21,ATTRIBUTE_VALUE 21,ATTRIBUTE_UOM 21,ATTRIBUTE_LABEL 22,ATTRIBUTE_VALUE 22,ATTRIBUTE_UOM 22,ATTRIBUTE_LABEL 23,ATTRIBUTE_VALUE 23,ATTRIBUTE_UOM 23,ATTRIBUTE_LABEL 24,ATTRIBUTE_VALUE 24,ATTRIBUTE_UOM 24,ATTRIBUTE_LABEL 25,ATTRIBUTE_VALUE 25,ATTRIBUTE_UOM 25,ATTRIBUTE_LABEL 26,ATTRIBUTE_VALUE 26,ATTRIBUTE_UOM 26,ATTRIBUTE_LABEL 27,ATTRIBUTE_VALUE 27,ATTRIBUTE_UOM 27,ATTRIBUTE_LABEL 28,ATTRIBUTE_VALUE 28,ATTRIBUTE_UOM 28,ATTRIBUTE_LABEL 29,ATTRIBUTE_VALUE 29,ATTRIBUTE_UOM 29,ATTRIBUTE_LABEL 30,ATTRIBUTE_VALUE 30,ATTRIBUTE_UOM 30,ATTRIBUTE_LABEL 31,ATTRIBUTE_VALUE 31,ATTRIBUTE_UOM 31,ATTRIBUTE_LABEL 32,ATTRIBUTE_VALUE 32,ATTRIBUTE_UOM 32,ATTRIBUTE_LABEL 33,ATTRIBUTE_VALUE 33,ATTRIBUTE_UOM 33,ATTRIBUTE_LABEL 34,ATTRIBUTE_VALUE 34,ATTRIBUTE_UOM 34,ATTRIBUTE_LABEL 35,ATTRIBUTE_VALUE 35,ATTRIBUTE_UOM 35,ATTRIBUTE_LABEL 36,ATTRIBUTE_VALUE 36,ATTRIBUTE_UOM 36,ATTRIBUTE_LABEL 37,ATTRIBUTE_VALUE 37,ATTRIBUTE_UOM 37,ATTRIBUTE_LABEL 38,ATTRIBUTE_VALUE 38,ATTRIBUTE_UOM 38,ATTRIBUTE_LABEL 39,ATTRIBUTE_VALUE 39,ATTRIBUTE_UOM 39,ATTRIBUTE_LABEL 40,ATTRIBUTE_VALUE 40,ATTRIBUTE_UOM 40,ATTRIBUTE_LABEL 41,ATTRIBUTE_VALUE 41,ATTRIBUTE_UOM 41,ATTRIBUTE_LABEL 42,ATTRIBUTE_VALUE 42,ATTRIBUTE_UOM 42,ATTRIBUTE_LABEL 43,ATTRIBUTE_VALUE 43,ATTRIBUTE_UOM 43,ATTRIBUTE_LABEL 44,ATTRIBUTE_VALUE 44,ATTRIBUTE_UOM 44,ATTRIBUTE_LABEL 45,ATTRIBUTE_VALUE 45,ATTRIBUTE_UOM 45,ATTRIBUTE_LABEL 46,ATTRIBUTE_VALUE 46,ATTRIBUTE_UOM 46,ATTRIBUTE_LABEL 47,ATTRIBUTE_VALUE 47,ATTRIBUTE_UOM 47,ATTRIBUTE_LABEL 48,ATTRIBUTE_VALUE 48,ATTRIBUTE_UOM 48,ATTRIBUTE_LABEL 49,ATTRIBUTE_VALUE 49,ATTRIBUTE_UOM 49,ATTRIBUTE_LABEL 50,ATTRIBUTE_VALUE 50,ATTRIBUTE_UOM 50,UPC,EAN,GTIN,UNSPSC,Warranty,List Price,Selling Qty,Selling UOM,Standard Packaging Information,LENGTH,LENGTH_UOM,HEIGHT,HEIGHT_UOM,WIDTH,WIDTH_UOM,WEIGHT,WEIGHT_UOM,VOLUME,VOLUME_UOM,Product Image,Alternate Image 1,Alternate Image 2,Alternate Image 3,Alternate Image 4,SDS,SDS_1,Warranty Information,Catalog,Specification Sheet,Instruction/Installation Manual,Service Manual,Owners/User Manual,Line Drawing,MTR,RoHS,Full Engineering Drawing,Energy Star Guide,Technical Bulletin,Submittal,Compatibility Chart,Size Chart,Product Label/Insert,Video Link,Video Link 1,Country Of Origin,Discontinued,Actual Image (Yes/No)
,,,,,,,Abrasives,Coated Abrasives,Sanding Belts,,DCB518ASTS06G,"DCB518ASTS06G Diablo 1/2""x18"" - Sanding Belt 6pc",,,,,Freud Inc,Diablo,Diablo,DCB518ASTS06G,,Abrasives > Coated Abrasives > Sanding Belts,"Diablo Sanding Belt, DCB518ASTS06G, Width 2 in, Length 18 in, Pack Quantity 6",SANDING BELT 2IN 18IN 6,"Diablo Sanding Belt, DCB518ASTS06G","Diablo Sanding Belt, Model DCB518ASTS06G, Width 2 in, Length 18 in, Pack Quantity 6","Diablo Sanding Belt, DCB518ASTS06G",,Width: 2 in,Length: 18 in,Pack Quantity: 6,,,,,,,,,,,,,,,,,,,,,Sanding Belt,,Sanding Belt,Width,2,in,Length,18,in,Pack Quantity,6,,,,,,,,,,,,,,,,,,,,,,,,,,,,,,,,,,,,,,,,,,,,,,,,,,,,,,,,,,,,,,,,,,,,,,,,,,,,,,,,,,,,,,,,,,,,,,,,,,,,,,,,,,,,,,,,,,,,,,,,,,,,,,,,,,,,,,,,,,,,,,,,,,23241405,,,,,,,,,,,,,,,,,,,,,,,,,,,,,,,,,,,,,,,,,,,
,,,,,,,Abrasives,Coated Abrasives,Sanding Discs,,3MABR-7100075678,3M 775L Stikit Film P150 - Cubitron II 50 Disc/Box,,,,,Jam Industrial Supply LLC,3M,3M,3MABR-7100075678,,Abrasives > Coated Abrasives > Sanding Discs,"3M Sanding Disc, Stikit, 3MABR-7100075678, Grit P150",SANDING DISC P150,"3M Sanding Disc, Stikit, 3MABR-7100075678","3M Sanding Disc, Stikit, Model 3MABR-7100075678, Grit P150","3M Sanding Disc, Stikit, 3MABR-7100075678",,Grit: P150,,,,,,,,,,,,,,,,,,,,,,,Sanding Disc,,Sanding Disc,Grit,P150,,,,,,,,,,,,,,,,,,,,,,,,,,,,,,,,,,,,,,,,,,,,,,,,,,,,,,,,,,,,,,,,,,,,,,,,,,,,,,,,,,,,,,,,,,,,,,,,,,,,,,,,,,,,,,,,,,,,,,,,,,,,,,,,,,,,,,,,,,,,,,,,,,,,,,,,23241404,,,,,,,,,,,,,,,,,,,,,,,,,,,,,,,,,,,,,,,,,,,
,,,,,,,Abrasives,Coated Abrasives,Sanding Discs,,3MABR-7100045865,3M 775L Stikit Film P120 - Cubitron II 50 Disc/Box,,,,,Jam Industrial Supply LLC,3M,3M,3MABR-7100045865,,Abrasives > Coated Abrasives > Sanding Discs,"3M Sanding Disc, Stikit, 3MABR-7100045865, Grit P120",SANDING DISC P120,"3M Sanding Disc, Stikit, 3MABR-7100045865","3M Sanding Disc, Stikit, Model 3MABR-7100045865, Grit P120","3M Sanding Disc, Stikit, 3MABR-7100045865",,Grit: P120,,,,,,,,,,,,,,,,,,,,,,,Sanding Disc,,Sanding Disc,Grit,P120,,,,,,,,,,,,,,,,,,,,,,,,,,,,,,,,,,,,,,,,,,,,,,,,,,,,,,,,,,,,,,,,,,,,,,,,,,,,,,,,,,,,,,,,,,,,,,,,,,,,,,,,,,,,,,,,,,,,,,,,,,,,,,,,,,,,,,,,,,,,,,,,,,,,,,,,23241404,,,,,,,,,,,,,,,,,,,,,,,,,,,,,,,,,,,,,,,,,,,
,,,,,,,Abrasives,Coated Abrasives,Sanding Discs,,3MABR-7100048736,3M 775L Stikit Film P80 - Cubitron II 50 Disc/Box,,,,,Jam Industrial Supply LLC,3M,3M,3MABR-7100048736,,Abrasives > Coated Abrasives > Sanding Discs,"3M Sanding Disc, Stikit, 3MABR-7100048736",SANDING DISC,"3M Sanding Disc, Stikit, 3MABR-7100048736","3M Sanding Disc, Stikit, Model 3MABR-7100048736","3M Sanding Disc, Stikit, 3MABR-7100048736",,,,,,,,,,,,,,,,,,,,,,,,,Sanding Disc,,Sanding Disc,,,,,,,,,,,,,,,,,,,,,,,,,,,,,,,,,,,,,,,,,,,,,,,,,,,,,,,,,,,,,,,,,,,,,,,,,,,,,,,,,,,,,,,,,,,,,,,,,,,,,,,,,,,,,,,,,,,,,,,,,,,,,,,,,,,,,,,,,,,,,,,,,,,,,,,,,,23241404,,,,,,,,,,,,,,,,,,,,,,,,,,,,,,,,,,,,,,,,,,,
,,,,,,,Abrasives,Coated Abrasives,Sanding Discs,,3MABR-7100075690,3M 775L Stikit Film P180 - Cubitron II 50 Disc/Box,,,,,Jam Industrial Supply LLC,3M,3M,3MABR-7100075690,,Abrasives > Coated Abrasives > Sanding Discs,"3M Sanding Disc, Stikit, 3MABR-7100075690, Grit P180",SANDING DISC P180,"3M Sanding Disc, Stikit, 3MABR-7100075690","3M Sanding Disc, Stikit, Model 3MABR-7100075690, Grit P180","3M Sanding Disc, Stikit, 3MABR-7100075690",,Grit: P180,,,,,,,,,,,,,,,,,,,,,,,Sanding Disc,,Sanding Disc,Grit,P180,,,,,,,,,,,,,,,,,,,,,,,,,,,,,,,,,,,,,,,,,,,,,,,,,,,,,,,,,,,,,,,,,,,,,,,,,,,,,,,,,,,,,,,,,,,,,,,,,,,,,,,,,,,,,,,,,,,,,,,,,,,,,,,,,,,,,,,,,,,,,,,,,,,,,,,,23241404,,,,,,,,,,,,,,,,,,,,,,,,,,,,,,,,,,,,,,,,,,,
,,,,,,,Abrasives,Coated Abrasives,Sanding Discs,,3MABR-7100075692,3M 775L Stikit Film P220 - Cubitron II 50 Disc/Box,,,,,Jam Industrial Supply LLC,3M,3M,3MABR-7100075692,,Abrasives > Coated Abrasives > Sanding Discs,"3M Sanding Disc, Stikit, 3MABR-7100075692, Grit P220",SANDING DISC P220,"3M Sanding Disc, Stikit, 3MABR-7100075692","3M Sanding Disc, Stikit, Model 3MABR-7100075692, Grit P220","3M Sanding Disc, Stikit, 3MABR-7100075692",,Grit: P220,,,,,,,,,,,,,,,,,,,,,,,Sanding Disc,,Sanding Disc,Grit,P220,,,,,,,,,,,,,,,,,,,,,,,,,,,,,,,,,,,,,,,,,,,,,,,,,,,,,,,,,,,,,,,,,,,,,,,,,,,,,,,,,,,,,,,,,,,,,,,,,,,,,,,,,,,,,,,,,,,,,,,,,,,,,,,,,,,,,,,,,,,,,,,,,,,,,,,,23241404,,,,,,,,,,,,,,,,,,,,,,,,,,,,,,,,,,,,,,,,,,,
,,,,,,,Abrasives,Coated Abrasives,Sanding Discs,,3MABR-7100145365,3M 775L Stikit Film P320 - Cubitron II 50 Disc/Box,,,,,Jam Industrial Supply LLC,3M,3M,3MABR-7100145365,,Abrasives > Coated Abrasives > Sanding Discs,"3M Sanding Disc, Stikit, 3MABR-7100145365, Grit P320",SANDING DISC P320,"3M Sanding Disc, Stikit, 3MABR-7100145365","3M Sanding Disc, Stikit, Model 3MABR-7100145365, Grit P320","3M Sanding Disc, Stikit, 3MABR-7100145365",,Grit: P320,,,,,,,,,,,,,,,,,,,,,,,Sanding Disc,,Sanding Disc,Grit,P320,,,,,,,,,,,,,,,,,,,,,,,,,,,,,,,,,,,,,,,,,,,,,,,,,,,,,,,,,,,,,,,,,,,,,,,,,,,,,,,,,,,,,,,,,,,,,,,,,,,,,,,,,,,,,,,,,,,,,,,,,,,,,,,,,,,,,,,,,,,,,,,,,,,,,,,,23241404,,,,,,,,,,,,,,,,,,,,,,,,,,,,,,,,,,,,,,,,,,,
,,,,,,,Abrasives,Coated Abrasives,Sanding Sheets,,5B-332-080,"5B-332-080 HIOLIT 5"" P80",,,,,Mirka Abrasives Inc,,,5B-332-080,,Abrasives > Coated Abrasives > Sanding Sheets,"Sanding Sheet, Hiolit, 5B-332-080",SANDING SHEET,"Sanding Sheet, Hiolit, 5B-332-080","Sanding Sheet, Hiolit, Model 5B-332-080","Sanding Sheet, Hiolit, 5B-332-080",,,,,,,,,,,,,,,,,,,,,,,,,Sanding Sheet,,Sanding Sheet,,,,,,,,,,,,,,,,,,,,,,,,,,,,,,,,,,,,,,,,,,,,,,,,,,,,,,,,,,,,,,,,,,,,,,,,,,,,,,,,,,,,,,,,,,,,,,,,,,,,,,,,,,,,,,,,,,,,,,,,,,,,,,,,,,,,,,,,,,,,,,,,,,,,,,,,,,23241406,,,,,,,,,,,,,,,,,,,,,,,,,,,,,,,,,,,,,,,,,,,
,,,,,,,Abrasives,Coated Abrasives,Sanding Sheets,,5B-332-120,"5B-332-120 HIOLIT 5"" P120",,,,,Mirka Abrasives Inc,,,5B-332-120,,Abrasives > Coated Abrasives > Sanding Sheets,"Sanding Sheet, Hiolit, 5B-332-120, Grit P120",SANDING SHEET P120,"Sanding Sheet, Hiolit, 5B-332-120","Sanding Sheet, Hiolit, Model 5B-332-120, Grit P120","Sanding Sheet, Hiolit, 5B-332-120",,Grit: P120,,,,,,,,,,,,,,,,,,,,,,,Sanding Sheet,,Sanding Sheet,Grit,P120,,,,,,,,,,,,,,,,,,,,,,,,,,,,,,,,,,,,,,,,,,,,,,,,,,,,,,,,,,,,,,,,,,,,,,,,,,,,,,,,,,,,,,,,,,,,,,,,,,,,,,,,,,,,,,,,,,,,,,,,,,,,,,,,,,,,,,,,,,,,,,,,,,,,,,,,23241406,,,,,,,,,,,,,,,,,,,,,,,,,,,,,,,,,,,,,,,,,,,
,,,,,,,Abrasives,Coated Abrasives,Sanding Sheets,,9A-570-240,9A-570-240 Abranet 2.75x30,,,,,Mirka Abrasives Inc,,,9A-570-240,,Abrasives > Coated Abrasives > Sanding Sheets,"Sanding Sheet, Abranet, 9A-570-240, Board Size 75x30, Amperage 9 A",SANDING SHEET 75X30 9A,"Sanding Sheet, Abranet, 9A-570-240","Sanding Sheet, Abranet, Model 9A-570-240, Board Size 75x30, Amperage 9 A","Sanding Sheet, Abranet, 9A-570-240",,Board Size: 75x30,Amperage: 9 A,,,,,,,,,,,,,,,,,,,,,,Sanding Sheet,,Sanding Sheet,Board Size,75x30,,Amperage,9,A,,,,,,,,,,,,,,,,,,,,,,,,,,,,,,,,,,,,,,,,,,,,,,,,,,,,,,,,,,,,,,,,,,,,,,,,,,,,,,,,,,,,,,,,,,,,,,,,,,,,,,,,,,,,,,,,,,,,,,,,,,,,,,,,,,,,,,,,,,,,,,,,,,,,23241406,,,,,,,,,,,,,,,,,,,,,,,,,,,,,,,,,,,,,,,,,,,
,,,,,,,Abrasives,Coated Abrasives,Sanding Sheets,,9A-570-320,9A-570-320 Abranet 2.75x30,,,,,Mirka Abrasives Inc,,,9A-570-320,,Abrasives > Coated Abrasives > Sanding Sheets,"Sanding Sheet, Abranet, 9A-570-320, Board Size 75x30, Amperage 9 A",SANDING SHEET 75X30 9A,"Sanding Sheet, Abranet, 9A-570-320","Sanding Sheet, Abranet, Model 9A-570-320, Board Size 75x30, Amperage 9 A","Sanding Sheet, Abranet, 9A-570-320",,Board Size: 75x30,Amperage: 9 A,,,,,,,,,,,,,,,,,,,,,,Sanding Sheet,,Sanding Sheet,Board Size,75x30,,Amperage,9,A,,,,,,,,,,,,,,,,,,,,,,,,,,,,,,,,,,,,,,,,,,,,,,,,,,,,,,,,,,,,,,,,,,,,,,,,,,,,,,,,,,,,,,,,,,,,,,,,,,,,,,,,,,,,,,,,,,,,,,,,,,,,,,,,,,,,,,,,,,,,,,,,,,,,23241406,,,,,,,,,,,,,,,,,,,,,,,,,,,,,,,,,,,,,,,,,,,
,,,,,,,Abrasives,Bonded Abrasives,Cut-Off Discs,,DBD090094101F,"DBD090094101F Diablo 9"" - Metal Cut-Off Disc",,,,,Freud Inc,Diablo,Diablo,DBD090094101F,,Abrasives > Bonded Abrasives > Cut-Off Discs,"Diablo Cut-Off Disc, DBD090094101F",CUT-OFF DISC,"Diablo Cut-Off Disc, DBD090094101F","Diablo Cut-Off Disc, Model DBD090094101F","Diablo Cut-Off Disc, DBD090094101F",,,,,,,,,,,,,,,,,,,,,,,,,Cut-Off Disc,,Cut-Off Disc,,,,,,,,,,,,,,,,,,,,,,,,,,,,,,,,,,,,,,,,,,,,,,,,,,,,,,,,,,,,,,,,,,,,,,,,,,,,,,,,,,,,,,,,,,,,,,,,,,,,,,,,,,,,,,,,,,,,,,,,,,,,,,,,,,,,,,,,,,,,,,,,,,,,,,,,,,23241408,,,,,,,,,,,,,,,,,,,,,,,,,,,,,,,,,,,,,,,,,,,
,,,,,,,Abrasives,Bonded Abrasives,Cut-Off Discs,,DBDS12125A01F,"DBDS12125A01F Diablo 12"" - Steel Demon Metal Cut-Off Disc",,,,,Freud Inc,Diablo,Diablo,DBDS12125A01F,,Abrasives > Bonded Abrasives > Cut-Off Discs,"Diablo Cut-Off Disc, Steel Demon, DBDS12125A01F",CUT-OFF DISC,"Diablo Cut-Off Disc, Steel Demon, DBDS12125A01F","Diablo Cut-Off Disc, Steel Demon, Model DBDS12125A01F","Diablo Cut-Off Disc, Steel Demon, DBDS12125A01F",,,,,,,,,,,,,,,,,,,,,,,,,Cut-Off Disc,,Cut-Off Disc,,,,,,,,,,,,,,,,,,,,,,,,,,,,,,,,,,,,,,,,,,,,,,,,,,,,,,,,,,,,,,,,,,,,,,,,,,,,,,,,,,,,,,,,,,,,,,,,,,,,,,,,,,,,,,,,,,,,,,,,,,,,,,,,,,,,,,,,,,,,,,,,,,,,,,,,,,23241408,,,,,,,,,,,,,,,,,,,,,,,,,,,,,,,,,,,,,,,,,,,
,,,,,,,Abrasives,Bonded Abrasives,Cut-Off Discs,,DBDS12125G01F,"DBDS12125G01F Diablo 12""x20mm - Speed Demon Metal Cut-Off Disc",,,,,Freud Inc,Diablo,Diablo,DBDS12125G01F,,Abrasives > Bonded Abrasives > Cut-Off Discs,"Diablo Cut-Off Disc, Speed Demon, DBDS12125G01F, Width 12 in",CUT-OFF DISC 12IN,"Diablo Cut-Off Disc, Speed Demon, DBDS12125G01F","Diablo Cut-Off Disc, Speed Demon, Model DBDS12125G01F, Width 12 in","Diablo Cut-Off Disc, Speed Demon, DBDS12125G01F",,Width: 12 in,,,,,,,,,,,,,,,,,,,,,,,Cut-Off Disc,,Cut-Off Disc,Width,12,in,,,,,,,,,,,,,,,,,,,,,,,,,,,,,,,,,,,,,,,,,,,,,,,,,,,,,,,,,,,,,,,,,,,,,,,,,,,,,,,,,,,,,,,,,,,,,,,,,,,,,,,,,,,,,,,,,,,,,,,,,,,,,,,,,,,,,,,,,,,,,,,,,,,,,,,23241408,,,,,,,,,,,,,,,,,,,,,,,,,,,,,,,,,,,,,,,,,,,
,,,,,,,Abrasives,Bonded Abrasives,Cut-Off Discs,,DBDS14125A01F,"DBDS14125A01F Diablo 14""x1"" - Steel Demon Metal Cut-Off Disc",,,,,Freud Inc,Diablo,Diablo,DBDS14125A01F,,Abrasives > Bonded Abrasives > Cut-Off Discs,"Diablo Cut-Off Disc, Steel Demon, DBDS14125A01F, Width 14 in, Length 1 in",CUT-OFF DISC 14IN 1IN,"Diablo Cut-Off Disc, Steel Demon, DBDS14125A01F","Diablo Cut-Off Disc, Steel Demon, Model DBDS14125A01F, Width 14 in, Length 1 in","Diablo Cut-Off Disc, Steel Demon, DBDS14125A01F",,Width: 14 in,Length: 1 in,,,,,,,,,,,,,,,,,,,,,,Cut-Off Disc,,Cut-Off Disc,Width,14,in,Length,1,in,,,,,,,,,,,,,,,,,,,,,,,,,,,,,,,,,,,,,,,,,,,,,,,,,,,,,,,,,,,,,,,,,,,,,,,,,,,,,,,,,,,,,,,,,,,,,,,,,,,,,,,,,,,,,,,,,,,,,,,,,,,,,,,,,,,,,,,,,,,,,,,,,,,,23241408,,,,,,,,,,,,,,,,,,,,,,,,,,,,,,,,,,,,,,,,,,,
,,,,,,,Abrasives,Bonded Abrasives,Cut-Off Discs,,DBDS14125G01F,"DBDS14125G01F Diablo 14""x20mm - Steel Demon Metal Cut-Off Disc",,,,,Freud Inc,Diablo,Diablo,DBDS14125G01F,,Abrasives > Bonded Abrasives > Cut-Off Discs,"Diablo Cut-Off Disc, Steel Demon, DBDS14125G01F, Width 14 in",CUT-OFF DISC 14IN,"Diablo Cut-Off Disc, Steel Demon, DBDS14125G01F","Diablo Cut-Off Disc, Steel Demon, Model DBDS14125G01F, Width 14 in","Diablo Cut-Off Disc, Steel Demon, DBDS14125G01F",,Width: 14 in,,,,,,,,,,,,,,,,,,,,,,,Cut-Off Disc,,Cut-Off Disc,Width,14,in,,,,,,,,,,,,,,,,,,,,,,,,,,,,,,,,,,,,,,,,,,,,,,,,,,,,,,,,,,,,,,,,,,,,,,,,,,,,,,,,,,,,,,,,,,,,,,,,,,,,,,,,,,,,,,,,,,,,,,,,,,,,,,,,,,,,,,,,,,,,,,,,,,,,,,,23241408,,,,,,,,,,,,,,,,,,,,,,,,,,,,,,,,,,,,,,,,,,,
,,,,,,,Abrasives,Bonded Abrasives,Cut-Off Discs,,49-94-0013,"49-94-0013 Milw 5""x.045""x7/8"" Metal Cut Off Disc",,,,,Milwaukee Accessory,Milwaukee,Milwaukee,49-94-0013,,Abrasives > Bonded Abrasives > Cut-Off Discs,"Milwaukee Cut-Off Disc, 49-94-0013, Width 5 in",CUT-OFF DISC 5IN,"Milwaukee Cut-Off Disc, 49-94-0013","Milwaukee Cut-Off Disc, Model 49-94-0013, Width 5 in","Milwaukee Cut-Off Disc, 49-94-0013",,Width: 5 in,,,,,,,,,,,,,,,,,,,,,,,Cut-Off Disc,,Cut-Off Disc,Width,5,in,,,,,,,,,,,,,,,,,,,,,,,,,,,,,,,,,,,,,,,,,,,,,,,,,,,,,,,,,,,,,,,,,,,,,,,,,,,,,,,,,,,,,,,,,,,,,,,,,,,,,,,,,,,,,,,,,,,,,,,,,,,,,,,,,,,,,,,,,,,,,,,,,,,,,,,23241408,,,,,,,,,,,,,,,,,,,,,,,,,,,,,,,,,,,,,,,,,,,
,,,,,,,Abrasives,Bonded Abrasives,Cut-Off Discs,,49-94-0029,"49-94-0029 Milw 6-1/2""x1/8""x5/8"" DKO Metal Cut Off Disc",,,,,Milwaukee Accessory,Milwaukee,Milwaukee,49-94-0029,,Abrasives > Bonded Abrasives > Cut-Off Discs,"Milwaukee Cut-Off Disc, Dko, 49-94-0029, Width 6-1/2 in",CUT-OFF DISC 6-1/2IN,"Milwaukee Cut-Off Disc, Dko, 49-94-0029","Milwaukee Cut-Off Disc, Dko, Model 49-94-0029, Width 6-1/2 in","Milwaukee Cut-Off Disc, Dko, 49-94-0029",,Width: 6-1/2 in,,,,,,,,,,,,,,,,,,,,,,,Cut-Off Disc,,Cut-Off Disc,Width,6-1/2,in,,,,,,,,,,,,,,,,,,,,,,,,,,,,,,,,,,,,,,,,,,,,,,,,,,,,,,,,,,,,,,,,,,,,,,,,,,,,,,,,,,,,,,,,,,,,,,,,,,,,,,,,,,,,,,,,,,,,,,,,,,,,,,,,,,,,,,,,,,,,,,,,,,,,,,,23241408,,,,,,,,,,,,,,,,,,,,,,,,,,,,,,,,,,,,,,,,,,,
,,,,,,,Abrasives,Bonded Abrasives,Cut-Off Discs,,49-94-0033,"49-94-0033 Milw 7""x1/16""x7/8"" Metal Cut Off Disc",,,,,Milwaukee Accessory,Milwaukee,Milwaukee,49-94-0033,,Abrasives > Bonded Abrasives > Cut-Off Discs,"Milwaukee Cut-Off Disc, 49-94-0033, Width 7 in",CUT-OFF DISC 7IN,"Milwaukee Cut-Off Disc, 49-94-0033","Milwaukee Cut-Off Disc, Model 49-94-0033, Width 7 in","Milwaukee Cut-Off Disc, 49-94-0033",,Width: 7 in,,,,,,,,,,,,,,,,,,,,,,,Cut-Off Disc,,Cut-Off Disc,Width,7,in,,,,,,,,,,,,,,,,,,,,,,,,,,,,,,,,,,,,,,,,,,,,,,,,,,,,,,,,,,,,,,,,,,,,,,,,,,,,,,,,,,,,,,,,,,,,,,,,,,,,,,,,,,,,,,,,,,,,,,,,,,,,,,,,,,,,,,,,,,,,,,,,,,,,,,,23241408,,,,,,,,,,,,,,,,,,,,,,,,,,,,,,,,,,,,,,,,,,,
,,,,,,,Abrasives,Bonded Abrasives,Cut-Off Discs,,49-94-0001,"49-94-0001 Milw 4""x.040""x5/8"" Metal Cut Off Disc",,,,,Milwaukee Accessory,Milwaukee,Milwaukee,49-94-0001,,Abrasives > Bonded Abrasives > Cut-Off Discs,"Milwaukee Cut-Off Disc, 49-94-0001, Width 4 in",CUT-OFF DISC 4IN,"Milwaukee Cut-Off Disc, 49-94-0001","Milwaukee Cut-Off Disc, Model 49-94-0001, Width 4 in","Milwaukee Cut-Off Disc, 49-94-0001",,Width: 4 in,,,,,,,,,,,,,,,,,,,,,,,Cut-Off Disc,,Cut-Off Disc,Width,4,in,,,,,,,,,,,,,,,,,,,,,,,,,,,,,,,,,,,,,,,,,,,,,,,,,,,,,,,,,,,,,,,,,,,,,,,,,,,,,,,,,,,,,,,,,,,,,,,,,,,,,,,,,,,,,,,,,,,,,,,,,,,,,,,,,,,,,,,,,,,,,,,,,,,,,,,23241408,,,,,,,,,,,,,,,,,,,,,,,,,,,,,,,,,,,,,,,,,,,
,,,,,,,Abrasives,Bonded Abrasives,Cut-Off Discs,,49-94-0039,"49-94-0039 Milw 7""x1/8""x5/8"" DKO Metal Cut Off Disc",,,,,Milwaukee Accessory,Milwaukee,Milwaukee,49-94-0039,,Abrasives > Bonded Abrasives > Cut-Off Discs,"Milwaukee Cut-Off Disc, Dko, 49-94-0039, Width 7 in",CUT-OFF DISC 7IN,"Milwaukee Cut-Off Disc, Dko, 49-94-0039","Milwaukee Cut-Off Disc, Dko, Model 49-94-0039, Width 7 in","Milwaukee Cut-Off Disc, Dko, 49-94-0039",,Width: 7 in,,,,,,,,,,,,,,,,,,,,,,,Cut-Off Disc,,Cut-Off Disc,Width,7,in,,,,,,,,,,,,,,,,,,,,,,,,,,,,,,,,,,,,,,,,,,,,,,,,,,,,,,,,,,,,,,,,,,,,,,,,,,,,,,,,,,,,,,,,,,,,,,,,,,,,,,,,,,,,,,,,,,,,,,,,,,,,,,,,,,,,,,,,,,,,,,,,,,,,,,,23241408,,,,,,,,,,,,,,,,,,,,,,,,,,,,,,,,,,,,,,,,,,,
,,,,,,,Abrasives,Bonded Abrasives,Cut-Off Discs,,49-94-0043,"49-94-0043 Milw 9""x3/32""x7/8"" Metal Cut Off Disc",,,,,Milwaukee Accessory,Milwaukee,Milwaukee,49-94-0043,,Abrasives > Bonded Abrasives > Cut-Off Discs,"Milwaukee Cut-Off Disc, 49-94-0043, Width 9 in",CUT-OFF DISC 9IN,"Milwaukee Cut-Off Disc, 49-94-0043","Milwaukee Cut-Off Disc, Model 49-94-0043, Width 9 in","Milwaukee Cut-Off Disc, 49-94-0043",,Width: 9 in,,,,,,,,,,,,,,,,,,,,,,,Cut-Off Disc,,Cut-Off Disc,Width,9,in,,,,,,,,,,,,,,,,,,,,,,,,,,,,,,,,,,,,,,,,,,,,,,,,,,,,,,,,,,,,,,,,,,,,,,,,,,,,,,,,,,,,,,,,,,,,,,,,,,,,,,,,,,,,,,,,,,,,,,,,,,,,,,,,,,,,,,,,,,,,,,,,,,,,,,,23241408,,,,,,,,,,,,,,,,,,,,,,,,,,,,,,,,,,,,,,,,,,,
,,,,,,,Abrasives,Bonded Abrasives,Cut-Off Discs,,49-94-0048,"49-94-0048 Milw 12""x7/64""x1"" Metal Cut Off Disc General Purpose",,,,,Milwaukee Accessory,Milwaukee,Milwaukee,49-94-0048,,Abrasives > Bonded Abrasives > Cut-Off Discs,"Milwaukee Cut-Off Disc, 49-94-0048, Width 12 in, Length 1 in",CUT-OFF DISC 12IN 1IN,"Milwaukee Cut-Off Disc, 49-94-0048","Milwaukee Cut-Off Disc, Model 49-94-0048, Width 12 in, Length 1 in","Milwaukee Cut-Off Disc, 49-94-0048",,Width: 12 in,Length: 1 in,,,,,,,,,,,,,,,,,,,,,,Cut-Off Disc,,Cut-Off Disc,Width,12,in,Length,1,in,,,,,,,,,,,,,,,,,,,,,,,,,,,,,,,,,,,,,,,,,,,,,,,,,,,,,,,,,,,,,,,,,,,,,,,,,,,,,,,,,,,,,,,,,,,,,,,,,,,,,,,,,,,,,,,,,,,,,,,,,,,,,,,,,,,,,,,,,,,,,,,,,,,,23241408,,,,,,,,,,,,,,,,,,,,,,,,,,,,,,,,,,,,,,,,,,,
,,,,,,,Abrasives,Bonded Abrasives,Cut-Off Discs,,49-94-0053,"49-94-0053 Milw 12""x1/8""x1"" Metal Cut Off Disc",,,,,Milwaukee Accessory,Milwaukee,Milwaukee,49-94-0053,,Abrasives > Bonded Abrasives > Cut-Off Discs,"Milwaukee Cut-Off Disc, 49-94-0053, Width 12 in, Length 1 in",CUT-OFF DISC 12IN 1IN,"Milwaukee Cut-Off Disc, 49-94-0053","Milwaukee Cut-Off Disc, Model 49-94-0053, Width 12 in, Length 1 in","Milwaukee Cut-Off Disc, 49-94-0053",,Width: 12 in,Length: 1 in,,,,,,,,,,,,,,,,,,,,,,Cut-Off Disc,,Cut-Off Disc,Width,12,in,Length,1,in,,,,,,,,,,,,,,,,,,,,,,,,,,,,,,,,,,,,,,,,,,,,,,,,,,,,,,,,,,,,,,,,,,,,,,,,,,,,,,,,,,,,,,,,,,,,,,,,,,,,,,,,,,,,,,,,,,,,,,,,,,,,,,,,,,,,,,,,,,,,,,,,,,,,23241408,,,,,,,,,,,,,,,,,,,,,,,,,,,,,,,,,,,,,,,,,,,
,,,,,,,Abrasives,Bonded Abrasives,Cut-Off Discs,,49-94-0058,"49-94-0058 Milw 12""x1/8""x20mm Metal Cut Off Disc",,,,,Milwaukee Accessory,Milwaukee,Milwaukee,49-94-0058,,Abrasives > Bonded Abrasives > Cut-Off Discs,"Milwaukee Cut-Off Disc, 49-94-0058, Width 12 in",CUT-OFF DISC 12IN,"Milwaukee Cut-Off Disc, 49-94-0058","Milwaukee Cut-Off Disc, Model 49-94-0058, Width 12 in","Milwaukee Cut-Off Disc, 49-94-0058",,Width: 12 in,,,,,,,,,,,,,,,,,,,,,,,Cut-Off Disc,,Cut-Off Disc,Width,12,in,,,,,,,,,,,,,,,,,,,,,,,,,,,,,,,,,,,,,,,,,,,,,,,,,,,,,,,,,,,,,,,,,,,,,,,,,,,,,,,,,,,,,,,,,,,,,,,,,,,,,,,,,,,,,,,,,,,,,,,,,,,,,,,,,,,,,,,,,,,,,,,,,,,,,,,23241408,,,,,,,,,,,,,,,,,,,,,,,,,,,,,,,,,,,,,,,,,,,
,,,,,,,Abrasives,Bonded Abrasives,Cut-Off Discs,,49-94-0063,"49-94-0063 Milw 14""x7/64""x1"" Metal Cut Off Disc General Purpose",,,,,Milwaukee Accessory,Milwaukee,Milwaukee,49-94-0063,,Abrasives > Bonded Abrasives > Cut-Off Discs,"Milwaukee Cut-Off Disc, 49-94-0063, Width 14 in, Length 1 in",CUT-OFF DISC 14IN 1IN,"Milwaukee Cut-Off Disc, 49-94-0063","Milwaukee Cut-Off Disc, Model 49-94-0063, Width 14 in, Length 1 in","Milwaukee Cut-Off Disc, 49-94-0063",,Width: 14 in,Length: 1 in,,,,,,,,,,,,,,,,,,,,,,Cut-Off Disc,,Cut-Off Disc,Width,14,in,Length,1,in,,,,,,,,,,,,,,,,,,,,,,,,,,,,,,,,,,,,,,,,,,,,,,,,,,,,,,,,,,,,,,,,,,,,,,,,,,,,,,,,,,,,,,,,,,,,,,,,,,,,,,,,,,,,,,,,,,,,,,,,,,,,,,,,,,,,,,,,,,,,,,,,,,,,23241408,,,,,,,,,,,,,,,,,,,,,,,,,,,,,,,,,,,,,,,,,,,
,,,,,,,Abrasives,Bonded Abrasives,Cut-Off Discs,,49-94-0068,"49-94-0068 Milw 14""x1/8""x20mm Metal Cut Off Disc",,,,,Milwaukee Accessory,Milwaukee,Milwaukee,49-94-0068,,Abrasives > Bonded Abrasives > Cut-Off Discs,"Milwaukee Cut-Off Disc, 49-94-0068, Width 14 in",CUT-OFF DISC 14IN,"Milwaukee Cut-Off Disc, 49-94-0068","Milwaukee Cut-Off Disc, Model 49-94-0068, Width 14 in","Milwaukee Cut-Off Disc, 49-94-0068",,Width: 14 in,,,,,,,,,,,,,,,,,,,,,,,Cut-Off Disc,,Cut-Off Disc,Width,14,in,,,,,,,,,,,,,,,,,,,,,,,,,,,,,,,,,,,,,,,,,,,,,,,,,,,,,,,,,,,,,,,,,,,,,,,,,,,,,,,,,,,,,,,,,,,,,,,,,,,,,,,,,,,,,,,,,,,,,,,,,,,,,,,,,,,,,,,,,,,,,,,,,,,,,,,23241408,,,,,,,,,,,,,,,,,,,,,,,,,,,,,,,,,,,,,,,,,,,
,,,,,,,Abrasives,Bonded Abrasives,Cut-Off Discs,,49-94-0073,"49-94-0073 Milw 14""x1/8""x1"" Metal Cut Off Disc",,,,,Milwaukee Accessory,Milwaukee,Milwaukee,49-94-0073,,Abrasives > Bonded Abrasives > Cut-Off Discs,"Milwaukee Cut-Off Disc, 49-94-0073, Width 14 in, Length 1 in",CUT-OFF DISC 14IN 1IN,"Milwaukee Cut-Off Disc, 49-94-0073","Milwaukee Cut-Off Disc, Model 49-94-0073, Width 14 in, Length 1 in","Milwaukee Cut-Off Disc, 49-94-0073",,Width: 14 in,Length: 1 in,,,,,,,,,,,,,,,,,,,,,,Cut-Off Disc,,Cut-Off Disc,Width,14,in,Length,1,in,,,,,,,,,,,,,,,,,,,,,,,,,,,,,,,,,,,,,,,,,,,,,,,,,,,,,,,,,,,,,,,,,,,,,,,,,,,,,,,,,,,,,,,,,,,,,,,,,,,,,,,,,,,,,,,,,,,,,,,,,,,,,,,,,,,,,,,,,,,,,,,,,,,,23241408,,,,,,,,,,,,,,,,,,,,,,,,,,,,,,,,,,,,,,,,,,,
,,,,,,,Abrasives,Bonded Abrasives,Cut-Off Discs,,49-94-0101,"49-94-0101 Milw 4-1/2""x.045""x7/8"" Perform+ Metal Cut Off Disc 10pc",,,,,Milwaukee Accessory,Milwaukee,Milwaukee,49-94-0101,,Abrasives > Bonded Abrasives > Cut-Off Discs,"Milwaukee Cut-Off Disc, Perform, 49-94-0101, Width 4-1/2 in, Pack Quantity 10",CUT-OFF DISC 4-1/2IN 10,"Milwaukee Cut-Off Disc, Perform, 49-94-0101","Milwaukee Cut-Off Disc, Perform, Model 49-94-0101, Width 4-1/2 in, Pack Quantity 10","Milwaukee Cut-Off Disc, Perform, 49-94-0101",,Width: 4-1/2 in,Pack Quantity: 10,,,,,,,,,,,,,,,,,,,,,,Cut-Off Disc,,Cut-Off Disc,Width,4-1/2,in,Pack Quantity,10,,,,,,,,,,,,,,,,,,,,,,,,,,,,,,,,,,,,,,,,,,,,,,,,,,,,,,,,,,,,,,,,,,,,,,,,,,,,,,,,,,,,,,,,,,,,,,,,,,,,,,,,,,,,,,,,,,,,,,,,,,,,,,,,,,,,,,,,,,,,,,,,,,,,,23241408,,,,,,,,,,,,,,,,,,,,,,,,,,,,,,,,,,,,,,,,,,,
,,,,,,,Abrasives,Bonded Abrasives,Cut-Off Discs,,49-94-0107,"49-94-0107 Milw 4-1/2""x.045""x7/8"" Performance+ Metal Cut Off Disc",,,,,Milwaukee Accessory,Milwaukee,Milwaukee,49-94-0107,,Abrasives > Bonded Abrasives > Cut-Off Discs,"Milwaukee Cut-Off Disc, Performance, 49-94-0107, Width 4-1/2 in",CUT-OFF DISC 4-1/2IN,"Milwaukee Cut-Off Disc, Performance, 49-94-0107","Milwaukee Cut-Off Disc, Performance, Model 49-94-0107, Width 4-1/2 in","Milwaukee Cut-Off Disc, Performance, 49-94-0107",,Width: 4-1/2 in,,,,,,,,,,,,,,,,,,,,,,,Cut-Off Disc,,Cut-Off Disc,Width,4-1/2,in,,,,,,,,,,,,,,,,,,,,,,,,,,,,,,,,,,,,,,,,,,,,,,,,,,,,,,,,,,,,,,,,,,,,,,,,,,,,,,,,,,,,,,,,,,,,,,,,,,,,,,,,,,,,,,,,,,,,,,,,,,,,,,,,,,,,,,,,,,,,,,,,,,,,,,,23241408,,,,,,,,,,,,,,,,,,,,,,,,,,,,,,,,,,,,,,,,,,,
,,,,,,,Abrasives,Bonded Abrasives,Cut-Off Discs,,49-94-0117,"49-94-0117 Milw 5""x.045""x7/8"" Performance+ Metal Cut Off Disc",,,,,Milwaukee Accessory,Milwaukee,Milwaukee,49-94-0117,,Abrasives > Bonded Abrasives > Cut-Off Discs,"Milwaukee Cut-Off Disc, Performance, 49-94-0117, Width 5 in",CUT-OFF DISC 5IN,"Milwaukee Cut-Off Disc, Performance, 49-94-0117","Milwaukee Cut-Off Disc, Performance, Model 49-94-0117, Width 5 in","Milwaukee Cut-Off Disc, Performance, 49-94-0117",,Width: 5 in,,,,,,,,,,,,,,,,,,,,,,,Cut-Off Disc,,Cut-Off Disc,Width,5,in,,,,,,,,,,,,,,,,,,,,,,,,,,,,,,,,,,,,,,,,,,,,,,,,,,,,,,,,,,,,,,,,,,,,,,,,,,,,,,,,,,,,,,,,,,,,,,,,,,,,,,,,,,,,,,,,,,,,,,,,,,,,,,,,,,,,,,,,,,,,,,,,,,,,,,,23241408,,,,,,,,,,,,,,,,,,,,,,,,,,,,,,,,,,,,,,,,,,,
,,,,,,,Abrasives,Bonded Abrasives,Cut-Off Discs,,49-94-0123,"49-94-0123 Milw 6""x.045""x7/8"" Performance+ Metal Cut Off Disc",,,,,Milwaukee Accessory,Milwaukee,Milwaukee,49-94-0123,,Abrasives > Bonded Abrasives > Cut-Off Discs,"Milwaukee Cut-Off Disc, Performance, 49-94-0123, Width 6 in",CUT-OFF DISC 6IN,"Milwaukee Cut-Off Disc, Performance, 49-94-0123","Milwaukee Cut-Off Disc, Performance, Model 49-94-0123, Width 6 in","Milwaukee Cut-Off Disc, Performance, 49-94-0123",,Width: 6 in,,,,,,,,,,,,,,,,,,,,,,,Cut-Off Disc,,Cut-Off Disc,Width,6,in,,,,,,,,,,,,,,,,,,,,,,,,,,,,,,,,,,,,,,,,,,,,,,,,,,,,,,,,,,,,,,,,,,,,,,,,,,,,,,,,,,,,,,,,,,,,,,,,,,,,,,,,,,,,,,,,,,,,,,,,,,,,,,,,,,,,,,,,,,,,,,,,,,,,,,,23241408,,,,,,,,,,,,,,,,,,,,,,,,,,,,,,,,,,,,,,,,,,,
,,,,,,,Abrasives,Bonded Abrasives,Cut-Off Discs,,49-94-0023,"49-94-0023 Milw 6""x.045""x7/8"" Metal Cut Off Disc",,,,,Milwaukee Accessory,Milwaukee,Milwaukee,49-94-0023,,Abrasives > Bonded Abrasives > Cut-Off Discs,"Milwaukee Cut-Off Disc, 49-94-0023, Width 6 in",CUT-OFF DISC 6IN,"Milwaukee Cut-Off Disc, 49-94-0023","Milwaukee Cut-Off Disc, Model 49-94-0023, Width 6 in","Milwaukee Cut-Off Disc, 49-94-0023",,Width: 6 in,,,,,,,,,,,,,,,,,,,,,,,Cut-Off Disc,,Cut-Off Disc,Width,6,in,,,,,,,,,,,,,,,,,,,,,,,,,,,,,,,,,,,,,,,,,,,,,,,,,,,,,,,,,,,,,,,,,,,,,,,,,,,,,,,,,,,,,,,,,,,,,,,,,,,,,,,,,,,,,,,,,,,,,,,,,,,,,,,,,,,,,,,,,,,,,,,,,,,,,,,23241408,,,,,,,,,,,,,,,,,,,,,,,,,,,,,,,,,,,,,,,,,,,
,,,,,,,Abrasives,Bonded Abrasives,Cut-Off Discs,,49-94-0121,"49-94-0121 Milw 6""x.045""x7/8"" Performance+ Metal Cut Off Disc 10pc",,,,,Milwaukee Accessory,Milwaukee,Milwaukee,49-94-0121,,Abrasives > Bonded Abrasives > Cut-Off Discs,"Milwaukee Cut-Off Disc, Performance, 49-94-0121, Width 6 in, Pack Quantity 10",CUT-OFF DISC 6IN 10,"Milwaukee Cut-Off Disc, Performance, 49-94-0121","Milwaukee Cut-Off Disc, Performance, Model 49-94-0121, Width 6 in, Pack Quantity 10","Milwaukee Cut-Off Disc, Performance, 49-94-0121",,Width: 6 in,Pack Quantity: 10,,,,,,,,,,,,,,,,,,,,,,Cut-Off Disc,,Cut-Off Disc,Width,6,in,Pack Quantity,10,,,,,,,,,,,,,,,,,,,,,,,,,,,,,,,,,,,,,,,,,,,,,,,,,,,,,,,,,,,,,,,,,,,,,,,,,,,,,,,,,,,,,,,,,,,,,,,,,,,,,,,,,,,,,,,,,,,,,,,,,,,,,,,,,,,,,,,,,,,,,,,,,,,,,23241408,,,,,,,,,,,,,,,,,,,,,,,,,,,,,,,,,,,,,,,,,,,
,,,,,,,Abrasives,Bonded Abrasives,Cut-Off Discs,,49-94-0127,"49-94-0127 Milw 6""x.045""x7/8"" Performance+Metal Cut Off Disc",,,,,Milwaukee Accessory,Milwaukee,Milwaukee,49-94-0127,,Abrasives > Bonded Abrasives > Cut-Off Discs,"Milwaukee Cut-Off Disc, Performance+, 49-94-0127, Width 6 in",CUT-OFF DISC 6IN,"Milwaukee Cut-Off Disc, Performance+, 49-94-0127","Milwaukee Cut-Off Disc, Performance+, Model 49-94-0127, Width 6 in","Milwaukee Cut-Off Disc, Performance+, 49-94-0127",,Width: 6 in,,,,,,,,,,,,,,,,,,,,,,,Cut-Off Disc,,Cut-Off Disc,Width,6,in,,,,,,,,,,,,,,,,,,,,,,,,,,,,,,,,,,,,,,,,,,,,,,,,,,,,,,,,,,,,,,,,,,,,,,,,,,,,,,,,,,,,,,,,,,,,,,,,,,,,,,,,,,,,,,,,,,,,,,,,,,,,,,,,,,,,,,,,,,,,,,,,,,,,,,,23241408,,,,,,,,,,,,,,,,,,,,,,,,,,,,,,,,,,,,,,,,,,,
,,,,,,,Abrasives,Bonded Abrasives,Cut-Off Discs,,49-94-0137,"49-94-0137 Milw 7""x3/32""x7/8"" Performance+ Metal Cut Off Disc",,,,,Milwaukee Accessory,Milwaukee,Milwaukee,49-94-0137,,Abrasives > Bonded Abrasives > Cut-Off Discs,"Milwaukee Cut-Off Disc, Performance, 49-94-0137, Width 7 in",CUT-OFF DISC 7IN,"Milwaukee Cut-Off Disc, Performance, 49-94-0137","Milwaukee Cut-Off Disc, Performance, Model 49-94-0137, Width 7 in","Milwaukee Cut-Off Disc, Performance, 49-94-0137",,Width: 7 in,,,,,,,,,,,,,,,,,,,,,,,Cut-Off Disc,,Cut-Off Disc,Width,7,in,,,,,,,,,,,,,,,,,,,,,,,,,,,,,,,,,,,,,,,,,,,,,,,,,,,,,,,,,,,,,,,,,,,,,,,,,,,,,,,,,,,,,,,,,,,,,,,,,,,,,,,,,,,,,,,,,,,,,,,,,,,,,,,,,,,,,,,,,,,,,,,,,,,,,,,23241408,,,,,,,,,,,,,,,,,,,,,,,,,,,,,,,,,,,,,,,,,,,
,,,,,,,Abrasives,Bonded Abrasives,Cut-Off Discs,,49-94-0160,"49-94-0160 Milw 14""x7/64""x1"" Performance+ Metal Cut Off Disc",,,,,Milwaukee Accessory,Milwaukee,Milwaukee,49-94-0160,,Abrasives > Bonded Abrasives > Cut-Off Discs,"Milwaukee Cut-Off Disc, Performance, 49-94-0160, Width 14 in, Length 1 in",CUT-OFF DISC 14IN 1IN,"Milwaukee Cut-Off Disc, Performance, 49-94-0160","Milwaukee Cut-Off Disc, Performance, Model 49-94-0160, Width 14 in, Length 1 in","Milwaukee Cut-Off Disc, Performance, 49-94-0160",,Width: 14 in,Length: 1 in,,,,,,,,,,,,,,,,,,,,,,Cut-Off Disc,,Cut-Off Disc,Width,14,in,Length,1,in,,,,,,,,,,,,,,,,,,,,,,,,,,,,,,,,,,,,,,,,,,,,,,,,,,,,,,,,,,,,,,,,,,,,,,,,,,,,,,,,,,,,,,,,,,,,,,,,,,,,,,,,,,,,,,,,,,,,,,,,,,,,,,,,,,,,,,,,,,,,,,,,,,,,23241408,,,,,,,,,,,,,,,,,,,,,,,,,,,,,,,,,,,,,,,,,,,
,,,,,,,Abrasives,Bonded Abrasives,Cut-Off Discs,,49-94-0223,"49-94-0223 Milw 6""x.045""x7/8"" Ceramic+ Metal Cut Off Disc",,,,,Milwaukee Accessory,Milwaukee,Milwaukee,49-94-0223,,Abrasives > Bonded Abrasives > Cut-Off Discs,"Milwaukee Cut-Off Disc, 49-94-0223, Width 6 in, Material Ceramic",CUT-OFF DISC 6IN CERAMIC,"Milwaukee Cut-Off Disc, 49-94-0223","Milwaukee Cut-Off Disc, Model 49-94-0223, Width 6 in, Material Ceramic","Milwaukee Cut-Off Disc, 49-94-0223",,Width: 6 in,Material: Ceramic,,,,,,,,,,,,,,,,,,,,,,Cut-Off Disc,,Cut-Off Disc,Width,6,in,Material,Ceramic,,,,,,,,,,,,,,,,,,,,,,,,,,,,,,,,,,,,,,,,,,,,,,,,,,,,,,,,,,,,,,,,,,,,,,,,,,,,,,,,,,,,,,,,,,,,,,,,,,,,,,,,,,,,,,,,,,,,,,,,,,,,,,,,,,,,,,,,,,,,,,,,,,,,,23241408,,,,,,,,,,,,,,,,,,,,,,,,,,,,,,,,,,,,,,,,,,,
,,,,,,,Abrasives,Bonded Abrasives,Cut-Off Discs,,49-94-0445,"49-94-0445 Milw 10""x3/32""x5/8"" Performance+ Metal Cut Off Disc",,,,,Milwaukee Accessory,Milwaukee,Milwaukee,49-94-0445,,Abrasives > Bonded Abrasives > Cut-Off Discs,"Milwaukee Cut-Off Disc, Performance, 49-94-0445, Width 10 in",CUT-OFF DISC 10IN,"Milwaukee Cut-Off Disc, Performance, 49-94-0445","Milwaukee Cut-Off Disc, Performance, Model 49-94-0445, Width 10 in","Milwaukee Cut-Off Disc, Performance, 49-94-0445",,Width: 10 in,,,,,,,,,,,,,,,,,,,,,,,Cut-Off Disc,,Cut-Off Disc,Width,10,in,,,,,,,,,,,,,,,,,,,,,,,,,,,,,,,,,,,,,,,,,,,,,,,,,,,,,,,,,,,,,,,,,,,,,,,,,,,,,,,,,,,,,,,,,,,,,,,,,,,,,,,,,,,,,,,,,,,,,,,,,,,,,,,,,,,,,,,,,,,,,,,,,,,,,,,23241408,,,,,,,,,,,,,,,,,,,,,,,,,,,,,,,,,,,,,,,,,,,
,,,,,,,Abrasives,Bonded Abrasives,Cut-Off Discs,,49-94-0803,"49-94-0803 Milw 4-1/2""x1/8""x7/8"" Dual Metal Cut and Grind Disc",,,,,Milwaukee Accessory,Milwaukee,Milwaukee,49-94-0803,,Abrasives > Bonded Abrasives > Cut-Off Discs,"Milwaukee Cut and Grind Disc, 49-94-0803, Width 4-1/2 in",CUT AND GRIND DISC 4-1/2IN,"Milwaukee Cut and Grind Disc, 49-94-0803","Milwaukee Cut and Grind Disc, Model 49-94-0803, Width 4-1/2 in","Milwaukee Cut and Grind Disc, 49-94-0803",,Width: 4-1/2 in,,,,,,,,,,,,,,,,,,,,,,,Cut and Grind Disc,,Cut and Grind Disc,Width,4-1/2,in,,,,,,,,,,,,,,,,,,,,,,,,,,,,,,,,,,,,,,,,,,,,,,,,,,,,,,,,,,,,,,,,,,,,,,,,,,,,,,,,,,,,,,,,,,,,,,,,,,,,,,,,,,,,,,,,,,,,,,,,,,,,,,,,,,,,,,,,,,,,,,,,,,,,,,,23241408,,,,,,,,,,,,,,,,,,,,,,,,,,,,,,,,,,,,,,,,,,,
,,,,,,,Abrasives,Bonded Abrasives,Cut-Off Discs,,49-94-0903,"49-94-0903 Milw 4-1/2""x1/8""x7/8""Perform+Dual Metal Cut and Grind Disc",,,,,Milwaukee Accessory,Milwaukee,Milwaukee,49-94-0903,,Abrasives > Bonded Abrasives > Cut-Off Discs,"Milwaukee Cut and Grind Disc, Perform+, 49-94-0903, Width 4-1/2 in",CUT AND GRIND DISC 4-1/2IN,"Milwaukee Cut and Grind Disc, Perform+, 49-94-0903","Milwaukee Cut and Grind Disc, Perform+, Model 49-94-0903, Width 4-1/2 in","Milwaukee Cut and Grind Disc, Perform+, 49-94-0903",,Width: 4-1/2 in,,,,,,,,,,,,,,,,,,,,,,,Cut and Grind Disc,,Cut and Grind Disc,Width,4-1/2,in,,,,,,,,,,,,,,,,,,,,,,,,,,,,,,,,,,,,,,,,,,,,,,,,,,,,,,,,,,,,,,,,,,,,,,,,,,,,,,,,,,,,,,,,,,,,,,,,,,,,,,,,,,,,,,,,,,,,,,,,,,,,,,,,,,,,,,,,,,,,,,,,,,,,,,,23241408,,,,,,,,,,,,,,,,,,,,,,,,,,,,,,,,,,,,,,,,,,,
,,,,,,,Abrasives,Bonded Abrasives,Cut-Off Discs,,49-94-0907,"49-94-0907 Milw 4-1/2""x1/8""x5/8-11""Perform+Dual Metal Cut n Grind Disc",,,,,Milwaukee Accessory,Milwaukee,Milwaukee,49-94-0907,,Abrasives > Bonded Abrasives > Cut-Off Discs,"Milwaukee Cut and Grind Disc, Perform+, 49-94-0907, Width 4-1/2 in",CUT AND GRIND DISC 4-1/2IN,"Milwaukee Cut and Grind Disc, Perform+, 49-94-0907","Milwaukee Cut and Grind Disc, Perform+, Model 49-94-0907, Width 4-1/2 in","Milwaukee Cut and Grind Disc, Perform+, 49-94-0907",,Width: 4-1/2 in,,,,,,,,,,,,,,,,,,,,,,,Cut and Grind Disc,,Cut and Grind Disc,Width,4-1/2,in,,,,,,,,,,,,,,,,,,,,,,,,,,,,,,,,,,,,,,,,,,,,,,,,,,,,,,,,,,,,,,,,,,,,,,,,,,,,,,,,,,,,,,,,,,,,,,,,,,,,,,,,,,,,,,,,,,,,,,,,,,,,,,,,,,,,,,,,,,,,,,,,,,,,,,,23241408,,,,,,,,,,,,,,,,,,,,,,,,,,,,,,,,,,,,,,,,,,,
,,,,,,,Abrasives,Bonded Abrasives,Cut-Off Discs,,49-94-0923,"49-94-0923 Milw 6""x1/8""x7/8"" Perform+Dual Metal Cut and Grind Disc",,,,,Milwaukee Accessory,Milwaukee,Milwaukee,49-94-0923,,Abrasives > Bonded Abrasives > Cut-Off Discs,"Milwaukee Cut and Grind Disc, Perform+, 49-94-0923, Width 6 in",CUT AND GRIND DISC 6IN,"Milwaukee Cut and Grind Disc, Perform+, 49-94-0923","Milwaukee Cut and Grind Disc, Perform+, Model 49-94-0923, Width 6 in","Milwaukee Cut and Grind Disc, Perform+, 49-94-0923",,Width: 6 in,,,,,,,,,,,,,,,,,,,,,,,Cut and Grind Disc,,Cut and Grind Disc,Width,6,in,,,,,,,,,,,,,,,,,,,,,,,,,,,,,,,,,,,,,,,,,,,,,,,,,,,,,,,,,,,,,,,,,,,,,,,,,,,,,,,,,,,,,,,,,,,,,,,,,,,,,,,,,,,,,,,,,,,,,,,,,,,,,,,,,,,,,,,,,,,,,,,,,,,,,,,23241408,,,,,,,,,,,,,,,,,,,,,,,,,,,,,,,,,,,,,,,,,,,
,,,,,,,Abrasives,Bonded Abrasives,Cut-Off Discs,,49-94-1900,"49-94-1900 Milw 4""x1/8""x5/8"" Masonry Cut Off Disc",,,,,Milwaukee Accessory,Milwaukee,Milwaukee,49-94-1900,,Abrasives > Bonded Abrasives > Cut-Off Discs,"Milwaukee Cut-Off Disc, 49-94-1900, Width 4 in",CUT-OFF DISC 4IN,"Milwaukee Cut-Off Disc, 49-94-1900","Milwaukee Cut-Off Disc, Model 49-94-1900, Width 4 in","Milwaukee Cut-Off Disc, 49-94-1900",,Width: 4 in,,,,,,,,,,,,,,,,,,,,,,,Cut-Off Disc,,Cut-Off Disc,Width,4,in,,,,,,,,,,,,,,,,,,,,,,,,,,,,,,,,,,,,,,,,,,,,,,,,,,,,,,,,,,,,,,,,,,,,,,,,,,,,,,,,,,,,,,,,,,,,,,,,,,,,,,,,,,,,,,,,,,,,,,,,,,,,,,,,,,,,,,,,,,,,,,,,,,,,,,,23241408,,,,,,,,,,,,,,,,,,,,,,,,,,,,,,,,,,,,,,,,,,,
,,,,,,,Abrasives,Bonded Abrasives,Cut-Off Discs,,49-94-1905,"49-94-1905 Milw 4-1/2""x1/8""x7/8"" Masonry Cut Off Disc",,,,,Milwaukee Accessory,Milwaukee,Milwaukee,49-94-1905,,Abrasives > Bonded Abrasives > Cut-Off Discs,"Milwaukee Cut-Off Disc, 49-94-1905, Width 4-1/2 in",CUT-OFF DISC 4-1/2IN,"Milwaukee Cut-Off Disc, 49-94-1905","Milwaukee Cut-Off Disc, Model 49-94-1905, Width 4-1/2 in","Milwaukee Cut-Off Disc, 49-94-1905",,Width: 4-1/2 in,,,,,,,,,,,,,,,,,,,,,,,Cut-Off Disc,,Cut-Off Disc,Width,4-1/2,in,,,,,,,,,,,,,,,,,,,,,,,,,,,,,,,,,,,,,,,,,,,,,,,,,,,,,,,,,,,,,,,,,,,,,,,,,,,,,,,,,,,,,,,,,,,,,,,,,,,,,,,,,,,,,,,,,,,,,,,,,,,,,,,,,,,,,,,,,,,,,,,,,,,,,,,23241408,,,,,,,,,,,,,,,,,,,,,,,,,,,,,,,,,,,,,,,,,,,
,,,,,,,Abrasives,Bonded Abrasives,Cut-Off Discs,,49-94-1915,"49-94-1915 Milw 6-1/2""x1/8""x5/8"" DKO Masonry Cut Off Disc",,,,,Milwaukee Accessory,Milwaukee,Milwaukee,49-94-1915,,Abrasives > Bonded Abrasives > Cut-Off Discs,"Milwaukee Cut-Off Disc, Dko, 49-94-1915, Width 6-1/2 in",CUT-OFF DISC 6-1/2IN,"Milwaukee Cut-Off Disc, Dko, 49-94-1915","Milwaukee Cut-Off Disc, Dko, Model 49-94-1915, Width 6-1/2 in","Milwaukee Cut-Off Disc, Dko, 49-94-1915",,Width: 6-1/2 in,,,,,,,,,,,,,,,,,,,,,,,Cut-Off Disc,,Cut-Off Disc,Width,6-1/2,in,,,,,,,,,,,,,,,,,,,,,,,,,,,,,,,,,,,,,,,,,,,,,,,,,,,,,,,,,,,,,,,,,,,,,,,,,,,,,,,,,,,,,,,,,,,,,,,,,,,,,,,,,,,,,,,,,,,,,,,,,,,,,,,,,,,,,,,,,,,,,,,,,,,,,,,23241408,,,,,,,,,,,,,,,,,,,,,,,,,,,,,,,,,,,,,,,,,,,
,,,,,,,Abrasives,Bonded Abrasives,Cut-Off Discs,,49-94-1920,"49-94-1920 Milw 7""x1/8""x5/8"" DKO Masonry Cut Off Disc",,,,,Milwaukee Accessory,Milwaukee,Milwaukee,49-94-1920,,Abrasives > Bonded Abrasives > Cut-Off Discs,"Milwaukee Cut-Off Disc, Dko, 49-94-1920, Width 7 in",CUT-OFF DISC 7IN,"Milwaukee Cut-Off Disc, Dko, 49-94-1920","Milwaukee Cut-Off Disc, Dko, Model 49-94-1920, Width 7 in","Milwaukee Cut-Off Disc, Dko, 49-94-1920",,Width: 7 in,,,,,,,,,,,,,,,,,,,,,,,Cut-Off Disc,,Cut-Off Disc,Width,7,in,,,,,,,,,,,,,,,,,,,,,,,,,,,,,,,,,,,,,,,,,,,,,,,,,,,,,,,,,,,,,,,,,,,,,,,,,,,,,,,,,,,,,,,,,,,,,,,,,,,,,,,,,,,,,,,,,,,,,,,,,,,,,,,,,,,,,,,,,,,,,,,,,,,,,,,23241408,,,,,,,,,,,,,,,,,,,,,,,,,,,,,,,,,,,,,,,,,,,
,,,,,,,Abrasives,Bonded Abrasives,Cut-Off Discs,,49-94-1925,"49-94-1925 Milw 10""x1/8""x5/8"" Masonry Cut Off Disc",,,,,Milwaukee Accessory,Milwaukee,Milwaukee,49-94-1925,,Abrasives > Bonded Abrasives > Cut-Off Discs,"Milwaukee Cut-Off Disc, 49-94-1925, Width 10 in",CUT-OFF DISC 10IN,"Milwaukee Cut-Off Disc, 49-94-1925","Milwaukee Cut-Off Disc, Model 49-94-1925, Width 10 in","Milwaukee Cut-Off Disc, 49-94-1925",,Width: 10 in,,,,,,,,,,,,,,,,,,,,,,,Cut-Off Disc,,Cut-Off Disc,Width,10,in,,,,,,,,,,,,,,,,,,,,,,,,,,,,,,,,,,,,,,,,,,,,,,,,,,,,,,,,,,,,,,,,,,,,,,,,,,,,,,,,,,,,,,,,,,,,,,,,,,,,,,,,,,,,,,,,,,,,,,,,,,,,,,,,,,,,,,,,,,,,,,,,,,,,,,,23241408,,,,,,,,,,,,,,,,,,,,,,,,,,,,,,,,,,,,,,,,,,,
,,,,,,,Abrasives,Bonded Abrasives,Cut-Off Discs,,49-94-1935,"49-94-1935 Milw 12""x1/8""x1"" Masonry Cut Off Disc",,,,,Milwaukee Accessory,Milwaukee,Milwaukee,49-94-1935,,Abrasives > Bonded Abrasives > Cut-Off Discs,"Milwaukee Cut-Off Disc, 49-94-1935, Width 12 in, Length 1 in",CUT-OFF DISC 12IN 1IN,"Milwaukee Cut-Off Disc, 49-94-1935","Milwaukee Cut-Off Disc, Model 49-94-1935, Width 12 in, Length 1 in","Milwaukee Cut-Off Disc, 49-94-1935",,Width: 12 in,Length: 1 in,,,,,,,,,,,,,,,,,,,,,,Cut-Off Disc,,Cut-Off Disc,Width,12,in,Length,1,in,,,,,,,,,,,,,,,,,,,,,,,,,,,,,,,,,,,,,,,,,,,,,,,,,,,,,,,,,,,,,,,,,,,,,,,,,,,,,,,,,,,,,,,,,,,,,,,,,,,,,,,,,,,,,,,,,,,,,,,,,,,,,,,,,,,,,,,,,,,,,,,,,,,,23241408,,,,,,,,,,,,,,,,,,,,,,,,,,,,,,,,,,,,,,,,,,,
,,,,,,,Abrasives,Bonded Abrasives,Cut-Off Discs,,49-94-1940,"49-94-1940 Milw 14""x1/8""x1"" Masonry Cut Off Disc",,,,,Milwaukee Accessory,Milwaukee,Milwaukee,49-94-1940,,Abrasives > Bonded Abrasives > Cut-Off Discs,"Milwaukee Cut-Off Disc, 49-94-1940, Width 14 in, Length 1 in",CUT-OFF DISC 14IN 1IN,"Milwaukee Cut-Off Disc, 49-94-1940","Milwaukee Cut-Off Disc, Model 49-94-1940, Width 14 in, Length 1 in","Milwaukee Cut-Off Disc, 49-94-1940",,Width: 14 in,Length: 1 in,,,,,,,,,,,,,,,,,,,,,,Cut-Off Disc,,Cut-Off Disc,Width,14,in,Length,1,in,,,,,,,,,,,,,,,,,,,,,,,,,,,,,,,,,,,,,,,,,,,,,,,,,,,,,,,,,,,,,,,,,,,,,,,,,,,,,,,,,,,,,,,,,,,,,,,,,,,,,,,,,,,,,,,,,,,,,,,,,,,,,,,,,,,,,,,,,,,,,,,,,,,,23241408,,,,,,,,,,,,,,,,,,,,,,,,,,,,,,,,,,,,,,,,,,,
,,,,,,,Abrasives,Bonded Abrasives,Grinding Wheels,,49-94-0501,"49-94-0501 Milw 4""x1/4""x5/8"" Metal Grinding Wheel",,,,,Milwaukee Accessory,Milwaukee,Milwaukee,49-94-0501,,Abrasives > Bonded Abrasives > Grinding Wheels,"Milwaukee Grinding Disc, 49-94-0501, Width 4 in",GRINDING DISC 4IN,"Milwaukee Grinding Disc, 49-94-0501","Milwaukee Grinding Disc, Model 49-94-0501, Width 4 in","Milwaukee Grinding Disc, 49-94-0501",,Width: 4 in,,,,,,,,,,,,,,,,,,,,,,,Grinding Disc,,Grinding Disc,Width,4,in,,,,,,,,,,,,,,,,,,,,,,,,,,,,,,,,,,,,,,,,,,,,,,,,,,,,,,,,,,,,,,,,,,,,,,,,,,,,,,,,,,,,,,,,,,,,,,,,,,,,,,,,,,,,,,,,,,,,,,,,,,,,,,,,,,,,,,,,,,,,,,,,,,,,,,,23241401,,,,,,,,,,,,,,,,,,,,,,,,,,,,,,,,,,,,,,,,,,,
,,,,,,,Abrasives,Bonded Abrasives,Grinding Wheels,,49-94-0503,"49-94-0503 Milw 4-1/2""x1/4""x7/8"" Metal Grinding Wheel",,,,,Milwaukee Accessory,Milwaukee,Milwaukee,49-94-0503,,Abrasives > Bonded Abrasives > Grinding Wheels,"Milwaukee Grinding Disc, 49-94-0503, Width 4-1/2 in",GRINDING DISC 4-1/2IN,"Milwaukee Grinding Disc, 49-94-0503","Milwaukee Grinding Disc, Model 49-94-0503, Width 4-1/2 in","Milwaukee Grinding Disc, 49-94-0503",,Width: 4-1/2 in,,,,,,,,,,,,,,,,,,,,,,,Grinding Disc,,Grinding Disc,Width,4-1/2,in,,,,,,,,,,,,,,,,,,,,,,,,,,,,,,,,,,,,,,,,,,,,,,,,,,,,,,,,,,,,,,,,,,,,,,,,,,,,,,,,,,,,,,,,,,,,,,,,,,,,,,,,,,,,,,,,,,,,,,,,,,,,,,,,,,,,,,,,,,,,,,,,,,,,,,,23241401,,,,,,,,,,,,,,,,,,,,,,,,,,,,,,,,,,,,,,,,,,,
,,,,,,,Abrasives,Bonded Abrasives,Grinding Wheels,,49-94-0523,"49-94-0523 Milw 6""x1/4""x7/8"" Metal Grinding Wheel",,,,,Milwaukee Accessory,Milwaukee,Milwaukee,49-94-0523,,Abrasives > Bonded Abrasives > Grinding Wheels,"Milwaukee Grinding Disc, 49-94-0523, Width 6 in",GRINDING DISC 6IN,"Milwaukee Grinding Disc, 49-94-0523","Milwaukee Grinding Disc, Model 49-94-0523, Width 6 in","Milwaukee Grinding Disc, 49-94-0523",,Width: 6 in,,,,,,,,,,,,,,,,,,,,,,,Grinding Disc,,Grinding Disc,Width,6,in,,,,,,,,,,,,,,,,,,,,,,,,,,,,,,,,,,,,,,,,,,,,,,,,,,,,,,,,,,,,,,,,,,,,,,,,,,,,,,,,,,,,,,,,,,,,,,,,,,,,,,,,,,,,,,,,,,,,,,,,,,,,,,,,,,,,,,,,,,,,,,,,,,,,,,,23241401,,,,,,,,,,,,,,,,,,,,,,,,,,,,,,,,,,,,,,,,,,,
,,,,,,,Abrasives,Bonded Abrasives,Grinding Wheels,,49-94-1955,"49-94-1955 Milw 4-1/2""x1/4""x7/8"" Masonry Grinding Wheel",,,,,Milwaukee Accessory,Milwaukee,Milwaukee,49-94-1955,,Abrasives > Bonded Abrasives > Grinding Wheels,"Milwaukee Grinding Disc, 49-94-1955, Width 4-1/2 in",GRINDING DISC 4-1/2IN,"Milwaukee Grinding Disc, 49-94-1955","Milwaukee Grinding Disc, Model 49-94-1955, Width 4-1/2 in","Milwaukee Grinding Disc, 49-94-1955",,Width: 4-1/2 in,,,,,,,,,,,,,,,,,,,,,,,Grinding Disc,,Grinding Disc,Width,4-1/2,in,,,,,,,,,,,,,,,,,,,,,,,,,,,,,,,,,,,,,,,,,,,,,,,,,,,,,,,,,,,,,,,,,,,,,,,,,,,,,,,,,,,,,,,,,,,,,,,,,,,,,,,,,,,,,,,,,,,,,,,,,,,,,,,,,,,,,,,,,,,,,,,,,,,,,,,23241401,,,,,,,,,,,,,,,,,,,,,,,,,,,,,,,,,,,,,,,,,,,
,,,,,,,Abrasives,Bonded Abrasives,Grinding Wheels,,49-94-1965,"49-94-1965 Milw 7""x1/4""x7/8"" Masonry Grinding Wheel",,,,,Milwaukee Accessory,Milwaukee,Milwaukee,49-94-1965,,Abrasives > Bonded Abrasives > Grinding Wheels,"Milwaukee Grinding Disc, 49-94-1965, Width 7 in",GRINDING DISC 7IN,"Milwaukee Grinding Disc, 49-94-1965","Milwaukee Grinding Disc, Model 49-94-1965, Width 7 in","Milwaukee Grinding Disc, 49-94-1965",,Width: 7 in,,,,,,,,,,,,,,,,,,,,,,,Grinding Disc,,Grinding Disc,Width,7,in,,,,,,,,,,,,,,,,,,,,,,,,,,,,,,,,,,,,,,,,,,,,,,,,,,,,,,,,,,,,,,,,,,,,,,,,,,,,,,,,,,,,,,,,,,,,,,,,,,,,,,,,,,,,,,,,,,,,,,,,,,,,,,,,,,,,,,,,,,,,,,,,,,,,,,,23241401,,,,,,,,,,,,,,,,,,,,,,,,,,,,,,,,,,,,,,,,,,,
,,,,,,,Abrasives,Bonded Abrasives,Grinding Wheels,,49-94-0513,"49-94-0513 Milw 5""x1/4""x7/8"" Metal Grinding Wheel",,,,,Milwaukee Accessory,Milwaukee,Milwaukee,49-94-0513,,Abrasives > Bonded Abrasives > Grinding Wheels,"Milwaukee Grinding Disc, 49-94-0513, Width 5 in",GRINDING DISC 5IN,"Milwaukee Grinding Disc, 49-94-0513","Milwaukee Grinding Disc, Model 49-94-0513, Width 5 in","Milwaukee Grinding Disc, 49-94-0513",,Width: 5 in,,,,,,,,,,,,,,,,,,,,,,,Grinding Disc,,Grinding Disc,Width,5,in,,,,,,,,,,,,,,,,,,,,,,,,,,,,,,,,,,,,,,,,,,,,,,,,,,,,,,,,,,,,,,,,,,,,,,,,,,,,,,,,,,,,,,,,,,,,,,,,,,,,,,,,,,,,,,,,,,,,,,,,,,,,,,,,,,,,,,,,,,,,,,,,,,,,,,,23241401,,,,,,,,,,,,,,,,,,,,,,,,,,,,,,,,,,,,,,,,,,,
,,,,,,,Abrasives,Bonded Abrasives,Grinding Wheels,,49-94-0533,"49-94-0533 Milw 7""x1/4""x7/8"" Metal Grinding Wheel",,,,,Milwaukee Accessory,Milwaukee,Milwaukee,49-94-0533,,Abrasives > Bonded Abrasives > Grinding Wheels,"Milwaukee Grinding Disc, 49-94-0533, Width 7 in",GRINDING DISC 7IN,"Milwaukee Grinding Disc, 49-94-0533","Milwaukee Grinding Disc, Model 49-94-0533, Width 7 in","Milwaukee Grinding Disc, 49-94-0533",,Width: 7 in,,,,,,,,,,,,,,,,,,,,,,,Grinding Disc,,Grinding Disc,Width,7,in,,,,,,,,,,,,,,,,,,,,,,,,,,,,,,,,,,,,,,,,,,,,,,,,,,,,,,,,,,,,,,,,,,,,,,,,,,,,,,,,,,,,,,,,,,,,,,,,,,,,,,,,,,,,,,,,,,,,,,,,,,,,,,,,,,,,,,,,,,,,,,,,,,,,,,,23241401,,,,,,,,,,,,,,,,,,,,,,,,,,,,,,,,,,,,,,,,,,,
,,,,,,,Abrasives,Coated Abrasives,Sanding Sponges,,DFBLBLOMFN01G,DFBLBLOMFN01G Diablo 220 Grit - Flat Edge Sanding Sponge,,,,,Freud Inc,Diablo,Diablo,DFBLBLOMFN01G,,Abrasives > Coated Abrasives > Sanding Sponges,"Diablo Sanding Sponge, DFBLBLOMFN01G, Grit 220 Grit",SANDING SPONGE 220 GRIT,"Diablo Sanding Sponge, DFBLBLOMFN01G","Diablo Sanding Sponge, Model DFBLBLOMFN01G, Grit 220 Grit","Diablo Sanding Sponge, DFBLBLOMFN01G",,Grit: 220 Grit,,,,,,,,,,,,,,,,,,,,,,,Sanding Sponge,,Sanding Sponge,Grit,220 Grit,,,,,,,,,,,,,,,,,,,,,,,,,,,,,,,,,,,,,,,,,,,,,,,,,,,,,,,,,,,,,,,,,,,,,,,,,,,,,,,,,,,,,,,,,,,,,,,,,,,,,,,,,,,,,,,,,,,,,,,,,,,,,,,,,,,,,,,,,,,,,,,,,,,,,,,,23241407,,,,,,,,,,,,,,,,,,,,,,,,,,,,,,,,,,,,,,,,,,,
,,,,,,,Electrical,Tape,Electrical Tape,,1700-1PK-BB40,3/4x60' Vinyl Elect Tape,,,,,3 M Co,,,1700-1PK-BB40,,Electrical > Tape > Electrical Tape,"Electrical Tape, 1700-1PK-BB40, Board Size 3/4x60",ELECTRICAL TAPE 3/4X60,"Electrical Tape, 1700-1PK-BB40","Electrical Tape, Model 1700-1PK-BB40, Board Size 3/4x60","Electrical Tape, 1700-1PK-BB40",,Board Size: 3/4x60,,,,,,,,,,,,,,,,,,,,,,,Electrical Tape,,Electrical Tape,Board Size,3/4x60,,,,,,,,,,,,,,,,,,,,,,,,,,,,,,,,,,,,,,,,,,,,,,,,,,,,,,,,,,,,,,,,,,,,,,,,,,,,,,,,,,,,,,,,,,,,,,,,,,,,,,,,,,,,,,,,,,,,,,,,,,,,,,,,,,,,,,,,,,,,,,,,,,,,,,,,31201503,,,,,,,,,,,,,,,,,,,,,,,,,,,,,,,,,,,,,,,,,,,
,,,,,,,Building Materials,Adhesives,Tape,,ASH-40-40-04,1.5x1.5x13' Legacy Emseal Tape,,,,,Emseal Joint Systems Ltd,,,ASH-40-40-04,,Building Materials > Adhesives > Tape,"Tape, ASH-40-40-04, Board Size 5x1",TAPE 5X1,"Tape, ASH-40-40-04","Tape, Model ASH-40-40-04, Board Size 5x1","Tape, ASH-40-40-04",,Board Size: 5x1,,,,,,,,,,,,,,,,,,,,,,,Tape,,Tape,Board Size,5x1,,,,,,,,,,,,,,,,,,,,,,,,,,,,,,,,,,,,,,,,,,,,,,,,,,,,,,,,,,,,,,,,,,,,,,,,,,,,,,,,,,,,,,,,,,,,,,,,,,,,,,,,,,,,,,,,,,,,,,,,,,,,,,,,,,,,,,,,,,,,,,,,,,,,,,,,31201503,,,,,,,,,,,,,,,,,,,,,,,,,,,,,,,,,,,,,,,,,,,
,,,,,,,Fasteners,Threaded Fasteners,Washers,,KDFM404KPS,KDFM404KPS Dishwasher SS,,,,,Appliance Dealers Cooperative,,,KDFM404KPS,,Fasteners > Threaded Fasteners > Washers,"Washer, KDFM404KPS, Material Stainless Steel",WASHER STAINLESS STEEL,"Washer, KDFM404KPS","Washer, Model KDFM404KPS, Material Stainless Steel","Washer, KDFM404KPS",,Material: Stainless Steel,,,,,,,,,,,,,,,,,,,,,,,Washer,,Washer,Material,Stainless Steel,,,,,,,,,,,,,,,,,,,,,,,,,,,,,,,,,,,,,,,,,,,,,,,,,,,,,,,,,,,,,,,,,,,,,,,,,,,,,,,,,,,,,,,,,,,,,,,,,,,,,,,,,,,,,,,,,,,,,,,,,,,,,,,,,,,,,,,,,,,,,,,,,,,,,,,,31171504,,,,,,,,,,,,,,,,,,,,,,,,,,,,,,,,,,,,,,,,,,,
,,,,,,,Fasteners,Threaded Fasteners,Washers,,PDSH4816AF,PDSH4816AF Dishwasher SS - Display Only,,,,,Appliance Dealers Cooperative,,,PDSH4816AF,,Fasteners > Threaded Fasteners > Washers,"Washer, PDSH4816AF, Material Stainless Steel",WASHER STAINLESS STEEL,"Washer, PDSH4816AF","Washer, Model PDSH4816AF, Material Stainless Steel","Washer, PDSH4816AF",,Material: Stainless Steel,,,,,,,,,,,,,,,,,,,,,,,Washer,,Washer,Material,Stainless Steel,,,,,,,,,,,,,,,,,,,,,,,,,,,,,,,,,,,,,,,,,,,,,,,,,,,,,,,,,,,,,,,,,,,,,,,,,,,,,,,,,,,,,,,,,,,,,,,,,,,,,,,,,,,,,,,,,,,,,,,,,,,,,,,,,,,,,,,,,,,,,,,,,,,,,,,,31171504,,,,,,,,,,,,,,,,,,,,,,,,,,,,,,,,,,,,,,,,,,,
,,,,,,,Fasteners,Threaded Fasteners,Washers,,PDT715SYVFS,PDT715SYVFS Ge Dishwasher SS,,,,,Appliance Dealers Cooperative,,,PDT715SYVFS,,Fasteners > Threaded Fasteners > Washers,"Washer, PDT715SYVFS, Material Stainless Steel",WASHER STAINLESS STEEL,"Washer, PDT715SYVFS","Washer, Model PDT715SYVFS, Material Stainless Steel","Washer, PDT715SYVFS",,Material: Stainless Steel,,,,,,,,,,,,,,,,,,,,,,,Washer,,Washer,Material,Stainless Steel,,,,,,,,,,,,,,,,,,,,,,,,,,,,,,,,,,,,,,,,,,,,,,,,,,,,,,,,,,,,,,,,,,,,,,,,,,,,,,,,,,,,,,,,,,,,,,,,,,,,,,,,,,,,,,,,,,,,,,,,,,,,,,,,,,,,,,,,,,,,,,,,,,,,,,,,31171504,,,,,,,,,,,,,,,,,,,,,,,,,,,,,,,,,,,,,,,,,,,
,,,,,,,Fasteners,Threaded Fasteners,Washers,,LDPH5554D,LDPH5554D LG Dishwasher BSS,,,,,Appliance Dealers Cooperative,,,LDPH5554D,,Fasteners > Threaded Fasteners > Washers,"Washer, LDPH5554D, Sound Level 54 dBA",WASHER 54DBA,"Washer, LDPH5554D","Washer, Model LDPH5554D, Sound Level 54 dBA","Washer, LDPH5554D",,Sound Level: 54 dBA,,,,,,,,,,,,,,,,,,,,,,,Washer,,Washer,Sound Level,54,dBA,,,,,,,,,,,,,,,,,,,,,,,,,,,,,,,,,,,,,,,,,,,,,,,,,,,,,,,,,,,,,,,,,,,,,,,,,,,,,,,,,,,,,,,,,,,,,,,,,,,,,,,,,,,,,,,,,,,,,,,,,,,,,,,,,,,,,,,,,,,,,,,,,,,,,,,31171504,,,,,,,,,,,,,,,,,,,,,,,,,,,,,,,,,,,,,,,,,,,
,,,,,,,Fasteners,Threaded Fasteners,Washers,,WDTS7024RZ,WDTS7024RZ Dishwasher SS - Display Only,,,,,Appliance Dealers Cooperative,,,WDTS7024RZ,,Fasteners > Threaded Fasteners > Washers,"Washer, WDTS7024RZ, Material Stainless Steel",WASHER STAINLESS STEEL,"Washer, WDTS7024RZ","Washer, Model WDTS7024RZ, Material Stainless Steel","Washer, WDTS7024RZ",,Material: Stainless Steel,,,,,,,,,,,,,,,,,,,,,,,Washer,,Washer,Material,Stainless Steel,,,,,,,,,,,,,,,,,,,,,,,,,,,,,,,,,,,,,,,,,,,,,,,,,,,,,,,,,,,,,,,,,,,,,,,,,,,,,,,,,,,,,,,,,,,,,,,,,,,,,,,,,,,,,,,,,,,,,,,,,,,,,,,,,,,,,,,,,,,,,,,,,,,,,,,,31171504,,,,,,,,,,,,,,,,,,,,,,,,,,,,,,,,,,,,,,,,,,,
,,,,,,,Fasteners,Threaded Fasteners,Washers,,PDD415PYYFS,PDD415PYYFS GE Dishwasher SS,,,,,Appliance Dealers Cooperative,,,PDD415PYYFS,,Fasteners > Threaded Fasteners > Washers,"Washer, PDD415PYYFS, Material Stainless Steel",WASHER STAINLESS STEEL,"Washer, PDD415PYYFS","Washer, Model PDD415PYYFS, Material Stainless Steel","Washer, PDD415PYYFS",,Material: Stainless Steel,,,,,,,,,,,,,,,,,,,,,,,Washer,,Washer,Material,Stainless Steel,,,,,,,,,,,,,,,,,,,,,,,,,,,,,,,,,,,,,,,,,,,,,,,,,,,,,,,,,,,,,,,,,,,,,,,,,,,,,,,,,,,,,,,,,,,,,,,,,,,,,,,,,,,,,,,,,,,,,,,,,,,,,,,,,,,,,,,,,,,,,,,,,,,,,,,,31171504,,,,,,,,,,,,,,,,,,,,,,,,,,,,,,,,,,,,,,,,,,,
,,,,,,,Fasteners,Threaded Fasteners,Washers,,KDTS424SBE,KDTS424SBE Kitchen Aid Dishwasher Bk,,,,,Appliance Dealers Cooperative,,,KDTS424SBE,,Fasteners > Threaded Fasteners > Washers,"Washer, KDTS424SBE",WASHER,"Washer, KDTS424SBE","Washer, Model KDTS424SBE","Washer, KDTS424SBE",,,,,,,,,,,,,,,,,,,,,,,,,Washer,,Washer,,,,,,,,,,,,,,,,,,,,,,,,,,,,,,,,,,,,,,,,,,,,,,,,,,,,,,,,,,,,,,,,,,,,,,,,,,,,,,,,,,,,,,,,,,,,,,,,,,,,,,,,,,,,,,,,,,,,,,,,,,,,,,,,,,,,,,,,,,,,,,,,,,,,,,,,,,31171504,,,,,,,,,,,,,,,,,,,,,,,,,,,,,,,,,,,,,,,,,,,
,,,,,,,Fasteners,Threaded Fasteners,Washers,,KDTS324SPS,KDTS324SPS Kitchen Aid Dishwasher SS,,,,,Appliance Dealers Cooperative,,,KDTS324SPS,,Fasteners > Threaded Fasteners > Washers,"Washer, KDTS324SPS, Material Stainless Steel",WASHER STAINLESS STEEL,"Washer, KDTS324SPS","Washer, Model KDTS324SPS, Material Stainless Steel","Washer, KDTS324SPS",,Material: Stainless Steel,,,,,,,,,,,,,,,,,,,,,,,Washer,,Washer,Material,Stainless Steel,,,,,,,,,,,,,,,,,,,,,,,,,,,,,,,,,,,,,,,,,,,,,,,,,,,,,,,,,,,,,,,,,,,,,,,,,,,,,,,,,,,,,,,,,,,,,,,,,,,,,,,,,,,,,,,,,,,,,,,,,,,,,,,,,,,,,,,,,,,,,,,,,,,,,,,,31171504,,,,,,,,,,,,,,,,,,,,,,,,,,,,,,,,,,,,,,,,,,,
,,,,,,,Fasteners,Threaded Fasteners,Washers,,KDPS624SJP,KDPS624SJP Dishwasher Juniper - Display Only,,,,,Appliance Dealers Cooperative,,,KDPS624SJP,,Fasteners > Threaded Fasteners > Washers,"Washer, KDPS624SJP",WASHER,"Washer, KDPS624SJP","Washer, Model KDPS624SJP","Washer, KDPS624SJP",,,,,,,,,,,,,,,,,,,,,,,,,Washer,,Washer,,,,,,,,,,,,,,,,,,,,,,,,,,,,,,,,,,,,,,,,,,,,,,,,,,,,,,,,,,,,,,,,,,,,,,,,,,,,,,,,,,,,,,,,,,,,,,,,,,,,,,,,,,,,,,,,,,,,,,,,,,,,,,,,,,,,,,,,,,,,,,,,,,,,,,,,,,31171504,,,,,,,,,,,,,,,,,,,,,,,,,,,,,,,,,,,,,,,,,,,
,,,,,,,Fasteners,Threaded Fasteners,Washers,,KDTS624SBE,KDTS624SBE Dishwasher BO Display Only,,,,,Appliance Dealers Cooperative,,,KDTS624SBE,,Fasteners > Threaded Fasteners > Washers,"Washer, KDTS624SBE",WASHER,"Washer, KDTS624SBE","Washer, Model KDTS624SBE","Washer, KDTS624SBE",,,,,,,,,,,,,,,,,,,,,,,,,Washer,,Washer,,,,,,,,,,,,,,,,,,,,,,,,,,,,,,,,,,,,,,,,,,,,,,,,,,,,,,,,,,,,,,,,,,,,,,,,,,,,,,,,,,,,,,,,,,,,,,,,,,,,,,,,,,,,,,,,,,,,,,,,,,,,,,,,,,,,,,,,,,,,,,,,,,,,,,,,,,31171504,,,,,,,,,,,,,,,,,,,,,,,,,,,,,,,,,,,,,,,,,,,
,,,,,,,HVAC,Heating,Heaters,,D519127,D519127 Heater Kit,,,,,V & V Appliance Parts Inc,,,D519127,,HVAC > Heating > Heaters,"Heater, D519127",HEATER,"Heater, D519127","Heater, Model D519127","Heater, D519127",,,,,,,,,,,,,,,,,,,,,,,,,Heater,,Heater,,,,,,,,,,,,,,,,,,,,,,,,,,,,,,,,,,,,,,,,,,,,,,,,,,,,,,,,,,,,,,,,,,,,,,,,,,,,,,,,,,,,,,,,,,,,,,,,,,,,,,,,,,,,,,,,,,,,,,,,,,,,,,,,,,,,,,,,,,,,,,,,,,,,,,,,,,40101700,,,,,,,,,,,,,,,,,,,,,,,,,,,,,,,,,,,,,,,,,,,
,,,,,,,Appliances,Large Appliances,Washers & Dryers,,DF7004WE,DF7004WE Speed Queen Elect Dryer Wh,,,,,Appliance Dealers Cooperative,,,DF7004WE,,Appliances > Large Appliances > Washers & Dryers,"Washer/Dryer, DF7004WE",WASHER/DRYER,"Washer/Dryer, DF7004WE","Washer/Dryer, Model DF7004WE","Washer/Dryer, DF7004WE",,,,,,,,,,,,,,,,,,,,,,,,,Washer/Dryer,,Washer/Dryer,,,,,,,,,,,,,,,,,,,,,,,,,,,,,,,,,,,,,,,,,,,,,,,,,,,,,,,,,,,,,,,,,,,,,,,,,,,,,,,,,,,,,,,,,,,,,,,,,,,,,,,,,,,,,,,,,,,,,,,,,,,,,,,,,,,,,,,,,,,,,,,,,,,,,,,,,,52101501,,,,,,,,,,,,,,,,,,,,,,,,,,,,,,,,,,,,,,,,,,,
,,,,,,,Appliances,Large Appliances,Washers & Dryers,,DR7004BE,DR7004BE SQ Elect Dryer Bk,,,,,Appliance Dealers Cooperative,,,DR7004BE,,Appliances > Large Appliances > Washers & Dryers,"Washer/Dryer, DR7004BE",WASHER/DRYER,"Washer/Dryer, DR7004BE","Washer/Dryer, Model DR7004BE","Washer/Dryer, DR7004BE",,,,,,,,,,,,,,,,,,,,,,,,,Washer/Dryer,,Washer/Dryer,,,,,,,,,,,,,,,,,,,,,,,,,,,,,,,,,,,,,,,,,,,,,,,,,,,,,,,,,,,,,,,,,,,,,,,,,,,,,,,,,,,,,,,,,,,,,,,,,,,,,,,,,,,,,,,,,,,,,,,,,,,,,,,,,,,,,,,,,,,,,,,,,,,,,,,,,,52101501,,,,,,,,,,,,,,,,,,,,,,,,,,,,,,,,,,,,,,,,,,,
,,,,,,,Appliances,Large Appliances,Washers & Dryers,,DV2000WE,DV2000WE SQ Elect Dryer Wh,,,,,Appliance Dealers Cooperative,,,DV2000WE,,Appliances > Large Appliances > Washers & Dryers,"Washer/Dryer, DV2000WE",WASHER/DRYER,"Washer/Dryer, DV2000WE","Washer/Dryer, Model DV2000WE","Washer/Dryer, DV2000WE",,,,,,,,,,,,,,,,,,,,,,,,,Washer/Dryer,,Washer/Dryer,,,,,,,,,,,,,,,,,,,,,,,,,,,,,,,,,,,,,,,,,,,,,,,,,,,,,,,,,,,,,,,,,,,,,,,,,,,,,,,,,,,,,,,,,,,,,,,,,,,,,,,,,,,,,,,,,,,,,,,,,,,,,,,,,,,,,,,,,,,,,,,,,,,,,,,,,,52101501,,,,,,,,,,,,,,,,,,,,,,,,,,,,,,,,,,,,,,,,,,,
,,,,,,,Appliances,Large Appliances,Washers & Dryers,,DC5004WE,DC5004WE SQ Elect Dryer Wh,,,,,Appliance Dealers Cooperative,,,DC5004WE,,Appliances > Large Appliances > Washers & Dryers,"Washer/Dryer, DC5004WE",WASHER/DRYER,"Washer/Dryer, DC5004WE","Washer/Dryer, Model DC5004WE","Washer/Dryer, DC5004WE",,,,,,,,,,,,,,,,,,,,,,,,,Washer/Dryer,,Washer/Dryer,,,,,,,,,,,,,,,,,,,,,,,,,,,,,,,,,,,,,,,,,,,,,,,,,,,,,,,,,,,,,,,,,,,,,,,,,,,,,,,,,,,,,,,,,,,,,,,,,,,,,,,,,,,,,,,,,,,,,,,,,,,,,,,,,,,,,,,,,,,,,,,,,,,,,,,,,,52101501,,,,,,,,,,,,,,,,,,,,,,,,,,,,,,,,,,,,,,,,,,,
,,,,,,,Appliances,Large Appliances,Washers & Dryers,,DC5004BE,DC5004BE SQ Elect Dryer Bk,,,,,Appliance Dealers Cooperative,,,DC5004BE,,Appliances > Large Appliances > Washers & Dryers,"Washer/Dryer, DC5004BE",WASHER/DRYER,"Washer/Dryer, DC5004BE","Washer/Dryer, Model DC5004BE","Washer/Dryer, DC5004BE",,,,,,,,,,,,,,,,,,,,,,,,,Washer/Dryer,,Washer/Dryer,,,,,,,,,,,,,,,,,,,,,,,,,,,,,,,,,,,,,,,,,,,,,,,,,,,,,,,,,,,,,,,,,,,,,,,,,,,,,,,,,,,,,,,,,,,,,,,,,,,,,,,,,,,,,,,,,,,,,,,,,,,,,,,,,,,,,,,,,,,,,,,,,,,,,,,,,,52101501,,,,,,,,,,,,,,,,,,,,,,,,,,,,,,,,,,,,,,,,,,,
,,,,,,,Appliances,Large Appliances,Washers & Dryers,,WKE100HWA,WKE100HWA LG Laundry Center Wh - Display,,,,,Appliance Dealers Cooperative,,,WKE100HWA,,Appliances > Large Appliances > Washers & Dryers,"Laundry Center, WKE100HWA",LAUNDRY CENTER,"Laundry Center, WKE100HWA","Laundry Center, Model WKE100HWA","Laundry Center, WKE100HWA",,,,,,,,,,,,,,,,,,,,,,,,,Laundry Center,,Laundry Center,,,,,,,,,,,,,,,,,,,,,,,,,,,,,,,,,,,,,,,,,,,,,,,,,,,,,,,,,,,,,,,,,,,,,,,,,,,,,,,,,,,,,,,,,,,,,,,,,,,,,,,,,,,,,,,,,,,,,,,,,,,,,,,,,,,,,,,,,,,,,,,,,,,,,,,,,,52101501,,,,,,,,,,,,,,,,,,,,,,,,,,,,,,,,,,,,,,,,,,,
,,,,,,,Fasteners,Threaded Fasteners,Washers,,FF7011WN,FF7011WN Speed Queen Washer Wh,,,,,Appliance Dealers Cooperative,,,FF7011WN,,Fasteners > Threaded Fasteners > Washers,"Washer, FF7011WN",WASHER,"Washer, FF7011WN","Washer, Model FF7011WN","Washer, FF7011WN",,,,,,,,,,,,,,,,,,,,,,,,,Washer,,Washer,,,,,,,,,,,,,,,,,,,,,,,,,,,,,,,,,,,,,,,,,,,,,,,,,,,,,,,,,,,,,,,,,,,,,,,,,,,,,,,,,,,,,,,,,,,,,,,,,,,,,,,,,,,,,,,,,,,,,,,,,,,,,,,,,,,,,,,,,,,,,,,,,,,,,,,,,,31171504,,,,,,,,,,,,,,,,,,,,,,,,,,,,,,,,,,,,,,,,,,,
,,,,,,,Appliances,Large Appliances,Washers & Dryers,,PTD70GBPTDG,PTD70GBPTDG GE Gas Dryer DG,,,,,Appliance Dealers Cooperative,,,PTD70GBPTDG,,Appliances > Large Appliances > Washers & Dryers,"Washer/Dryer, PTD70GBPTDG",WASHER/DRYER,"Washer/Dryer, PTD70GBPTDG","Washer/Dryer, Model PTD70GBPTDG","Washer/Dryer, PTD70GBPTDG",,,,,,,,,,,,,,,,,,,,,,,,,Washer/Dryer,,Washer/Dryer,,,,,,,,,,,,,,,,,,,,,,,,,,,,,,,,,,,,,,,,,,,,,,,,,,,,,,,,,,,,,,,,,,,,,,,,,,,,,,,,,,,,,,,,,,,,,,,,,,,,,,,,,,,,,,,,,,,,,,,,,,,,,,,,,,,,,,,,,,,,,,,,,,,,,,,,,,52101501,,,,,,,,,,,,,,,,,,,,,,,,,,,,,,,,,,,,,,,,,,,
,,,,,,,Appliances,Large Appliances,Washers & Dryers,,PTD70GBSTWS,PTD70GBSTWS GE Gas Dryer Wh,,,,,Appliance Dealers Cooperative,,,PTD70GBSTWS,,Appliances > Large Appliances > Washers & Dryers,"Washer/Dryer, PTD70GBSTWS",WASHER/DRYER,"Washer/Dryer, PTD70GBSTWS","Washer/Dryer, Model PTD70GBSTWS","Washer/Dryer, PTD70GBSTWS",,,,,,,,,,,,,,,,,,,,,,,,,Washer/Dryer,,Washer/Dryer,,,,,,,,,,,,,,,,,,,,,,,,,,,,,,,,,,,,,,,,,,,,,,,,,,,,,,,,,,,,,,,,,,,,,,,,,,,,,,,,,,,,,,,,,,,,,,,,,,,,,,,,,,,,,,,,,,,,,,,,,,,,,,,,,,,,,,,,,,,,,,,,,,,,,,,,,,52101501,,,,,,,,,,,,,,,,,,,,,,,,,,,,,,,,,,,,,,,,,,,
,,,,,,,Appliances,Large Appliances,Washers & Dryers,,DR5004WG,DR5004WG SQ Gas Dryer Wh,,,,,Appliance Dealers Cooperative,,,DR5004WG,,Appliances > Large Appliances > Washers & Dryers,"Washer/Dryer, DR5004WG",WASHER/DRYER,"Washer/Dryer, DR5004WG","Washer/Dryer, Model DR5004WG","Washer/Dryer, DR5004WG",,,,,,,,,,,,,,,,,,,,,,,,,Washer/Dryer,,Washer/Dryer,,,,,,,,,,,,,,,,,,,,,,,,,,,,,,,,,,,,,,,,,,,,,,,,,,,,,,,,,,,,,,,,,,,,,,,,,,,,,,,,,,,,,,,,,,,,,,,,,,,,,,,,,,,,,,,,,,,,,,,,,,,,,,,,,,,,,,,,,,,,,,,,,,,,,,,,,,52101501,,,,,,,,,,,,,,,,,,,,,,,,,,,,,,,,,,,,,,,,,,,
,,,,,,,Appliances,Large Appliances,Washers & Dryers,,DR7004BG,DR7004BG SQ Gas Dryer Bk,,,,,Appliance Dealers Cooperative,,,DR7004BG,,Appliances > Large Appliances > Washers & Dryers,"Washer/Dryer, DR7004BG",WASHER/DRYER,"Washer/Dryer, DR7004BG","Washer/Dryer, Model DR7004BG","Washer/Dryer, DR7004BG",,,,,,,,,,,,,,,,,,,,,,,,,Washer/Dryer,,Washer/Dryer,,,,,,,,,,,,,,,,,,,,,,,,,,,,,,,,,,,,,,,,,,,,,,,,,,,,,,,,,,,,,,,,,,,,,,,,,,,,,,,,,,,,,,,,,,,,,,,,,,,,,,,,,,,,,,,,,,,,,,,,,,,,,,,,,,,,,,,,,,,,,,,,,,,,,,,,,,52101501,,,,,,,,,,,,,,,,,,,,,,,,,,,,,,,,,,,,,,,,,,,
,,,,,,,Appliances,Large Appliances,Washers & Dryers,,DR7004WG,DR7004WG SQ Gas Dryer Wh,,,,,Appliance Dealers Cooperative,,,DR7004WG,,Appliances > Large Appliances > Washers & Dryers,"Washer/Dryer, DR7004WG",WASHER/DRYER,"Washer/Dryer, DR7004WG","Washer/Dryer, Model DR7004WG","Washer/Dryer, DR7004WG",,,,,,,,,,,,,,,,,,,,,,,,,Washer/Dryer,,Washer/Dryer,,,,,,,,,,,,,,,,,,,,,,,,,,,,,,,,,,,,,,,,,,,,,,,,,,,,,,,,,,,,,,,,,,,,,,,,,,,,,,,,,,,,,,,,,,,,,,,,,,,,,,,,,,,,,,,,,,,,,,,,,,,,,,,,,,,,,,,,,,,,,,,,,,,,,,,,,,52101501,,,,,,,,,,,,,,,,,,,,,,,,,,,,,,,,,,,,,,,,,,,
,,,,,,,Appliances,Large Appliances,Washers & Dryers,,DV2000WG,DV2000WG SQ Gas Dryer Wh,,,,,Appliance Dealers Cooperative,,,DV2000WG,,Appliances > Large Appliances > Washers & Dryers,"Washer/Dryer, DV2000WG",WASHER/DRYER,"Washer/Dryer, DV2000WG","Washer/Dryer, Model DV2000WG","Washer/Dryer, DV2000WG",,,,,,,,,,,,,,,,,,,,,,,,,Washer/Dryer,,Washer/Dryer,,,,,,,,,,,,,,,,,,,,,,,,,,,,,,,,,,,,,,,,,,,,,,,,,,,,,,,,,,,,,,,,,,,,,,,,,,,,,,,,,,,,,,,,,,,,,,,,,,,,,,,,,,,,,,,,,,,,,,,,,,,,,,,,,,,,,,,,,,,,,,,,,,,,,,,,,,52101501,,,,,,,,,,,,,,,,,,,,,,,,,,,,,,,,,,,,,,,,,,,
,,,,,,,Appliances,Large Appliances,Washers & Dryers,,DC5004WG,DC5004WG SQ Gas Dryer Wh,,,,,Appliance Dealers Cooperative,,,DC5004WG,,Appliances > Large Appliances > Washers & Dryers,"Washer/Dryer, DC5004WG",WASHER/DRYER,"Washer/Dryer, DC5004WG","Washer/Dryer, Model DC5004WG","Washer/Dryer, DC5004WG",,,,,,,,,,,,,,,,,,,,,,,,,Washer/Dryer,,Washer/Dryer,,,,,,,,,,,,,,,,,,,,,,,,,,,,,,,,,,,,,,,,,,,,,,,,,,,,,,,,,,,,,,,,,,,,,,,,,,,,,,,,,,,,,,,,,,,,,,,,,,,,,,,,,,,,,,,,,,,,,,,,,,,,,,,,,,,,,,,,,,,,,,,,,,,,,,,,,,52101501,,,,,,,,,,,,,,,,,,,,,,,,,,,,,,,,,,,,,,,,,,,
,,,,,,,Appliances,Large Appliances,Washers & Dryers,,DC5004BG,DC5004BG SQ Gas Dryer Bk,,,,,Appliance Dealers Cooperative,,,DC5004BG,,Appliances > Large Appliances > Washers & Dryers,"Washer/Dryer, DC5004BG",WASHER/DRYER,"Washer/Dryer, DC5004BG","Washer/Dryer, Model DC5004BG","Washer/Dryer, DC5004BG",,,,,,,,,,,,,,,,,,,,,,,,,Washer/Dryer,,Washer/Dryer,,,,,,,,,,,,,,,,,,,,,,,,,,,,,,,,,,,,,,,,,,,,,,,,,,,,,,,,,,,,,,,,,,,,,,,,,,,,,,,,,,,,,,,,,,,,,,,,,,,,,,,,,,,,,,,,,,,,,,,,,,,,,,,,,,,,,,,,,,,,,,,,,,,,,,,,,,52101501,,,,,,,,,,,,,,,,,,,,,,,,,,,,,,,,,,,,,,,,,,,
,,,,,,,Fasteners,Threaded Fasteners,Washers,,PTW705BSTWS,PTW705BSTWS GE Washer Wh,,,,,Appliance Dealers Cooperative,,,PTW705BSTWS,,Fasteners > Threaded Fasteners > Washers,"Washer, PTW705BSTWS",WASHER,"Washer, PTW705BSTWS","Washer, Model PTW705BSTWS","Washer, PTW705BSTWS",,,,,,,,,,,,,,,,,,,,,,,,,Washer,,Washer,,,,,,,,,,,,,,,,,,,,,,,,,,,,,,,,,,,,,,,,,,,,,,,,,,,,,,,,,,,,,,,,,,,,,,,,,,,,,,,,,,,,,,,,,,,,,,,,,,,,,,,,,,,,,,,,,,,,,,,,,,,,,,,,,,,,,,,,,,,,,,,,,,,,,,,,,,31171504,,,,,,,,,,,,,,,,,,,,,,,,,,,,,,,,,,,,,,,,,,,
,,,,,,,Fasteners,Threaded Fasteners,Washers,,MVWP586GW,MVWP586GW Washer Wh - Display,,,,,Appliance Dealers Cooperative,,,MVWP586GW,,Fasteners > Threaded Fasteners > Washers,"Washer, MVWP586GW",WASHER,"Washer, MVWP586GW","Washer, Model MVWP586GW","Washer, MVWP586GW",,,,,,,,,,,,,,,,,,,,,,,,,Washer,,Washer,,,,,,,,,,,,,,,,,,,,,,,,,,,,,,,,,,,,,,,,,,,,,,,,,,,,,,,,,,,,,,,,,,,,,,,,,,,,,,,,,,,,,,,,,,,,,,,,,,,,,,,,,,,,,,,,,,,,,,,,,,,,,,,,,,,,,,,,,,,,,,,,,,,,,,,,,,31171504,,,,,,,,,,,,,,,,,,,,,,,,,,,,,,,,,,,,,,,,,,,
,,,,,,,Fasteners,Threaded Fasteners,Washers,,TV2000WN,TV2000WN SQ Elect Washer,,,,,Appliance Dealers Cooperative,,,TV2000WN,,Fasteners > Threaded Fasteners > Washers,"Washer, TV2000WN",WASHER,"Washer, TV2000WN","Washer, Model TV2000WN","Washer, TV2000WN",,,,,,,,,,,,,,,,,,,,,,,,,Washer,,Washer,,,,,,,,,,,,,,,,,,,,,,,,,,,,,,,,,,,,,,,,,,,,,,,,,,,,,,,,,,,,,,,,,,,,,,,,,,,,,,,,,,,,,,,,,,,,,,,,,,,,,,,,,,,,,,,,,,,,,,,,,,,,,,,,,,,,,,,,,,,,,,,,,,,,,,,,,,31171504,,,,,,,,,,,,,,,,,,,,,,,,,,,,,,,,,,,,,,,,,,,
,,,,,,,Fasteners,Threaded Fasteners,Washers,,TC5003BN,TC5003BN SQ Washer Bk,,,,,Appliance Dealers Cooperative,,,TC5003BN,,Fasteners > Threaded Fasteners > Washers,"Washer, TC5003BN",WASHER,"Washer, TC5003BN","Washer, Model TC5003BN","Washer, TC5003BN",,,,,,,,,,,,,,,,,,,,,,,,,Washer,,Washer,,,,,,,,,,,,,,,,,,,,,,,,,,,,,,,,,,,,,,,,,,,,,,,,,,,,,,,,,,,,,,,,,,,,,,,,,,,,,,,,,,,,,,,,,,,,,,,,,,,,,,,,,,,,,,,,,,,,,,,,,,,,,,,,,,,,,,,,,,,,,,,,,,,,,,,,,,31171504,,,,,,,,,,,,,,,,,,,,,,,,,,,,,,,,,,,,,,,,,,,
,,,,,,,Fasteners,Threaded Fasteners,Washers,,TR7006WN,TR7006WN Speed Queen Washer Wh,,,,,Appliance Dealers Cooperative,,,TR7006WN,,Fasteners > Threaded Fasteners > Washers,"Washer, TR7006WN",WASHER,"Washer, TR7006WN","Washer, Model TR7006WN","Washer, TR7006WN",,,,,,,,,,,,,,,,,,,,,,,,,Washer,,Washer,,,,,,,,,,,,,,,,,,,,,,,,,,,,,,,,,,,,,,,,,,,,,,,,,,,,,,,,,,,,,,,,,,,,,,,,,,,,,,,,,,,,,,,,,,,,,,,,,,,,,,,,,,,,,,,,,,,,,,,,,,,,,,,,,,,,,,,,,,,,,,,,,,,,,,,,,,31171504,,,,,,,,,,,,,,,,,,,,,,,,,,,,,,,,,,,,,,,,,,,
,,,,,,,Fasteners,Threaded Fasteners,Washers,,TR7006BN,TR7006BN Speed Queen Washer Bk,,,,,Appliance Dealers Cooperative,,,TR7006BN,,Fasteners > Threaded Fasteners > Washers,"Washer, TR7006BN",WASHER,"Washer, TR7006BN","Washer, Model TR7006BN","Washer, TR7006BN",,,,,,,,,,,,,,,,,,,,,,,,,Washer,,Washer,,,,,,,,,,,,,,,,,,,,,,,,,,,,,,,,,,,,,,,,,,,,,,,,,,,,,,,,,,,,,,,,,,,,,,,,,,,,,,,,,,,,,,,,,,,,,,,,,,,,,,,,,,,,,,,,,,,,,,,,,,,,,,,,,,,,,,,,,,,,,,,,,,,,,,,,,,31171504,,,,,,,,,,,,,,,,,,,,,,,,,,,,,,,,,,,,,,,,,,,
,,,,,,,Fasteners,Threaded Fasteners,Washers,,TR5006WN,TR5006WN Speed Queen Washer Wh,,,,,Appliance Dealers Cooperative,,,TR5006WN,,Fasteners > Threaded Fasteners > Washers,"Washer, TR5006WN",WASHER,"Washer, TR5006WN","Washer, Model TR5006WN","Washer, TR5006WN",,,,,,,,,,,,,,,,,,,,,,,,,Washer,,Washer,,,,,,,,,,,,,,,,,,,,,,,,,,,,,,,,,,,,,,,,,,,,,,,,,,,,,,,,,,,,,,,,,,,,,,,,,,,,,,,,,,,,,,,,,,,,,,,,,,,,,,,,,,,,,,,,,,,,,,,,,,,,,,,,,,,,,,,,,,,,,,,,,,,,,,,,,,31171504,,,,,,,,,,,,,,,,,,,,,,,,,,,,,,,,,,,,,,,,,,,
,,,,,,,Safety,PPE,Knee Pads,,05134545001,9516 Kneeling Pad& Bttl Opener,,,,,Wera Tools NA Inc,,,05134545001,,Safety > PPE > Knee Pads,"Kneeling Pad, 05134545001",KNEELING PAD,"Kneeling Pad, 05134545001","Kneeling Pad, Model 05134545001","Kneeling Pad, 05134545001",,,,,,,,,,,,,,,,,,,,,,,,,Kneeling Pad,,Kneeling Pad,,,,,,,,,,,,,,,,,,,,,,,,,,,,,,,,,,,,,,,,,,,,,,,,,,,,,,,,,,,,,,,,,,,,,,,,,,,,,,,,,,,,,,,,,,,,,,,,,,,,,,,,,,,,,,,,,,,,,,,,,,,,,,,,,,,,,,,,,,,,,,,,,,,,,,,,,,46181511,,,,,,,,,,,,,,,,,,,,,,,,,,,,,,,,,,,,,,,,,,,
,,,,,,,Tools,Measuring Tools,Gauges,,LNL65301,LNL65301 Digital Tire Pressure - Inflator Gauge,,,,,-,,,LNL65301,,Tools > Measuring Tools > Gauges,"Gauge, LNL65301",GAUGE,"Gauge, LNL65301","Gauge, Model LNL65301","Gauge, LNL65301",,,,,,,,,,,,,,,,,,,,,,,,,Gauge,,Gauge,,,,,,,,,,,,,,,,,,,,,,,,,,,,,,,,,,,,,,,,,,,,,,,,,,,,,,,,,,,,,,,,,,,,,,,,,,,,,,,,,,,,,,,,,,,,,,,,,,,,,,,,,,,,,,,,,,,,,,,,,,,,,,,,,,,,,,,,,,,,,,,,,,,,,,,,,,27111516,,,,,,,,,,,,,,,,,,,,,,,,,,,,,,,,,,,,,,,,,,,
,,,,,,,Building Materials,Masonry,Mortar,,25-A,Charcoal Black 25-A Mortar - Type N,,,,,Rees Cast Stone Company,,,25-A,,Building Materials > Masonry > Mortar,"Mortar, 25-A, Color Black",MORTAR BLACK,"Mortar, 25-A","Mortar, Model 25-A, Color Black","Mortar, 25-A",,Color: Black,,,,,,,,,,,,,,,,,,,,,,,Mortar,,Mortar,Color,Black,,,,,,,,,,,,,,,,,,,,,,,,,,,,,,,,,,,,,,,,,,,,,,,,,,,,,,,,,,,,,,,,,,,,,,,,,,,,,,,,,,,,,,,,,,,,,,,,,,,,,,,,,,,,,,,,,,,,,,,,,,,,,,,,,,,,,,,,,,,,,,,,,,,,,,,,30111509,,,,,,,,,,,,,,,,,,,,,,,,,,,,,,,,,,,,,,,,,,,
,,,,,,,Building Materials,Masonry,Mortar,,38-E,Dark Chocolate 38-E Mortar - Type N,,,,,Rees Cast Stone Company,,,38-E,,Building Materials > Masonry > Mortar,"Mortar, 38-E",MORTAR,"Mortar, 38-E","Mortar, Model 38-E","Mortar, 38-E",,,,,,,,,,,,,,,,,,,,,,,,,Mortar,,Mortar,,,,,,,,,,,,,,,,,,,,,,,,,,,,,,,,,,,,,,,,,,,,,,,,,,,,,,,,,,,,,,,,,,,,,,,,,,,,,,,,,,,,,,,,,,,,,,,,,,,,,,,,,,,,,,,,,,,,,,,,,,,,,,,,,,,,,,,,,,,,,,,,,,,,,,,,,,30111509,,,,,,,,,,,,,,,,,,,,,,,,,,,,,,,,,,,,,,,,,,,
,,,,,,,Building Materials,Masonry,Mortar,,59-J,Light Buff 59-J Mortar - Type N,,,,,Rees Cast Stone Company,,,59-J,,Building Materials > Masonry > Mortar,"Mortar, 59-J",MORTAR,"Mortar, 59-J","Mortar, Model 59-J","Mortar, 59-J",,,,,,,,,,,,,,,,,,,,,,,,,Mortar,,Mortar,,,,,,,,,,,,,,,,,,,,,,,,,,,,,,,,,,,,,,,,,,,,,,,,,,,,,,,,,,,,,,,,,,,,,,,,,,,,,,,,,,,,,,,,,,,,,,,,,,,,,,,,,,,,,,,,,,,,,,,,,,,,,,,,,,,,,,,,,,,,,,,,,,,,,,,,,,30111509,,,,,,,,,,,,,,,,,,,,,,,,,,,,,,,,,,,,,,,,,,,
,,,,,,,Building Materials,Masonry,Mortar,,44-A,Light Chocolate 44-A Mortar - Type N,,,,,Rees Cast Stone Company,,,44-A,,Building Materials > Masonry > Mortar,"Mortar, 44-A",MORTAR,"Mortar, 44-A","Mortar, Model 44-A","Mortar, 44-A",,,,,,,,,,,,,,,,,,,,,,,,,Mortar,,Mortar,,,,,,,,,,,,,,,,,,,,,,,,,,,,,,,,,,,,,,,,,,,,,,,,,,,,,,,,,,,,,,,,,,,,,,,,,,,,,,,,,,,,,,,,,,,,,,,,,,,,,,,,,,,,,,,,,,,,,,,,,,,,,,,,,,,,,,,,,,,,,,,,,,,,,,,,,,30111509,,,,,,,,,,,,,,,,,,,,,,,,,,,,,,,,,,,,,,,,,,,
,,,,,,,Building Materials,Railing,Deck Railing Components,,543302126,6' Wh Select T-Rail Kit Horiz - w/Sq Composite Balusters,TREX,,,,U S Lumber,,,543302126,,Building Materials > Railing > Deck Railing Components,"Deck Railing, 543302126",DECK RAILING,"Deck Railing, 543302126","Deck Railing, Model 543302126","Deck Railing, 543302126",,,,,,,,,,,,,,,,,,,,,,,,,Deck Railing,,Deck Railing,,,,,,,,,,,,,,,,,,,,,,,,,,,,,,,,,,,,,,,,,,,,,,,,,,,,,,,,,,,,,,,,,,,,,,,,,,,,,,,,,,,,,,,,,,,,,,,,,,,,,,,,,,,,,,,,,,,,,,,,,,,,,,,,,,,,,,,,,,,,,,,,,,,,,,,,,,30131700,,,,,,,,,,,,,,,,,,,,,,,,,,,,,,,,,,,,,,,,,,,
,,,,,,,Building Materials,Railing,Deck Railing Components,,543302146,8' Wh Select T-Rail Kit Horiz - w/Sq Composite Balusters,TREX,,,,U S Lumber,,,543302146,,Building Materials > Railing > Deck Railing Components,"Deck Railing, 543302146",DECK RAILING,"Deck Railing, 543302146","Deck Railing, Model 543302146","Deck Railing, 543302146",,,,,,,,,,,,,,,,,,,,,,,,,Deck Railing,,Deck Railing,,,,,,,,,,,,,,,,,,,,,,,,,,,,,,,,,,,,,,,,,,,,,,,,,,,,,,,,,,,,,,,,,,,,,,,,,,,,,,,,,,,,,,,,,,,,,,,,,,,,,,,,,,,,,,,,,,,,,,,,,,,,,,,,,,,,,,,,,,,,,,,,,,,,,,,,,,30131700,,,,,,,,,,,,,,,,,,,,,,,,,,,,,,,,,,,,,,,,,,,
,,,,,,,Building Materials,Railing,Deck Railing Components,,73019603,Finyline Wh 6' Fl Rail Kit Sq,,,,,-,,,73019603,,Building Materials > Railing > Deck Railing Components,"Deck Railing, 73019603",DECK RAILING,"Deck Railing, 73019603","Deck Railing, Model 73019603","Deck Railing, 73019603",,,,,,,,,,,,,,,,,,,,,,,,,Deck Railing,,Deck Railing,,,,,,,,,,,,,,,,,,,,,,,,,,,,,,,,,,,,,,,,,,,,,,,,,,,,,,,,,,,,,,,,,,,,,,,,,,,,,,,,,,,,,,,,,,,,,,,,,,,,,,,,,,,,,,,,,,,,,,,,,,,,,,,,,,,,,,,,,,,,,,,,,,,,,,,,,,30131700,,,,,,,,,,,,,,,,,,,,,,,,,,,,,,,,,,,,,,,,,,,
,,,,,,,Building Materials,Railing,Deck Railing Components,,73019652,Finyline Wh 8' Fl Rail Kit Sq,,,,,-,,,73019652,,Building Materials > Railing > Deck Railing Components,"Deck Railing, 73019652",DECK RAILING,"Deck Railing, 73019652","Deck Railing, Model 73019652","Deck Railing, 73019652",,,,,,,,,,,,,,,,,,,,,,,,,Deck Railing,,Deck Railing,,,,,,,,,,,,,,,,,,,,,,,,,,,,,,,,,,,,,,,,,,,,,,,,,,,,,,,,,,,,,,,,,,,,,,,,,,,,,,,,,,,,,,,,,,,,,,,,,,,,,,,,,,,,,,,,,,,,,,,,,,,,,,,,,,,,,,,,,,,,,,,,,,,,,,,,,,30131700,,,,,,,,,,,,,,,,,,,,,,,,,,,,,,,,,,,,,,,,,,,
,,,,,,,Building Materials,Railing,Deck Railing Components,,73019517,Finyline Wh 10' Fl Rail Kit Sq,,,,,-,,,73019517,,Building Materials > Railing > Deck Railing Components,"Deck Railing, 73019517",DECK RAILING,"Deck Railing, 73019517","Deck Railing, Model 73019517","Deck Railing, 73019517",,,,,,,,,,,,,,,,,,,,,,,,,Deck Railing,,Deck Railing,,,,,,,,,,,,,,,,,,,,,,,,,,,,,,,,,,,,,,,,,,,,,,,,,,,,,,,,,,,,,,,,,,,,,,,,,,,,,,,,,,,,,,,,,,,,,,,,,,,,,,,,,,,,,,,,,,,,,,,,,,,,,,,,,,,,,,,,,,,,,,,,,,,,,,,,,,30131700,,,,,,,,,,,,,,,,,,,,,,,,,,,,,,,,,,,,,,,,,,,
,,,,,,,Building Materials,Railing,Deck Railing Components,,73019602,Finyline Wh 6' Fl Rail Kit Rd - w/Black Alum Balusters,,,,,-,,,73019602,,Building Materials > Railing > Deck Railing Components,"Deck Railing, 73019602, Color Black",DECK RAILING BLACK,"Deck Railing, 73019602","Deck Railing, Model 73019602, Color Black","Deck Railing, 73019602",,Color: Black,,,,,,,,,,,,,,,,,,,,,,,Deck Railing,,Deck Railing,Color,Black,,,,,,,,,,,,,,,,,,,,,,,,,,,,,,,,,,,,,,,,,,,,,,,,,,,,,,,,,,,,,,,,,,,,,,,,,,,,,,,,,,,,,,,,,,,,,,,,,,,,,,,,,,,,,,,,,,,,,,,,,,,,,,,,,,,,,,,,,,,,,,,,,,,,,,,,30131700,,,,,,,,,,,,,,,,,,,,,,,,,,,,,,,,,,,,,,,,,,,
,,,,,,,Building Materials,Railing,Deck Railing Components,,73019651,Finyline Wh 8' Fl Rail Kit Rd - w/Black Alum Balusters,,,,,-,,,73019651,,Building Materials > Railing > Deck Railing Components,"Deck Railing, 73019651, Color Black",DECK RAILING BLACK,"Deck Railing, 73019651","Deck Railing, Model 73019651, Color Black","Deck Railing, 73019651",,Color: Black,,,,,,,,,,,,,,,,,,,,,,,Deck Railing,,Deck Railing,Color,Black,,,,,,,,,,,,,,,,,,,,,,,,,,,,,,,,,,,,,,,,,,,,,,,,,,,,,,,,,,,,,,,,,,,,,,,,,,,,,,,,,,,,,,,,,,,,,,,,,,,,,,,,,,,,,,,,,,,,,,,,,,,,,,,,,,,,,,,,,,,,,,,,,,,,,,,,30131700,,,,,,,,,,,,,,,,,,,,,,,,,,,,,,,,,,,,,,,,,,,
,,,,,,,Building Materials,Railing,Deck Railing Components,,73019516,Finyline Wh 10' Fl Rail Kit Rd - w/Black Alum Balusters,,,,,-,,,73019516,,Building Materials > Railing > Deck Railing Components,"Deck Railing, 73019516, Color Black",DECK RAILING BLACK,"Deck Railing, 73019516","Deck Railing, Model 73019516, Color Black","Deck Railing, 73019516",,Color: Black,,,,,,,,,,,,,,,,,,,,,,,Deck Railing,,Deck Railing,Color,Black,,,,,,,,,,,,,,,,,,,,,,,,,,,,,,,,,,,,,,,,,,,,,,,,,,,,,,,,,,,,,,,,,,,,,,,,,,,,,,,,,,,,,,,,,,,,,,,,,,,,,,,,,,,,,,,,,,,,,,,,,,,,,,,,,,,,,,,,,,,,,,,,,,,,,,,,30131700,,,,,,,,,,,,,,,,,,,,,,,,,,,,,,,,,,,,,,,,,,,
,,,,,,,Building Materials,Railing,Deck Railing Components,,543300256,6' Black Select Classic Horiz - Rail w/Rnd Black Alum Baluster,TREX,,,,Boise Cascade Building Materials,Boise Cascade,Boise Cascade,543300256,,Building Materials > Railing > Deck Railing Components,"Boise Cascade Deck Railing, 543300256, Color Black",DECK RAILING BLACK,"Boise Cascade Deck Railing, 543300256","Boise Cascade Deck Railing, Model 543300256, Color Black","Boise Cascade Deck Railing, 543300256",,Color: Black,,,,,,,,,,,,,,,,,,,,,,,Deck Railing,,Deck Railing,Color,Black,,,,,,,,,,,,,,,,,,,,,,,,,,,,,,,,,,,,,,,,,,,,,,,,,,,,,,,,,,,,,,,,,,,,,,,,,,,,,,,,,,,,,,,,,,,,,,,,,,,,,,,,,,,,,,,,,,,,,,,,,,,,,,,,,,,,,,,,,,,,,,,,,,,,,,,,30131700,,,,,,,,,,,,,,,,,,,,,,,,,,,,,,,,,,,,,,,,,,,
,,,,,,,Building Materials,Railing,Deck Railing Components,,543300276,8' Black Select Classic Horiz - Rail w/Rnd Black Alum Baluster,TREX,,,,Boise Cascade Building Materials,Boise Cascade,Boise Cascade,543300276,,Building Materials > Railing > Deck Railing Components,"Boise Cascade Deck Railing, 543300276, Color Black",DECK RAILING BLACK,"Boise Cascade Deck Railing, 543300276","Boise Cascade Deck Railing, Model 543300276, Color Black","Boise Cascade Deck Railing, 543300276",,Color: Black,,,,,,,,,,,,,,,,,,,,,,,Deck Railing,,Deck Railing,Color,Black,,,,,,,,,,,,,,,,,,,,,,,,,,,,,,,,,,,,,,,,,,,,,,,,,,,,,,,,,,,,,,,,,,,,,,,,,,,,,,,,,,,,,,,,,,,,,,,,,,,,,,,,,,,,,,,,,,,,,,,,,,,,,,,,,,,,,,,,,,,,,,,,,,,,,,,,30131700,,,,,,,,,,,,,,,,,,,,,,,,,,,,,,,,,,,,,,,,,,,
,,,,,,,Building Materials,Railing,Deck Railing Components,,73045028,Custom Finyline Wh Gate Sq Bal,,,,,-,,,73045028,,Building Materials > Railing > Deck Railing Components,"Deck Railing, 73045028",DECK RAILING,"Deck Railing, 73045028","Deck Railing, Model 73045028","Deck Railing, 73045028",,,,,,,,,,,,,,,,,,,,,,,,,Deck Railing,,Deck Railing,,,,,,,,,,,,,,,,,,,,,,,,,,,,,,,,,,,,,,,,,,,,,,,,,,,,,,,,,,,,,,,,,,,,,,,,,,,,,,,,,,,,,,,,,,,,,,,,,,,,,,,,,,,,,,,,,,,,,,,,,,,,,,,,,,,,,,,,,,,,,,,,,,,,,,,,,,30131700,,,,,,,,,,,,,,,,,,,,,,,,,,,,,,,,,,,,,,,,,,,
,,,,,,,Building Materials,Railing,Deck Railing Components,,73045031,Custom Finyline Wh Gate Rd - w/Black Alum Balusters,,,,,-,,,73045031,,Building Materials > Railing > Deck Railing Components,"Deck Railing, 73045031, Color Black",DECK RAILING BLACK,"Deck Railing, 73045031","Deck Railing, Model 73045031, Color Black","Deck Railing, 73045031",,Color: Black,,,,,,,,,,,,,,,,,,,,,,,Deck Railing,,Deck Railing,Color,Black,,,,,,,,,,,,,,,,,,,,,,,,,,,,,,,,,,,,,,,,,,,,,,,,,,,,,,,,,,,,,,,,,,,,,,,,,,,,,,,,,,,,,,,,,,,,,,,,,,,,,,,,,,,,,,,,,,,,,,,,,,,,,,,,,,,,,,,,,,,,,,,,,,,,,,,,30131700,,,,,,,,,,,,,,,,,,,,,,,,,,,,,,,,,,,,,,,,,,,
,,,,,,,Building Materials,Railing,Deck Railing Components,,543340126,"6'x36"" Select Alm w/Sq Bal Hor - Assembled Black Rail Panel",TREX,,,,Boise Cascade Building Materials,Boise Cascade,Boise Cascade,543340126,,Building Materials > Railing > Deck Railing Components,"Boise Cascade Deck Railing, 543340126, Length 36 in, Color Black",DECK RAILING 36IN BLACK,"Boise Cascade Deck Railing, 543340126","Boise Cascade Deck Railing, Model 543340126, Length 36 in, Color Black","Boise Cascade Deck Railing, 543340126",,Length: 36 in,Color: Black,,,,,,,,,,,,,,,,,,,,,,Deck Railing,,Deck Railing,Length,36,in,Color,Black,,,,,,,,,,,,,,,,,,,,,,,,,,,,,,,,,,,,,,,,,,,,,,,,,,,,,,,,,,,,,,,,,,,,,,,,,,,,,,,,,,,,,,,,,,,,,,,,,,,,,,,,,,,,,,,,,,,,,,,,,,,,,,,,,,,,,,,,,,,,,,,,,,,,,30131700,,,,,,,,,,,,,,,,,,,,,,,,,,,,,,,,,,,,,,,,,,,
,,,,,,,Building Materials,Railing,Deck Railing Components,,543340127,"6'x36"" Select Alm w/Sq Bal Str - Assembled Black Rail Panel",TREX,,,,Boise Cascade Building Materials,Boise Cascade,Boise Cascade,543340127,,Building Materials > Railing > Deck Railing Components,"Boise Cascade Deck Railing, 543340127, Length 36 in, Color Black",DECK RAILING 36IN BLACK,"Boise Cascade Deck Railing, 543340127","Boise Cascade Deck Railing, Model 543340127, Length 36 in, Color Black","Boise Cascade Deck Railing, 543340127",,Length: 36 in,Color: Black,,,,,,,,,,,,,,,,,,,,,,Deck Railing,,Deck Railing,Length,36,in,Color,Black,,,,,,,,,,,,,,,,,,,,,,,,,,,,,,,,,,,,,,,,,,,,,,,,,,,,,,,,,,,,,,,,,,,,,,,,,,,,,,,,,,,,,,,,,,,,,,,,,,,,,,,,,,,,,,,,,,,,,,,,,,,,,,,,,,,,,,,,,,,,,,,,,,,,,30131700,,,,,,,,,,,,,,,,,,,,,,,,,,,,,,,,,,,,,,,,,,,
,,,,,,,Building Materials,Railing,Deck Railing Components,,543340146,"8'x36"" Select Alm w/Sq Bal Hor - Assembled Black Rail Panel",TREX,,,,Boise Cascade Building Materials,Boise Cascade,Boise Cascade,543340146,,Building Materials > Railing > Deck Railing Components,"Boise Cascade Deck Railing, 543340146, Length 36 in, Color Black",DECK RAILING 36IN BLACK,"Boise Cascade Deck Railing, 543340146","Boise Cascade Deck Railing, Model 543340146, Length 36 in, Color Black","Boise Cascade Deck Railing, 543340146",,Length: 36 in,Color: Black,,,,,,,,,,,,,,,,,,,,,,Deck Railing,,Deck Railing,Length,36,in,Color,Black,,,,,,,,,,,,,,,,,,,,,,,,,,,,,,,,,,,,,,,,,,,,,,,,,,,,,,,,,,,,,,,,,,,,,,,,,,,,,,,,,,,,,,,,,,,,,,,,,,,,,,,,,,,,,,,,,,,,,,,,,,,,,,,,,,,,,,,,,,,,,,,,,,,,,30131700,,,,,,,,,,,,,,,,,,,,,,,,,,,,,,,,,,,,,,,,,,,
,,,,,,,Building Materials,Railing,Deck Railing Components,,543340147,"8'x36"" Select Alm w/Sq Bal Str - Assembled Black Rail Panel",TREX,,,,Boise Cascade Building Materials,Boise Cascade,Boise Cascade,543340147,,Building Materials > Railing > Deck Railing Components,"Boise Cascade Deck Railing, 543340147, Length 36 in, Color Black",DECK RAILING 36IN BLACK,"Boise Cascade Deck Railing, 543340147","Boise Cascade Deck Railing, Model 543340147, Length 36 in, Color Black","Boise Cascade Deck Railing, 543340147",,Length: 36 in,Color: Black,,,,,,,,,,,,,,,,,,,,,,Deck Railing,,Deck Railing,Length,36,in,Color,Black,,,,,,,,,,,,,,,,,,,,,,,,,,,,,,,,,,,,,,,,,,,,,,,,,,,,,,,,,,,,,,,,,,,,,,,,,,,,,,,,,,,,,,,,,,,,,,,,,,,,,,,,,,,,,,,,,,,,,,,,,,,,,,,,,,,,,,,,,,,,,,,,,,,,,30131700,,,,,,,,,,,,,,,,,,,,,,,,,,,,,,,,,,,,,,,,,,,
,,,,,,,Building Materials,Lumber,Dimensional Lumber,,ADB15516CS,1x6-16' Coastline Sq Edge - Vintage Azek PVC Decking,TIMBERTECH,,,,Parksite,,,ADB15516CS,,Building Materials > Lumber > Dimensional Lumber,"Lumber, ADB15516CS, Board Size 1x6, Lumber Length 16 ft",LUMBER 1X6 16FT,"Lumber, ADB15516CS","Lumber, Model ADB15516CS, Board Size 1x6, Lumber Length 16 ft","Lumber, ADB15516CS",,Board Size: 1x6,Lumber Length: 16 ft,,,,,,,,,,,,,,,,,,,,,,Lumber,,Lumber,Board Size,1x6,,Lumber Length,16,ft,,,,,,,,,,,,,,,,,,,,,,,,,,,,,,,,,,,,,,,,,,,,,,,,,,,,,,,,,,,,,,,,,,,,,,,,,,,,,,,,,,,,,,,,,,,,,,,,,,,,,,,,,,,,,,,,,,,,,,,,,,,,,,,,,,,,,,,,,,,,,,,,,,,,30111501,,,,,,,,,,,,,,,,,,,,,,,,,,,,,,,,,,,,,,,,,,,
,,,,,,,Building Materials,Lumber,Dimensional Lumber,,ADB15520CS,1x6-20' Coastline Sq Edge - Vintage Azek PVC Decking,TIMBERTECH,,,,Parksite,,,ADB15520CS,,Building Materials > Lumber > Dimensional Lumber,"Lumber, ADB15520CS, Board Size 1x6, Lumber Length 20 ft",LUMBER 1X6 20FT,"Lumber, ADB15520CS","Lumber, Model ADB15520CS, Board Size 1x6, Lumber Length 20 ft","Lumber, ADB15520CS",,Board Size: 1x6,Lumber Length: 20 ft,,,,,,,,,,,,,,,,,,,,,,Lumber,,Lumber,Board Size,1x6,,Lumber Length,20,ft,,,,,,,,,,,,,,,,,,,,,,,,,,,,,,,,,,,,,,,,,,,,,,,,,,,,,,,,,,,,,,,,,,,,,,,,,,,,,,,,,,,,,,,,,,,,,,,,,,,,,,,,,,,,,,,,,,,,,,,,,,,,,,,,,,,,,,,,,,,,,,,,,,,,30111501,,,,,,,,,,,,,,,,,,,,,,,,,,,,,,,,,,,,,,,,,,,
,,,,,,,Building Materials,Lumber,Dimensional Lumber,,ADB15516EW,1x6-16' English Walnut Sq Edge - Vintage Azek PVC Decking,TIMBERTECH,,,,Parksite,,,ADB15516EW,,Building Materials > Lumber > Dimensional Lumber,"Lumber, ADB15516EW, Board Size 1x6, Lumber Length 16 ft",LUMBER 1X6 16FT,"Lumber, ADB15516EW","Lumber, Model ADB15516EW, Board Size 1x6, Lumber Length 16 ft","Lumber, ADB15516EW",,Board Size: 1x6,Lumber Length: 16 ft,,,,,,,,,,,,,,,,,,,,,,Lumber,,Lumber,Board Size,1x6,,Lumber Length,16,ft,,,,,,,,,,,,,,,,,,,,,,,,,,,,,,,,,,,,,,,,,,,,,,,,,,,,,,,,,,,,,,,,,,,,,,,,,,,,,,,,,,,,,,,,,,,,,,,,,,,,,,,,,,,,,,,,,,,,,,,,,,,,,,,,,,,,,,,,,,,,,,,,,,,,30111501,,,,,,,,,,,,,,,,,,,,,,,,,,,,,,,,,,,,,,,,,,,
,,,,,,,Building Materials,Lumber,Dimensional Lumber,,ADB15520EW,1x6-20' English Walnut Sq Edge - Vintage Azek PVC Decking,TIMBERTECH,,,,Parksite,,,ADB15520EW,,Building Materials > Lumber > Dimensional Lumber,"Lumber, ADB15520EW, Board Size 1x6, Lumber Length 20 ft",LUMBER 1X6 20FT,"Lumber, ADB15520EW","Lumber, Model ADB15520EW, Board Size 1x6, Lumber Length 20 ft","Lumber, ADB15520EW",,Board Size: 1x6,Lumber Length: 20 ft,,,,,,,,,,,,,,,,,,,,,,Lumber,,Lumber,Board Size,1x6,,Lumber Length,20,ft,,,,,,,,,,,,,,,,,,,,,,,,,,,,,,,,,,,,,,,,,,,,,,,,,,,,,,,,,,,,,,,,,,,,,,,,,,,,,,,,,,,,,,,,,,,,,,,,,,,,,,,,,,,,,,,,,,,,,,,,,,,,,,,,,,,,,,,,,,,,,,,,,,,,30111501,,,,,,,,,,,,,,,,,,,,,,,,,,,,,,,,,,,,,,,,,,,
,,,,,,,Building Materials,Lumber,Dimensional Lumber,,ADB15516MH,1x6-16' Mahogany Sq Edge - Vintage Azek PVC Decking,TIMBERTECH,,,,Parksite,,,ADB15516MH,,Building Materials > Lumber > Dimensional Lumber,"Lumber, ADB15516MH, Board Size 1x6, Lumber Length 16 ft",LUMBER 1X6 16FT,"Lumber, ADB15516MH","Lumber, Model ADB15516MH, Board Size 1x6, Lumber Length 16 ft","Lumber, ADB15516MH",,Board Size: 1x6,Lumber Length: 16 ft,,,,,,,,,,,,,,,,,,,,,,Lumber,,Lumber,Board Size,1x6,,Lumber Length,16,ft,,,,,,,,,,,,,,,,,,,,,,,,,,,,,,,,,,,,,,,,,,,,,,,,,,,,,,,,,,,,,,,,,,,,,,,,,,,,,,,,,,,,,,,,,,,,,,,,,,,,,,,,,,,,,,,,,,,,,,,,,,,,,,,,,,,,,,,,,,,,,,,,,,,,30111501,,,,,,,,,,,,,,,,,,,,,,,,,,,,,,,,,,,,,,,,,,,
,,,,,,,Building Materials,Lumber,Dimensional Lumber,,ADB15520MH,1x6-20' Mahogany Sq Edge - Vintage Azek PVC Decking,TIMBERTECH,,,,Parksite,,,ADB15520MH,,Building Materials > Lumber > Dimensional Lumber,"Lumber, ADB15520MH, Board Size 1x6, Lumber Length 20 ft",LUMBER 1X6 20FT,"Lumber, ADB15520MH","Lumber, Model ADB15520MH, Board Size 1x6, Lumber Length 20 ft","Lumber, ADB15520MH",,Board Size: 1x6,Lumber Length: 20 ft,,,,,,,,,,,,,,,,,,,,,,Lumber,,Lumber,Board Size,1x6,,Lumber Length,20,ft,,,,,,,,,,,,,,,,,,,,,,,,,,,,,,,,,,,,,,,,,,,,,,,,,,,,,,,,,,,,,,,,,,,,,,,,,,,,,,,,,,,,,,,,,,,,,,,,,,,,,,,,,,,,,,,,,,,,,,,,,,,,,,,,,,,,,,,,,,,,,,,,,,,,30111501,,,,,,,,,,,,,,,,,,,,,,,,,,,,,,,,,,,,,,,,,,,
,,,,,,,Building Materials,Lumber,Dimensional Lumber,,ADB15516WT,1x6-16' Weathered Teak Sq Edge - Vintage Azek PVC Decking,TIMBERTECH,,,,Parksite,,,ADB15516WT,,Building Materials > Lumber > Dimensional Lumber,"Lumber, ADB15516WT, Board Size 1x6, Lumber Length 16 ft",LUMBER 1X6 16FT,"Lumber, ADB15516WT","Lumber, Model ADB15516WT, Board Size 1x6, Lumber Length 16 ft","Lumber, ADB15516WT",,Board Size: 1x6,Lumber Length: 16 ft,,,,,,,,,,,,,,,,,,,,,,Lumber,,Lumber,Board Size,1x6,,Lumber Length,16,ft,,,,,,,,,,,,,,,,,,,,,,,,,,,,,,,,,,,,,,,,,,,,,,,,,,,,,,,,,,,,,,,,,,,,,,,,,,,,,,,,,,,,,,,,,,,,,,,,,,,,,,,,,,,,,,,,,,,,,,,,,,,,,,,,,,,,,,,,,,,,,,,,,,,,30111501,,,,,,,,,,,,,,,,,,,,,,,,,,,,,,,,,,,,,,,,,,,
,,,,,,,Building Materials,Lumber,Dimensional Lumber,,ADB15520WT,1x6-20' Weathered Teak Sq Edge - Vintage Azek PVC Decking,TIMBERTECH,,,,Parksite,,,ADB15520WT,,Building Materials > Lumber > Dimensional Lumber,"Lumber, ADB15520WT, Board Size 1x6, Lumber Length 20 ft",LUMBER 1X6 20FT,"Lumber, ADB15520WT","Lumber, Model ADB15520WT, Board Size 1x6, Lumber Length 20 ft","Lumber, ADB15520WT",,Board Size: 1x6,Lumber Length: 20 ft,,,,,,,,,,,,,,,,,,,,,,Lumber,,Lumber,Board Size,1x6,,Lumber Length,20,ft,,,,,,,,,,,,,,,,,,,,,,,,,,,,,,,,,,,,,,,,,,,,,,,,,,,,,,,,,,,,,,,,,,,,,,,,,,,,,,,,,,,,,,,,,,,,,,,,,,,,,,,,,,,,,,,,,,,,,,,,,,,,,,,,,,,,,,,,,,,,,,,,,,,,30111501,,,,,,,,,,,,,,,,,,,,,,,,,,,,,,,,,,,,,,,,,,,
,,,,,,,Building Materials,Lumber,Dimensional Lumber,,AGB15512CS,1x6-12' Coastline Grooved - Vintage Azek PVC Decking,TIMBERTECH,,,,Parksite,,,AGB15512CS,,Building Materials > Lumber > Dimensional Lumber,"Lumber, AGB15512CS, Board Size 1x6, Lumber Length 12 ft",LUMBER 1X6 12FT,"Lumber, AGB15512CS","Lumber, Model AGB15512CS, Board Size 1x6, Lumber Length 12 ft","Lumber, AGB15512CS",,Board Size: 1x6,Lumber Length: 12 ft,,,,,,,,,,,,,,,,,,,,,,Lumber,,Lumber,Board Size,1x6,,Lumber Length,12,ft,,,,,,,,,,,,,,,,,,,,,,,,,,,,,,,,,,,,,,,,,,,,,,,,,,,,,,,,,,,,,,,,,,,,,,,,,,,,,,,,,,,,,,,,,,,,,,,,,,,,,,,,,,,,,,,,,,,,,,,,,,,,,,,,,,,,,,,,,,,,,,,,,,,,30111501,,,,,,,,,,,,,,,,,,,,,,,,,,,,,,,,,,,,,,,,,,,
,,,,,,,Building Materials,Lumber,Dimensional Lumber,,AGB15516CS,1x6-16' Coastline Grooved - Vintage Azek PVC Decking,TIMBERTECH,,,,Parksite,,,AGB15516CS,,Building Materials > Lumber > Dimensional Lumber,"Lumber, AGB15516CS, Board Size 1x6, Lumber Length 16 ft",LUMBER 1X6 16FT,"Lumber, AGB15516CS","Lumber, Model AGB15516CS, Board Size 1x6, Lumber Length 16 ft","Lumber, AGB15516CS",,Board Size: 1x6,Lumber Length: 16 ft,,,,,,,,,,,,,,,,,,,,,,Lumber,,Lumber,Board Size,1x6,,Lumber Length,16,ft,,,,,,,,,,,,,,,,,,,,,,,,,,,,,,,,,,,,,,,,,,,,,,,,,,,,,,,,,,,,,,,,,,,,,,,,,,,,,,,,,,,,,,,,,,,,,,,,,,,,,,,,,,,,,,,,,,,,,,,,,,,,,,,,,,,,,,,,,,,,,,,,,,,,30111501,,,,,,,,,,,,,,,,,,,,,,,,,,,,,,,,,,,,,,,,,,,
,,,,,,,Building Materials,Lumber,Dimensional Lumber,,AGB15520CS,1x6-20' Coastline Grooved - Vintage Azek PVC Decking,TIMBERTECH,,,,Parksite,,,AGB15520CS,,Building Materials > Lumber > Dimensional Lumber,"Lumber, AGB15520CS, Board Size 1x6, Lumber Length 20 ft",LUMBER 1X6 20FT,"Lumber, AGB15520CS","Lumber, Model AGB15520CS, Board Size 1x6, Lumber Length 20 ft","Lumber, AGB15520CS",,Board Size: 1x6,Lumber Length: 20 ft,,,,,,,,,,,,,,,,,,,,,,Lumber,,Lumber,Board Size,1x6,,Lumber Length,20,ft,,,,,,,,,,,,,,,,,,,,,,,,,,,,,,,,,,,,,,,,,,,,,,,,,,,,,,,,,,,,,,,,,,,,,,,,,,,,,,,,,,,,,,,,,,,,,,,,,,,,,,,,,,,,,,,,,,,,,,,,,,,,,,,,,,,,,,,,,,,,,,,,,,,,30111501,,,,,,,,,,,,,,,,,,,,,,,,,,,,,,,,,,,,,,,,,,,
,,,,,,,Building Materials,Lumber,Dimensional Lumber,,AGB15512EW,1x6-12' English Walnut Grooved - Vintage Azek PVC Decking,TIMBERTECH,,,,Parksite,,,AGB15512EW,,Building Materials > Lumber > Dimensional Lumber,"Lumber, AGB15512EW, Board Size 1x6, Lumber Length 12 ft",LUMBER 1X6 12FT,"Lumber, AGB15512EW","Lumber, Model AGB15512EW, Board Size 1x6, Lumber Length 12 ft","Lumber, AGB15512EW",,Board Size: 1x6,Lumber Length: 12 ft,,,,,,,,,,,,,,,,,,,,,,Lumber,,Lumber,Board Size,1x6,,Lumber Length,12,ft,,,,,,,,,,,,,,,,,,,,,,,,,,,,,,,,,,,,,,,,,,,,,,,,,,,,,,,,,,,,,,,,,,,,,,,,,,,,,,,,,,,,,,,,,,,,,,,,,,,,,,,,,,,,,,,,,,,,,,,,,,,,,,,,,,,,,,,,,,,,,,,,,,,,30111501,,,,,,,,,,,,,,,,,,,,,,,,,,,,,,,,,,,,,,,,,,,
,,,,,,,Building Materials,Lumber,Dimensional Lumber,,AGB15516EW,1x6-16' English Walnut Grooved - Vintage Azek PVC Decking,TIMBERTECH,,,,Parksite,,,AGB15516EW,,Building Materials > Lumber > Dimensional Lumber,"Lumber, AGB15516EW, Board Size 1x6, Lumber Length 16 ft",LUMBER 1X6 16FT,"Lumber, AGB15516EW","Lumber, Model AGB15516EW, Board Size 1x6, Lumber Length 16 ft","Lumber, AGB15516EW",,Board Size: 1x6,Lumber Length: 16 ft,,,,,,,,,,,,,,,,,,,,,,Lumber,,Lumber,Board Size,1x6,,Lumber Length,16,ft,,,,,,,,,,,,,,,,,,,,,,,,,,,,,,,,,,,,,,,,,,,,,,,,,,,,,,,,,,,,,,,,,,,,,,,,,,,,,,,,,,,,,,,,,,,,,,,,,,,,,,,,,,,,,,,,,,,,,,,,,,,,,,,,,,,,,,,,,,,,,,,,,,,,30111501,,,,,,,,,,,,,,,,,,,,,,,,,,,,,,,,,,,,,,,,,,,
,,,,,,,Building Materials,Lumber,Dimensional Lumber,,AGB15520EW,1x6-20' English Walnut Grooved - Vintage Azek PVC Decking,TIMBERTECH,,,,Parksite,,,AGB15520EW,,Building Materials > Lumber > Dimensional Lumber,"Lumber, AGB15520EW, Board Size 1x6, Lumber Length 20 ft",LUMBER 1X6 20FT,"Lumber, AGB15520EW","Lumber, Model AGB15520EW, Board Size 1x6, Lumber Length 20 ft","Lumber, AGB15520EW",,Board Size: 1x6,Lumber Length: 20 ft,,,,,,,,,,,,,,,,,,,,,,Lumber,,Lumber,Board Size,1x6,,Lumber Length,20,ft,,,,,,,,,,,,,,,,,,,,,,,,,,,,,,,,,,,,,,,,,,,,,,,,,,,,,,,,,,,,,,,,,,,,,,,,,,,,,,,,,,,,,,,,,,,,,,,,,,,,,,,,,,,,,,,,,,,,,,,,,,,,,,,,,,,,,,,,,,,,,,,,,,,,30111501,,,,,,,,,,,,,,,,,,,,,,,,,,,,,,,,,,,,,,,,,,,
,,,,,,,Building Materials,Lumber,Dimensional Lumber,,AGB15512MH,1x6-12' Mahogany Grooved - Vintage Azek PVC Decking,TIMBERTECH,,,,Parksite,,,AGB15512MH,,Building Materials > Lumber > Dimensional Lumber,"Lumber, AGB15512MH, Board Size 1x6, Lumber Length 12 ft",LUMBER 1X6 12FT,"Lumber, AGB15512MH","Lumber, Model AGB15512MH, Board Size 1x6, Lumber Length 12 ft","Lumber, AGB15512MH",,Board Size: 1x6,Lumber Length: 12 ft,,,,,,,,,,,,,,,,,,,,,,Lumber,,Lumber,Board Size,1x6,,Lumber Length,12,ft,,,,,,,,,,,,,,,,,,,,,,,,,,,,,,,,,,,,,,,,,,,,,,,,,,,,,,,,,,,,,,,,,,,,,,,,,,,,,,,,,,,,,,,,,,,,,,,,,,,,,,,,,,,,,,,,,,,,,,,,,,,,,,,,,,,,,,,,,,,,,,,,,,,,30111501,,,,,,,,,,,,,,,,,,,,,,,,,,,,,,,,,,,,,,,,,,,
,,,,,,,Building Materials,Lumber,Dimensional Lumber,,AGB15516MH,1x6-16' Mahogany Grooved - Vintage Azek PVC Decking,TIMBERTECH,,,,Parksite,,,AGB15516MH,,Building Materials > Lumber > Dimensional Lumber,"Lumber, AGB15516MH, Board Size 1x6, Lumber Length 16 ft",LUMBER 1X6 16FT,"Lumber, AGB15516MH","Lumber, Model AGB15516MH, Board Size 1x6, Lumber Length 16 ft","Lumber, AGB15516MH",,Board Size: 1x6,Lumber Length: 16 ft,,,,,,,,,,,,,,,,,,,,,,Lumber,,Lumber,Board Size,1x6,,Lumber Length,16,ft,,,,,,,,,,,,,,,,,,,,,,,,,,,,,,,,,,,,,,,,,,,,,,,,,,,,,,,,,,,,,,,,,,,,,,,,,,,,,,,,,,,,,,,,,,,,,,,,,,,,,,,,,,,,,,,,,,,,,,,,,,,,,,,,,,,,,,,,,,,,,,,,,,,,30111501,,,,,,,,,,,,,,,,,,,,,,,,,,,,,,,,,,,,,,,,,,,
,,,,,,,Building Materials,Lumber,Dimensional Lumber,,AGB15520MH,1x6-20' Mahogany Grooved - Vintage Azek PVC Decking,TIMBERTECH,,,,Parksite,,,AGB15520MH,,Building Materials > Lumber > Dimensional Lumber,"Lumber, AGB15520MH, Board Size 1x6, Lumber Length 20 ft",LUMBER 1X6 20FT,"Lumber, AGB15520MH","Lumber, Model AGB15520MH, Board Size 1x6, Lumber Length 20 ft","Lumber, AGB15520MH",,Board Size: 1x6,Lumber Length: 20 ft,,,,,,,,,,,,,,,,,,,,,,Lumber,,Lumber,Board Size,1x6,,Lumber Length,20,ft,,,,,,,,,,,,,,,,,,,,,,,,,,,,,,,,,,,,,,,,,,,,,,,,,,,,,,,,,,,,,,,,,,,,,,,,,,,,,,,,,,,,,,,,,,,,,,,,,,,,,,,,,,,,,,,,,,,,,,,,,,,,,,,,,,,,,,,,,,,,,,,,,,,,30111501,,,,,,,,,,,,,,,,,,,,,,,,,,,,,,,,,,,,,,,,,,,
,,,,,,,Building Materials,Lumber,Dimensional Lumber,,AGB15512WT,1x6-12' Weathered Teak Grooved - Vintage Azek PVC Decking,TIMBERTECH,,,,Parksite,,,AGB15512WT,,Building Materials > Lumber > Dimensional Lumber,"Lumber, AGB15512WT, Board Size 1x6, Lumber Length 12 ft",LUMBER 1X6 12FT,"Lumber, AGB15512WT","Lumber, Model AGB15512WT, Board Size 1x6, Lumber Length 12 ft","Lumber, AGB15512WT",,Board Size: 1x6,Lumber Length: 12 ft,,,,,,,,,,,,,,,,,,,,,,Lumber,,Lumber,Board Size,1x6,,Lumber Length,12,ft,,,,,,,,,,,,,,,,,,,,,,,,,,,,,,,,,,,,,,,,,,,,,,,,,,,,,,,,,,,,,,,,,,,,,,,,,,,,,,,,,,,,,,,,,,,,,,,,,,,,,,,,,,,,,,,,,,,,,,,,,,,,,,,,,,,,,,,,,,,,,,,,,,,,30111501,,,,,,,,,,,,,,,,,,,,,,,,,,,,,,,,,,,,,,,,,,,
,,,,,,,Building Materials,Lumber,Dimensional Lumber,,AGB15516WT,1x6-16' Weathered Teak Grooved - Vintage Azek PVC Decking,TIMBERTECH,,,,Parksite,,,AGB15516WT,,Building Materials > Lumber > Dimensional Lumber,"Lumber, AGB15516WT, Board Size 1x6, Lumber Length 16 ft",LUMBER 1X6 16FT,"Lumber, AGB15516WT","Lumber, Model AGB15516WT, Board Size 1x6, Lumber Length 16 ft","Lumber, AGB15516WT",,Board Size: 1x6,Lumber Length: 16 ft,,,,,,,,,,,,,,,,,,,,,,Lumber,,Lumber,Board Size,1x6,,Lumber Length,16,ft,,,,,,,,,,,,,,,,,,,,,,,,,,,,,,,,,,,,,,,,,,,,,,,,,,,,,,,,,,,,,,,,,,,,,,,,,,,,,,,,,,,,,,,,,,,,,,,,,,,,,,,,,,,,,,,,,,,,,,,,,,,,,,,,,,,,,,,,,,,,,,,,,,,,30111501,,,,,,,,,,,,,,,,,,,,,,,,,,,,,,,,,,,,,,,,,,,
,,,,,,,Building Materials,Lumber,Dimensional Lumber,,AGB15520WT,1x6-20' Weathered Teak Grooved - Vintage Azek PVC Decking,TIMBERTECH,,,,Parksite,,,AGB15520WT,,Building Materials > Lumber > Dimensional Lumber,"Lumber, AGB15520WT, Board Size 1x6, Lumber Length 20 ft",LUMBER 1X6 20FT,"Lumber, AGB15520WT","Lumber, Model AGB15520WT, Board Size 1x6, Lumber Length 20 ft","Lumber, AGB15520WT",,Board Size: 1x6,Lumber Length: 20 ft,,,,,,,,,,,,,,,,,,,,,,Lumber,,Lumber,Board Size,1x6,,Lumber Length,20,ft,,,,,,,,,,,,,,,,,,,,,,,,,,,,,,,,,,,,,,,,,,,,,,,,,,,,,,,,,,,,,,,,,,,,,,,,,,,,,,,,,,,,,,,,,,,,,,,,,,,,,,,,,,,,,,,,,,,,,,,,,,,,,,,,,,,,,,,,,,,,,,,,,,,,30111501,,,,,,,,,,,,,,,,,,,,,,,,,,,,,,,,,,,,,,,,,,,
,,,,,,,Building Materials,Lumber,Dimensional Lumber,,ADB15516AW,1x6-16' American Walnut Sq Edg - Landmark Azek PVC Decking,TIMBERTECH,,,,Parksite,,,ADB15516AW,,Building Materials > Lumber > Dimensional Lumber,"Lumber, ADB15516AW, Board Size 1x6, Lumber Length 16 ft",LUMBER 1X6 16FT,"Lumber, ADB15516AW","Lumber, Model ADB15516AW, Board Size 1x6, Lumber Length 16 ft","Lumber, ADB15516AW",,Board Size: 1x6,Lumber Length: 16 ft,,,,,,,,,,,,,,,,,,,,,,Lumber,,Lumber,Board Size,1x6,,Lumber Length,16,ft,,,,,,,,,,,,,,,,,,,,,,,,,,,,,,,,,,,,,,,,,,,,,,,,,,,,,,,,,,,,,,,,,,,,,,,,,,,,,,,,,,,,,,,,,,,,,,,,,,,,,,,,,,,,,,,,,,,,,,,,,,,,,,,,,,,,,,,,,,,,,,,,,,,,30111501,,,,,,,,,,,,,,,,,,,,,,,,,,,,,,,,,,,,,,,,,,,
,,,,,,,Building Materials,Lumber,Dimensional Lumber,,ADB15520AW,1x6-20' American Walnut Sq Edg - Landmark Azek PVC Decking,TIMBERTECH,,,,Parksite,,,ADB15520AW,,Building Materials > Lumber > Dimensional Lumber,"Lumber, ADB15520AW, Board Size 1x6, Lumber Length 20 ft",LUMBER 1X6 20FT,"Lumber, ADB15520AW","Lumber, Model ADB15520AW, Board Size 1x6, Lumber Length 20 ft","Lumber, ADB15520AW",,Board Size: 1x6,Lumber Length: 20 ft,,,,,,,,,,,,,,,,,,,,,,Lumber,,Lumber,Board Size,1x6,,Lumber Length,20,ft,,,,,,,,,,,,,,,,,,,,,,,,,,,,,,,,,,,,,,,,,,,,,,,,,,,,,,,,,,,,,,,,,,,,,,,,,,,,,,,,,,,,,,,,,,,,,,,,,,,,,,,,,,,,,,,,,,,,,,,,,,,,,,,,,,,,,,,,,,,,,,,,,,,,30111501,,,,,,,,,,,,,,,,,,,,,,,,,,,,,,,,,,,,,,,,,,,
,,,,,,,Building Materials,Railing,Deck Railing Components,,ADB15516CG,1x6-16' Castle Gate Sq Edge - Landmark Azek PVC Decking,TIMBERTECH,,,,Parksite,,,ADB15516CG,,Building Materials > Railing > Deck Railing Components,"Deck Railing, ADB15516CG, Board Size 1x6, Lumber Length 16 ft",DECK RAILING 1X6 16FT,"Deck Railing, ADB15516CG","Deck Railing, Model ADB15516CG, Board Size 1x6, Lumber Length 16 ft","Deck Railing, ADB15516CG",,Board Size: 1x6,Lumber Length: 16 ft,,,,,,,,,,,,,,,,,,,,,,Deck Railing,,Deck Railing,Board Size,1x6,,Lumber Length,16,ft,,,,,,,,,,,,,,,,,,,,,,,,,,,,,,,,,,,,,,,,,,,,,,,,,,,,,,,,,,,,,,,,,,,,,,,,,,,,,,,,,,,,,,,,,,,,,,,,,,,,,,,,,,,,,,,,,,,,,,,,,,,,,,,,,,,,,,,,,,,,,,,,,,,,30131700,,,,,,,,,,,,,,,,,,,,,,,,,,,,,,,,,,,,,,,,,,,
,,,,,,,Building Materials,Railing,Deck Railing Components,,ADB15520CG,1x6-20' Castle Gate Sq Edge - Landmark Azek PVC Decking,TIMBERTECH,,,,Parksite,,,ADB15520CG,,Building Materials > Railing > Deck Railing Components,"Deck Railing, ADB15520CG, Board Size 1x6, Lumber Length 20 ft",DECK RAILING 1X6 20FT,"Deck Railing, ADB15520CG","Deck Railing, Model ADB15520CG, Board Size 1x6, Lumber Length 20 ft","Deck Railing, ADB15520CG",,Board Size: 1x6,Lumber Length: 20 ft,,,,,,,,,,,,,,,,,,,,,,Deck Railing,,Deck Railing,Board Size,1x6,,Lumber Length,20,ft,,,,,,,,,,,,,,,,,,,,,,,,,,,,,,,,,,,,,,,,,,,,,,,,,,,,,,,,,,,,,,,,,,,,,,,,,,,,,,,,,,,,,,,,,,,,,,,,,,,,,,,,,,,,,,,,,,,,,,,,,,,,,,,,,,,,,,,,,,,,,,,,,,,,30131700,,,,,,,,,,,,,,,,,,,,,,,,,,,,,,,,,,,,,,,,,,,
,,,,,,,Building Materials,Lumber,Dimensional Lumber,,ADB15516FW,1x6-16' French White Oak Sq Ed - Landmark Azek PVC Decking,TIMBERTECH,,,,Parksite,,,ADB15516FW,,Building Materials > Lumber > Dimensional Lumber,"Lumber, ADB15516FW, Board Size 1x6, Lumber Length 16 ft, Color White",LUMBER 1X6 16FT WHITE,"Lumber, ADB15516FW","Lumber, Model ADB15516FW, Board Size 1x6, Lumber Length 16 ft, Color White","Lumber, ADB15516FW",,Board Size: 1x6,Lumber Length: 16 ft,Color: White,,,,,,,,,,,,,,,,,,,,,Lumber,,Lumber,Board Size,1x6,,Lumber Length,16,ft,Color,White,,,,,,,,,,,,,,,,,,,,,,,,,,,,,,,,,,,,,,,,,,,,,,,,,,,,,,,,,,,,,,,,,,,,,,,,,,,,,,,,,,,,,,,,,,,,,,,,,,,,,,,,,,,,,,,,,,,,,,,,,,,,,,,,,,,,,,,,,,,,,,,,,,30111501,,,,,,,,,,,,,,,,,,,,,,,,,,,,,,,,,,,,,,,,,,,
,,,,,,,Building Materials,Lumber,Dimensional Lumber,,ADB15520FW,1x6-20' French White Oak Sq Ed - Landmark Azek PVC Decking,TIMBERTECH,,,,Parksite,,,ADB15520FW,,Building Materials > Lumber > Dimensional Lumber,"Lumber, ADB15520FW, Board Size 1x6, Lumber Length 20 ft, Color White",LUMBER 1X6 20FT WHITE,"Lumber, ADB15520FW","Lumber, Model ADB15520FW, Board Size 1x6, Lumber Length 20 ft, Color White","Lumber, ADB15520FW",,Board Size: 1x6,Lumber Length: 20 ft,Color: White,,,,,,,,,,,,,,,,,,,,,Lumber,,Lumber,Board Size,1x6,,Lumber Length,20,ft,Color,White,,,,,,,,,,,,,,,,,,,,,,,,,,,,,,,,,,,,,,,,,,,,,,,,,,,,,,,,,,,,,,,,,,,,,,,,,,,,,,,,,,,,,,,,,,,,,,,,,,,,,,,,,,,,,,,,,,,,,,,,,,,,,,,,,,,,,,,,,,,,,,,,,,30111501,,,,,,,,,,,,,,,,,,,,,,,,,,,,,,,,,,,,,,,,,,,
,,,,,,,Building Materials,Lumber,Dimensional Lumber,,AGB15512AW,1x6-12' American Walnut Groove - Landmark Azek PVC Decking,TIMBERTECH,,,,Parksite,,,AGB15512AW,,Building Materials > Lumber > Dimensional Lumber,"Lumber, AGB15512AW, Board Size 1x6, Lumber Length 12 ft",LUMBER 1X6 12FT,"Lumber, AGB15512AW","Lumber, Model AGB15512AW, Board Size 1x6, Lumber Length 12 ft","Lumber, AGB15512AW",,Board Size: 1x6,Lumber Length: 12 ft,,,,,,,,,,,,,,,,,,,,,,Lumber,,Lumber,Board Size,1x6,,Lumber Length,12,ft,,,,,,,,,,,,,,,,,,,,,,,,,,,,,,,,,,,,,,,,,,,,,,,,,,,,,,,,,,,,,,,,,,,,,,,,,,,,,,,,,,,,,,,,,,,,,,,,,,,,,,,,,,,,,,,,,,,,,,,,,,,,,,,,,,,,,,,,,,,,,,,,,,,,30111501,,,,,,,,,,,,,,,,,,,,,,,,,,,,,,,,,,,,,,,,,,,
,,,,,,,Building Materials,Lumber,Dimensional Lumber,,AGB15516AW,1x6-16' American Walnut Groove - Landmark Azek PVC Decking,TIMBERTECH,,,,Parksite,,,AGB15516AW,,Building Materials > Lumber > Dimensional Lumber,"Lumber, AGB15516AW, Board Size 1x6, Lumber Length 16 ft",LUMBER 1X6 16FT,"Lumber, AGB15516AW","Lumber, Model AGB15516AW, Board Size 1x6, Lumber Length 16 ft","Lumber, AGB15516AW",,Board Size: 1x6,Lumber Length: 16 ft,,,,,,,,,,,,,,,,,,,,,,Lumber,,Lumber,Board Size,1x6,,Lumber Length,16,ft,,,,,,,,,,,,,,,,,,,,,,,,,,,,,,,,,,,,,,,,,,,,,,,,,,,,,,,,,,,,,,,,,,,,,,,,,,,,,,,,,,,,,,,,,,,,,,,,,,,,,,,,,,,,,,,,,,,,,,,,,,,,,,,,,,,,,,,,,,,,,,,,,,,,30111501,,,,,,,,,,,,,,,,,,,,,,,,,,,,,,,,,,,,,,,,,,,
,,,,,,,Building Materials,Lumber,Dimensional Lumber,,AGB15520AW,1x6-20' American Walnut Groove - Landmark Azek PVC Decking,TIMBERTECH,,,,Parksite,,,AGB15520AW,,Building Materials > Lumber > Dimensional Lumber,"Lumber, AGB15520AW, Board Size 1x6, Lumber Length 20 ft",LUMBER 1X6 20FT,"Lumber, AGB15520AW","Lumber, Model AGB15520AW, Board Size 1x6, Lumber Length 20 ft","Lumber, AGB15520AW",,Board Size: 1x6,Lumber Length: 20 ft,,,,,,,,,,,,,,,,,,,,,,Lumber,,Lumber,Board Size,1x6,,Lumber Length,20,ft,,,,,,,,,,,,,,,,,,,,,,,,,,,,,,,,,,,,,,,,,,,,,,,,,,,,,,,,,,,,,,,,,,,,,,,,,,,,,,,,,,,,,,,,,,,,,,,,,,,,,,,,,,,,,,,,,,,,,,,,,,,,,,,,,,,,,,,,,,,,,,,,,,,,30111501,,,,,,,,,,,,,,,,,,,,,,,,,,,,,,,,,,,,,,,,,,,
,,,,,,,Building Materials,Railing,Deck Railing Components,,AGB15512CG,1x6-12' Castle Gate Grooved - Landmark Azek PVC Decking,TIMBERTECH,,,,Parksite,,,AGB15512CG,,Building Materials > Railing > Deck Railing Components,"Deck Railing, AGB15512CG, Board Size 1x6, Lumber Length 12 ft",DECK RAILING 1X6 12FT,"Deck Railing, AGB15512CG","Deck Railing, Model AGB15512CG, Board Size 1x6, Lumber Length 12 ft","Deck Railing, AGB15512CG",,Board Size: 1x6,Lumber Length: 12 ft,,,,,,,,,,,,,,,,,,,,,,Deck Railing,,Deck Railing,Board Size,1x6,,Lumber Length,12,ft,,,,,,,,,,,,,,,,,,,,,,,,,,,,,,,,,,,,,,,,,,,,,,,,,,,,,,,,,,,,,,,,,,,,,,,,,,,,,,,,,,,,,,,,,,,,,,,,,,,,,,,,,,,,,,,,,,,,,,,,,,,,,,,,,,,,,,,,,,,,,,,,,,,,30131700,,,,,,,,,,,,,,,,,,,,,,,,,,,,,,,,,,,,,,,,,,,
,,,,,,,Building Materials,Railing,Deck Railing Components,,AGB15516CG,1x6-16' Castle Gate Grooved - Landmark Azek PVC Decking,TIMBERTECH,,,,Parksite,,,AGB15516CG,,Building Materials > Railing > Deck Railing Components,"Deck Railing, AGB15516CG, Board Size 1x6, Lumber Length 16 ft",DECK RAILING 1X6 16FT,"Deck Railing, AGB15516CG","Deck Railing, Model AGB15516CG, Board Size 1x6, Lumber Length 16 ft","Deck Railing, AGB15516CG",,Board Size: 1x6,Lumber Length: 16 ft,,,,,,,,,,,,,,,,,,,,,,Deck Railing,,Deck Railing,Board Size,1x6,,Lumber Length,16,ft,,,,,,,,,,,,,,,,,,,,,,,,,,,,,,,,,,,,,,,,,,,,,,,,,,,,,,,,,,,,,,,,,,,,,,,,,,,,,,,,,,,,,,,,,,,,,,,,,,,,,,,,,,,,,,,,,,,,,,,,,,,,,,,,,,,,,,,,,,,,,,,,,,,,30131700,,,,,,,,,,,,,,,,,,,,,,,,,,,,,,,,,,,,,,,,,,,
,,,,,,,Building Materials,Railing,Deck Railing Components,,AGB15520CG,1x6-20' Castle Gate Grooved - Landmark Azek PVC Decking,TIMBERTECH,,,,Parksite,,,AGB15520CG,,Building Materials > Railing > Deck Railing Components,"Deck Railing, AGB15520CG, Board Size 1x6, Lumber Length 20 ft",DECK RAILING 1X6 20FT,"Deck Railing, AGB15520CG","Deck Railing, Model AGB15520CG, Board Size 1x6, Lumber Length 20 ft","Deck Railing, AGB15520CG",,Board Size: 1x6,Lumber Length: 20 ft,,,,,,,,,,,,,,,,,,,,,,Deck Railing,,Deck Railing,Board Size,1x6,,Lumber Length,20,ft,,,,,,,,,,,,,,,,,,,,,,,,,,,,,,,,,,,,,,,,,,,,,,,,,,,,,,,,,,,,,,,,,,,,,,,,,,,,,,,,,,,,,,,,,,,,,,,,,,,,,,,,,,,,,,,,,,,,,,,,,,,,,,,,,,,,,,,,,,,,,,,,,,,,30131700,,,,,,,,,,,,,,,,,,,,,,,,,,,,,,,,,,,,,,,,,,,
,,,,,,,Building Materials,Lumber,Dimensional Lumber,,AGB15512FW,1x6-12' French White Oak Groov - Landmark Azek PVC Decking,TIMBERTECH,,,,Parksite,,,AGB15512FW,,Building Materials > Lumber > Dimensional Lumber,"Lumber, AGB15512FW, Board Size 1x6, Lumber Length 12 ft, Color White",LUMBER 1X6 12FT WHITE,"Lumber, AGB15512FW","Lumber, Model AGB15512FW, Board Size 1x6, Lumber Length 12 ft, Color White","Lumber, AGB15512FW",,Board Size: 1x6,Lumber Length: 12 ft,Color: White,,,,,,,,,,,,,,,,,,,,,Lumber,,Lumber,Board Size,1x6,,Lumber Length,12,ft,Color,White,,,,,,,,,,,,,,,,,,,,,,,,,,,,,,,,,,,,,,,,,,,,,,,,,,,,,,,,,,,,,,,,,,,,,,,,,,,,,,,,,,,,,,,,,,,,,,,,,,,,,,,,,,,,,,,,,,,,,,,,,,,,,,,,,,,,,,,,,,,,,,,,,,30111501,,,,,,,,,,,,,,,,,,,,,,,,,,,,,,,,,,,,,,,,,,,
,,,,,,,Building Materials,Lumber,Dimensional Lumber,,AGB15516FW,1x6-16' French White Oak Groov - Landmark Azek PVC Decking,TIMBERTECH,,,,Parksite,,,AGB15516FW,,Building Materials > Lumber > Dimensional Lumber,"Lumber, AGB15516FW, Board Size 1x6, Lumber Length 16 ft, Color White",LUMBER 1X6 16FT WHITE,"Lumber, AGB15516FW","Lumber, Model AGB15516FW, Board Size 1x6, Lumber Length 16 ft, Color White","Lumber, AGB15516FW",,Board Size: 1x6,Lumber Length: 16 ft,Color: White,,,,,,,,,,,,,,,,,,,,,Lumber,,Lumber,Board Size,1x6,,Lumber Length,16,ft,Color,White,,,,,,,,,,,,,,,,,,,,,,,,,,,,,,,,,,,,,,,,,,,,,,,,,,,,,,,,,,,,,,,,,,,,,,,,,,,,,,,,,,,,,,,,,,,,,,,,,,,,,,,,,,,,,,,,,,,,,,,,,,,,,,,,,,,,,,,,,,,,,,,,,,30111501,,,,,,,,,,,,,,,,,,,,,,,,,,,,,,,,,,,,,,,,,,,
,,,,,,,Building Materials,Lumber,Dimensional Lumber,,AGB15520FW,1x6-20' French White Oak Groov - Landmark Azek PVC Decking,TIMBERTECH,,,,Parksite,,,AGB15520FW,,Building Materials > Lumber > Dimensional Lumber,"Lumber, AGB15520FW, Board Size 1x6, Lumber Length 20 ft, Color White",LUMBER 1X6 20FT WHITE,"Lumber, AGB15520FW","Lumber, Model AGB15520FW, Board Size 1x6, Lumber Length 20 ft, Color White","Lumber, AGB15520FW",,Board Size: 1x6,Lumber Length: 20 ft,Color: White,,,,,,,,,,,,,,,,,,,,,Lumber,,Lumber,Board Size,1x6,,Lumber Length,20,ft,Color,White,,,,,,,,,,,,,,,,,,,,,,,,,,,,,,,,,,,,,,,,,,,,,,,,,,,,,,,,,,,,,,,,,,,,,,,,,,,,,,,,,,,,,,,,,,,,,,,,,,,,,,,,,,,,,,,,,,,,,,,,,,,,,,,,,,,,,,,,,,,,,,,,,,30111501,,,,,,,,,,,,,,,,,,,,,,,,,,,,,,,,,,,,,,,,,,,
,,,,,,,Building Materials,Lumber,Dimensional Lumber,,ADCB15516BS,1x6-16' Brownstone Sq Edge - Harvest Azek PVC Decking,TIMBERTECH,,,,Parksite,,,ADCB15516BS,,Building Materials > Lumber > Dimensional Lumber,"Lumber, ADCB15516BS, Board Size 1x6, Lumber Length 16 ft",LUMBER 1X6 16FT,"Lumber, ADCB15516BS","Lumber, Model ADCB15516BS, Board Size 1x6, Lumber Length 16 ft","Lumber, ADCB15516BS",,Board Size: 1x6,Lumber Length: 16 ft,,,,,,,,,,,,,,,,,,,,,,Lumber,,Lumber,Board Size,1x6,,Lumber Length,16,ft,,,,,,,,,,,,,,,,,,,,,,,,,,,,,,,,,,,,,,,,,,,,,,,,,,,,,,,,,,,,,,,,,,,,,,,,,,,,,,,,,,,,,,,,,,,,,,,,,,,,,,,,,,,,,,,,,,,,,,,,,,,,,,,,,,,,,,,,,,,,,,,,,,,,30111501,,,,,,,,,,,,,,,,,,,,,,,,,,,,,,,,,,,,,,,,,,,
,,,,,,,Building Materials,Lumber,Dimensional Lumber,,ADCB15520BS,1x6-20' Brownstone Sq Edge - Harvest Azek PVC Decking,TIMBERTECH,,,,Parksite,,,ADCB15520BS,,Building Materials > Lumber > Dimensional Lumber,"Lumber, ADCB15520BS, Board Size 1x6, Lumber Length 20 ft",LUMBER 1X6 20FT,"Lumber, ADCB15520BS","Lumber, Model ADCB15520BS, Board Size 1x6, Lumber Length 20 ft","Lumber, ADCB15520BS",,Board Size: 1x6,Lumber Length: 20 ft,,,,,,,,,,,,,,,,,,,,,,Lumber,,Lumber,Board Size,1x6,,Lumber Length,20,ft,,,,,,,,,,,,,,,,,,,,,,,,,,,,,,,,,,,,,,,,,,,,,,,,,,,,,,,,,,,,,,,,,,,,,,,,,,,,,,,,,,,,,,,,,,,,,,,,,,,,,,,,,,,,,,,,,,,,,,,,,,,,,,,,,,,,,,,,,,,,,,,,,,,,30111501,,,,,,,,,,,,,,,,,,,,,,,,,,,,,,,,,,,,,,,,,,,
,,,,,,,Building Materials,Lumber,Dimensional Lumber,,ADCB15516SG,1x6-16' Slate Gray Sq Edge - Harvest Azek PVC Decking,TIMBERTECH,,,,Parksite,,,ADCB15516SG,,Building Materials > Lumber > Dimensional Lumber,"Lumber, ADCB15516SG, Board Size 1x6, Lumber Length 16 ft, Color Gray",LUMBER 1X6 16FT GRAY,"Lumber, ADCB15516SG","Lumber, Model ADCB15516SG, Board Size 1x6, Lumber Length 16 ft, Color Gray","Lumber, ADCB15516SG",,Board Size: 1x6,Lumber Length: 16 ft,Color: Gray,,,,,,,,,,,,,,,,,,,,,Lumber,,Lumber,Board Size,1x6,,Lumber Length,16,ft,Color,Gray,,,,,,,,,,,,,,,,,,,,,,,,,,,,,,,,,,,,,,,,,,,,,,,,,,,,,,,,,,,,,,,,,,,,,,,,,,,,,,,,,,,,,,,,,,,,,,,,,,,,,,,,,,,,,,,,,,,,,,,,,,,,,,,,,,,,,,,,,,,,,,,,,,30111501,,,,,,,,,,,,,,,,,,,,,,,,,,,,,,,,,,,,,,,,,,,
,,,,,,,Building Materials,Lumber,Dimensional Lumber,,ADCB15520SG,1x6-20' Slate Gray Sq Edge - Harvest Azek PVC Decking,TIMBERTECH,,,,Parksite,,,ADCB15520SG,,Building Materials > Lumber > Dimensional Lumber,"Lumber, ADCB15520SG, Board Size 1x6, Lumber Length 20 ft, Color Gray",LUMBER 1X6 20FT GRAY,"Lumber, ADCB15520SG","Lumber, Model ADCB15520SG, Board Size 1x6, Lumber Length 20 ft, Color Gray","Lumber, ADCB15520SG",,Board Size: 1x6,Lumber Length: 20 ft,Color: Gray,,,,,,,,,,,,,,,,,,,,,Lumber,,Lumber,Board Size,1x6,,Lumber Length,20,ft,Color,Gray,,,,,,,,,,,,,,,,,,,,,,,,,,,,,,,,,,,,,,,,,,,,,,,,,,,,,,,,,,,,,,,,,,,,,,,,,,,,,,,,,,,,,,,,,,,,,,,,,,,,,,,,,,,,,,,,,,,,,,,,,,,,,,,,,,,,,,,,,,,,,,,,,,30111501,,,,,,,,,,,,,,,,,,,,,,,,,,,,,,,,,,,,,,,,,,,
,,,,,,,Building Materials,Lumber,Dimensional Lumber,,AGB15512BS,1x6-12' Brownstone Grooved - Harvest Azek PVC Decking,TIMBERTECH,,,,Parksite,,,AGB15512BS,,Building Materials > Lumber > Dimensional Lumber,"Lumber, AGB15512BS, Board Size 1x6, Lumber Length 12 ft",LUMBER 1X6 12FT,"Lumber, AGB15512BS","Lumber, Model AGB15512BS, Board Size 1x6, Lumber Length 12 ft","Lumber, AGB15512BS",,Board Size: 1x6,Lumber Length: 12 ft,,,,,,,,,,,,,,,,,,,,,,Lumber,,Lumber,Board Size,1x6,,Lumber Length,12,ft,,,,,,,,,,,,,,,,,,,,,,,,,,,,,,,,,,,,,,,,,,,,,,,,,,,,,,,,,,,,,,,,,,,,,,,,,,,,,,,,,,,,,,,,,,,,,,,,,,,,,,,,,,,,,,,,,,,,,,,,,,,,,,,,,,,,,,,,,,,,,,,,,,,,30111501,,,,,,,,,,,,,,,,,,,,,,,,,,,,,,,,,,,,,,,,,,,
,,,,,,,Building Materials,Lumber,Dimensional Lumber,,AGB15516BS,1x6-16' Brownstone Grooved - Harvest Azek PVC Decking,TIMBERTECH,,,,Parksite,,,AGB15516BS,,Building Materials > Lumber > Dimensional Lumber,"Lumber, AGB15516BS, Board Size 1x6, Lumber Length 16 ft",LUMBER 1X6 16FT,"Lumber, AGB15516BS","Lumber, Model AGB15516BS, Board Size 1x6, Lumber Length 16 ft","Lumber, AGB15516BS",,Board Size: 1x6,Lumber Length: 16 ft,,,,,,,,,,,,,,,,,,,,,,Lumber,,Lumber,Board Size,1x6,,Lumber Length,16,ft,,,,,,,,,,,,,,,,,,,,,,,,,,,,,,,,,,,,,,,,,,,,,,,,,,,,,,,,,,,,,,,,,,,,,,,,,,,,,,,,,,,,,,,,,,,,,,,,,,,,,,,,,,,,,,,,,,,,,,,,,,,,,,,,,,,,,,,,,,,,,,,,,,,,30111501,,,,,,,,,,,,,,,,,,,,,,,,,,,,,,,,,,,,,,,,,,,
,,,,,,,Building Materials,Lumber,Dimensional Lumber,,AGB15520BS,1x6-20' Brownstone Grooved - Harvest Azek PVC Decking,TIMBERTECH,,,,Parksite,,,AGB15520BS,,Building Materials > Lumber > Dimensional Lumber,"Lumber, AGB15520BS, Board Size 1x6, Lumber Length 20 ft",LUMBER 1X6 20FT,"Lumber, AGB15520BS","Lumber, Model AGB15520BS, Board Size 1x6, Lumber Length 20 ft","Lumber, AGB15520BS",,Board Size: 1x6,Lumber Length: 20 ft,,,,,,,,,,,,,,,,,,,,,,Lumber,,Lumber,Board Size,1x6,,Lumber Length,20,ft,,,,,,,,,,,,,,,,,,,,,,,,,,,,,,,,,,,,,,,,,,,,,,,,,,,,,,,,,,,,,,,,,,,,,,,,,,,,,,,,,,,,,,,,,,,,,,,,,,,,,,,,,,,,,,,,,,,,,,,,,,,,,,,,,,,,,,,,,,,,,,,,,,,,30111501,,,,,,,,,,,,,,,,,,,,,,,,,,,,,,,,,,,,,,,,,,,
,,,,,,,Building Materials,Lumber,Dimensional Lumber,,AGB15512SG,1x6-12' Slate Gray Grooved - Harvest Azek PVC Decking,TIMBERTECH,,,,Parksite,,,AGB15512SG,,Building Materials > Lumber > Dimensional Lumber,"Lumber, AGB15512SG, Board Size 1x6, Lumber Length 12 ft, Color Gray",LUMBER 1X6 12FT GRAY,"Lumber, AGB15512SG","Lumber, Model AGB15512SG, Board Size 1x6, Lumber Length 12 ft, Color Gray","Lumber, AGB15512SG",,Board Size: 1x6,Lumber Length: 12 ft,Color: Gray,,,,,,,,,,,,,,,,,,,,,Lumber,,Lumber,Board Size,1x6,,Lumber Length,12,ft,Color,Gray,,,,,,,,,,,,,,,,,,,,,,,,,,,,,,,,,,,,,,,,,,,,,,,,,,,,,,,,,,,,,,,,,,,,,,,,,,,,,,,,,,,,,,,,,,,,,,,,,,,,,,,,,,,,,,,,,,,,,,,,,,,,,,,,,,,,,,,,,,,,,,,,,,30111501,,,,,,,,,,,,,,,,,,,,,,,,,,,,,,,,,,,,,,,,,,,
,,,,,,,Building Materials,Lumber,Dimensional Lumber,,AGB15516SG,1x6-16' Slate Gray Grooved - Harvest Azek PVC Decking,TIMBERTECH,,,,Parksite,,,AGB15516SG,,Building Materials > Lumber > Dimensional Lumber,"Lumber, AGB15516SG, Board Size 1x6, Lumber Length 16 ft, Color Gray",LUMBER 1X6 16FT GRAY,"Lumber, AGB15516SG","Lumber, Model AGB15516SG, Board Size 1x6, Lumber Length 16 ft, Color Gray","Lumber, AGB15516SG",,Board Size: 1x6,Lumber Length: 16 ft,Color: Gray,,,,,,,,,,,,,,,,,,,,,Lumber,,Lumber,Board Size,1x6,,Lumber Length,16,ft,Color,Gray,,,,,,,,,,,,,,,,,,,,,,,,,,,,,,,,,,,,,,,,,,,,,,,,,,,,,,,,,,,,,,,,,,,,,,,,,,,,,,,,,,,,,,,,,,,,,,,,,,,,,,,,,,,,,,,,,,,,,,,,,,,,,,,,,,,,,,,,,,,,,,,,,,30111501,,,,,,,,,,,,,,,,,,,,,,,,,,,,,,,,,,,,,,,,,,,
,,,,,,,Building Materials,Lumber,Dimensional Lumber,,AGB15520SG,1x6-20' Slate Gray Grooved - Harvest Azek PVC Decking,TIMBERTECH,,,,Parksite,,,AGB15520SG,,Building Materials > Lumber > Dimensional Lumber,"Lumber, AGB15520SG, Board Size 1x6, Lumber Length 20 ft, Color Gray",LUMBER 1X6 20FT GRAY,"Lumber, AGB15520SG","Lumber, Model AGB15520SG, Board Size 1x6, Lumber Length 20 ft, Color Gray","Lumber, AGB15520SG",,Board Size: 1x6,Lumber Length: 20 ft,Color: Gray,,,,,,,,,,,,,,,,,,,,,Lumber,,Lumber,Board Size,1x6,,Lumber Length,20,ft,Color,Gray,,,,,,,,,,,,,,,,,,,,,,,,,,,,,,,,,,,,,,,,,,,,,,,,,,,,,,,,,,,,,,,,,,,,,,,,,,,,,,,,,,,,,,,,,,,,,,,,,,,,,,,,,,,,,,,,,,,,,,,,,,,,,,,,,,,,,,,,,,,,,,,,,,30111501,,,,,,,,,,,,,,,,,,,,,,,,,,,,,,,,,,,,,,,,,,,
,,,,,,,Building Materials,Lumber,Dimensional Lumber,,543140016,1nx6-16' Biscayne Sq Edge - Trex Transcend Lineage Decking,TREX,,,,U S Lumber,,,543140016,,Building Materials > Lumber > Dimensional Lumber,"Lumber, 543140016, Lumber Length 16 ft",LUMBER 16FT,"Lumber, 543140016","Lumber, Model 543140016, Lumber Length 16 ft","Lumber, 543140016",,Lumber Length: 16 ft,,,,,,,,,,,,,,,,,,,,,,,Lumber,,Lumber,Lumber Length,16,ft,,,,,,,,,,,,,,,,,,,,,,,,,,,,,,,,,,,,,,,,,,,,,,,,,,,,,,,,,,,,,,,,,,,,,,,,,,,,,,,,,,,,,,,,,,,,,,,,,,,,,,,,,,,,,,,,,,,,,,,,,,,,,,,,,,,,,,,,,,,,,,,,,,,,,,,30111501,,,,,,,,,,,,,,,,,,,,,,,,,,,,,,,,,,,,,,,,,,,
,,,,,,,Building Materials,Lumber,Dimensional Lumber,,543140020,1nx6-20' Biscayne Sq Edge - Trex Transcend Lineage Decking,TREX,,,,U S Lumber,,,543140020,,Building Materials > Lumber > Dimensional Lumber,"Lumber, 543140020, Lumber Length 20 ft",LUMBER 20FT,"Lumber, 543140020","Lumber, Model 543140020, Lumber Length 20 ft","Lumber, 543140020",,Lumber Length: 20 ft,,,,,,,,,,,,,,,,,,,,,,,Lumber,,Lumber,Lumber Length,20,ft,,,,,,,,,,,,,,,,,,,,,,,,,,,,,,,,,,,,,,,,,,,,,,,,,,,,,,,,,,,,,,,,,,,,,,,,,,,,,,,,,,,,,,,,,,,,,,,,,,,,,,,,,,,,,,,,,,,,,,,,,,,,,,,,,,,,,,,,,,,,,,,,,,,,,,,30111501,,,,,,,,,,,,,,,,,,,,,,,,,,,,,,,,,,,,,,,,,,,
,,,,,,,Building Materials,Lumber,Dimensional Lumber,,543142016,1nx6-16' Carmel Sq Edge - Trex Transcend Lineage Decking,TREX,,,,U S Lumber,,,543142016,,Building Materials > Lumber > Dimensional Lumber,"Lumber, 543142016, Lumber Length 16 ft",LUMBER 16FT,"Lumber, 543142016","Lumber, Model 543142016, Lumber Length 16 ft","Lumber, 543142016",,Lumber Length: 16 ft,,,,,,,,,,,,,,,,,,,,,,,Lumber,,Lumber,Lumber Length,16,ft,,,,,,,,,,,,,,,,,,,,,,,,,,,,,,,,,,,,,,,,,,,,,,,,,,,,,,,,,,,,,,,,,,,,,,,,,,,,,,,,,,,,,,,,,,,,,,,,,,,,,,,,,,,,,,,,,,,,,,,,,,,,,,,,,,,,,,,,,,,,,,,,,,,,,,,30111501,,,,,,,,,,,,,,,,,,,,,,,,,,,,,,,,,,,,,,,,,,,
,,,,,,,Building Materials,Lumber,Dimensional Lumber,,543142020,1nx6-20' Carmel Sq Edge - Trex Transcend Lineage Decking,TREX,,,,U S Lumber,,,543142020,,Building Materials > Lumber > Dimensional Lumber,"Lumber, 543142020, Lumber Length 20 ft",LUMBER 20FT,"Lumber, 543142020","Lumber, Model 543142020, Lumber Length 20 ft","Lumber, 543142020",,Lumber Length: 20 ft,,,,,,,,,,,,,,,,,,,,,,,Lumber,,Lumber,Lumber Length,20,ft,,,,,,,,,,,,,,,,,,,,,,,,,,,,,,,,,,,,,,,,,,,,,,,,,,,,,,,,,,,,,,,,,,,,,,,,,,,,,,,,,,,,,,,,,,,,,,,,,,,,,,,,,,,,,,,,,,,,,,,,,,,,,,,,,,,,,,,,,,,,,,,,,,,,,,,30111501,,,,,,,,,,,,,,,,,,,,,,,,,,,,,,,,,,,,,,,,,,,
,,,,,,,Building Materials,Lumber,Dimensional Lumber,,543144016,1nx6-16' Island Mist Sq Edge - Trex Transcend Lineage Decking,TREX,,,,U S Lumber,,,543144016,,Building Materials > Lumber > Dimensional Lumber,"Lumber, 543144016, Lumber Length 16 ft",LUMBER 16FT,"Lumber, 543144016","Lumber, Model 543144016, Lumber Length 16 ft","Lumber, 543144016",,Lumber Length: 16 ft,,,,,,,,,,,,,,,,,,,,,,,Lumber,,Lumber,Lumber Length,16,ft,,,,,,,,,,,,,,,,,,,,,,,,,,,,,,,,,,,,,,,,,,,,,,,,,,,,,,,,,,,,,,,,,,,,,,,,,,,,,,,,,,,,,,,,,,,,,,,,,,,,,,,,,,,,,,,,,,,,,,,,,,,,,,,,,,,,,,,,,,,,,,,,,,,,,,,30111501,,,,,,,,,,,,,,,,,,,,,,,,,,,,,,,,,,,,,,,,,,,
,,,,,,,Building Materials,Lumber,Dimensional Lumber,,543144020,1nx6-20' Island Mist Sq Edge - Trex Transcend Lineage Decking,TREX,,,,U S Lumber,,,543144020,,Building Materials > Lumber > Dimensional Lumber,"Lumber, 543144020, Lumber Length 20 ft",LUMBER 20FT,"Lumber, 543144020","Lumber, Model 543144020, Lumber Length 20 ft","Lumber, 543144020",,Lumber Length: 20 ft,,,,,,,,,,,,,,,,,,,,,,,Lumber,,Lumber,Lumber Length,20,ft,,,,,,,,,,,,,,,,,,,,,,,,,,,,,,,,,,,,,,,,,,,,,,,,,,,,,,,,,,,,,,,,,,,,,,,,,,,,,,,,,,,,,,,,,,,,,,,,,,,,,,,,,,,,,,,,,,,,,,,,,,,,,,,,,,,,,,,,,,,,,,,,,,,,,,,30111501,,,,,,,,,,,,,,,,,,,,,,,,,,,,,,,,,,,,,,,,,,,
,,,,,,,Building Materials,Lumber,Dimensional Lumber,,543143016,1nx6-16' Jasper Sq Edge - Trex Transcend Lineage Decking,TREX,,,,U S Lumber,,,543143016,,Building Materials > Lumber > Dimensional Lumber,"Lumber, 543143016, Lumber Length 16 ft",LUMBER 16FT,"Lumber, 543143016","Lumber, Model 543143016, Lumber Length 16 ft","Lumber, 543143016",,Lumber Length: 16 ft,,,,,,,,,,,,,,,,,,,,,,,Lumber,,Lumber,Lumber Length,16,ft,,,,,,,,,,,,,,,,,,,,,,,,,,,,,,,,,,,,,,,,,,,,,,,,,,,,,,,,,,,,,,,,,,,,,,,,,,,,,,,,,,,,,,,,,,,,,,,,,,,,,,,,,,,,,,,,,,,,,,,,,,,,,,,,,,,,,,,,,,,,,,,,,,,,,,,30111501,,,,,,,,,,,,,,,,,,,,,,,,,,,,,,,,,,,,,,,,,,,
,,,,,,,Building Materials,Lumber,Dimensional Lumber,,543143020,1nx6-20' Jasper Sq Edge - Trex Transcend Lineage Decking,TREX,,,,U S Lumber,,,543143020,,Building Materials > Lumber > Dimensional Lumber,"Lumber, 543143020, Lumber Length 20 ft",LUMBER 20FT,"Lumber, 543143020","Lumber, Model 543143020, Lumber Length 20 ft","Lumber, 543143020",,Lumber Length: 20 ft,,,,,,,,,,,,,,,,,,,,,,,Lumber,,Lumber,Lumber Length,20,ft,,,,,,,,,,,,,,,,,,,,,,,,,,,,,,,,,,,,,,,,,,,,,,,,,,,,,,,,,,,,,,,,,,,,,,,,,,,,,,,,,,,,,,,,,,,,,,,,,,,,,,,,,,,,,,,,,,,,,,,,,,,,,,,,,,,,,,,,,,,,,,,,,,,,,,,30111501,,,,,,,,,,,,,,,,,,,,,,,,,,,,,,,,,,,,,,,,,,,
,,,,,,,Building Materials,Lumber,Dimensional Lumber,,543141016,1nx6-16' Rainier Sq Edge - Trex Transcend Lineage Decking,TREX,,,,U S Lumber,,,543141016,,Building Materials > Lumber > Dimensional Lumber,"Lumber, 543141016, Lumber Length 16 ft",LUMBER 16FT,"Lumber, 543141016","Lumber, Model 543141016, Lumber Length 16 ft","Lumber, 543141016",,Lumber Length: 16 ft,,,,,,,,,,,,,,,,,,,,,,,Lumber,,Lumber,Lumber Length,16,ft,,,,,,,,,,,,,,,,,,,,,,,,,,,,,,,,,,,,,,,,,,,,,,,,,,,,,,,,,,,,,,,,,,,,,,,,,,,,,,,,,,,,,,,,,,,,,,,,,,,,,,,,,,,,,,,,,,,,,,,,,,,,,,,,,,,,,,,,,,,,,,,,,,,,,,,30111501,,,,,,,,,,,,,,,,,,,,,,,,,,,,,,,,,,,,,,,,,,,
,,,,,,,Building Materials,Lumber,Dimensional Lumber,,543141020,1nx6-20' Rainier Sq Edge - Trex Transcend Lineage Decking,TREX,,,,U S Lumber,,,543141020,,Building Materials > Lumber > Dimensional Lumber,"Lumber, 543141020, Lumber Length 20 ft",LUMBER 20FT,"Lumber, 543141020","Lumber, Model 543141020, Lumber Length 20 ft","Lumber, 543141020",,Lumber Length: 20 ft,,,,,,,,,,,,,,,,,,,,,,,Lumber,,Lumber,Lumber Length,20,ft,,,,,,,,,,,,,,,,,,,,,,,,,,,,,,,,,,,,,,,,,,,,,,,,,,,,,,,,,,,,,,,,,,,,,,,,,,,,,,,,,,,,,,,,,,,,,,,,,,,,,,,,,,,,,,,,,,,,,,,,,,,,,,,,,,,,,,,,,,,,,,,,,,,,,,,30111501,,,,,,,,,,,,,,,,,,,,,,,,,,,,,,,,,,,,,,,,,,,
,,,,,,,Building Materials,Lumber,Dimensional Lumber,,543140412,1nx6-12' Biscayne Grooved - Trex Transcend Lineage Decking,TREX,,,,U S Lumber,,,543140412,,Building Materials > Lumber > Dimensional Lumber,"Lumber, 543140412, Lumber Length 12 ft",LUMBER 12FT,"Lumber, 543140412","Lumber, Model 543140412, Lumber Length 12 ft","Lumber, 543140412",,Lumber Length: 12 ft,,,,,,,,,,,,,,,,,,,,,,,Lumber,,Lumber,Lumber Length,12,ft,,,,,,,,,,,,,,,,,,,,,,,,,,,,,,,,,,,,,,,,,,,,,,,,,,,,,,,,,,,,,,,,,,,,,,,,,,,,,,,,,,,,,,,,,,,,,,,,,,,,,,,,,,,,,,,,,,,,,,,,,,,,,,,,,,,,,,,,,,,,,,,,,,,,,,,30111501,,,,,,,,,,,,,,,,,,,,,,,,,,,,,,,,,,,,,,,,,,,
,,,,,,,Building Materials,Lumber,Dimensional Lumber,,543140416,1nx6-16' Biscayne Grooved - Trex Transcend Lineage Decking,TREX,,,,U S Lumber,,,543140416,,Building Materials > Lumber > Dimensional Lumber,"Lumber, 543140416, Lumber Length 16 ft",LUMBER 16FT,"Lumber, 543140416","Lumber, Model 543140416, Lumber Length 16 ft","Lumber, 543140416",,Lumber Length: 16 ft,,,,,,,,,,,,,,,,,,,,,,,Lumber,,Lumber,Lumber Length,16,ft,,,,,,,,,,,,,,,,,,,,,,,,,,,,,,,,,,,,,,,,,,,,,,,,,,,,,,,,,,,,,,,,,,,,,,,,,,,,,,,,,,,,,,,,,,,,,,,,,,,,,,,,,,,,,,,,,,,,,,,,,,,,,,,,,,,,,,,,,,,,,,,,,,,,,,,30111501,,,,,,,,,,,,,,,,,,,,,,,,,,,,,,,,,,,,,,,,,,,
,,,,,,,Building Materials,Lumber,Dimensional Lumber,,543140420,1nx6-20' Biscayne Grooved - Trex Transcend Lineage Decking,TREX,,,,U S Lumber,,,543140420,,Building Materials > Lumber > Dimensional Lumber,"Lumber, 543140420, Lumber Length 20 ft",LUMBER 20FT,"Lumber, 543140420","Lumber, Model 543140420, Lumber Length 20 ft","Lumber, 543140420",,Lumber Length: 20 ft,,,,,,,,,,,,,,,,,,,,,,,Lumber,,Lumber,Lumber Length,20,ft,,,,,,,,,,,,,,,,,,,,,,,,,,,,,,,,,,,,,,,,,,,,,,,,,,,,,,,,,,,,,,,,,,,,,,,,,,,,,,,,,,,,,,,,,,,,,,,,,,,,,,,,,,,,,,,,,,,,,,,,,,,,,,,,,,,,,,,,,,,,,,,,,,,,,,,30111501,,,,,,,,,,,,,,,,,,,,,,,,,,,,,,,,,,,,,,,,,,,
,,,,,,,Building Materials,Lumber,Dimensional Lumber,,543142412,1nx6-12' Carmel Grooved - Trex Transcend Lineage Decking,TREX,,,,U S Lumber,,,543142412,,Building Materials > Lumber > Dimensional Lumber,"Lumber, 543142412, Lumber Length 12 ft",LUMBER 12FT,"Lumber, 543142412","Lumber, Model 543142412, Lumber Length 12 ft","Lumber, 543142412",,Lumber Length: 12 ft,,,,,,,,,,,,,,,,,,,,,,,Lumber,,Lumber,Lumber Length,12,ft,,,,,,,,,,,,,,,,,,,,,,,,,,,,,,,,,,,,,,,,,,,,,,,,,,,,,,,,,,,,,,,,,,,,,,,,,,,,,,,,,,,,,,,,,,,,,,,,,,,,,,,,,,,,,,,,,,,,,,,,,,,,,,,,,,,,,,,,,,,,,,,,,,,,,,,30111501,,,,,,,,,,,,,,,,,,,,,,,,,,,,,,,,,,,,,,,,,,,
,,,,,,,Building Materials,Lumber,Dimensional Lumber,,543142416,1nx6-16' Carmel Grooved - Trex Transcend Lineage Decking,TREX,,,,U S Lumber,,,543142416,,Building Materials > Lumber > Dimensional Lumber,"Lumber, 543142416, Lumber Length 16 ft",LUMBER 16FT,"Lumber, 543142416","Lumber, Model 543142416, Lumber Length 16 ft","Lumber, 543142416",,Lumber Length: 16 ft,,,,,,,,,,,,,,,,,,,,,,,Lumber,,Lumber,Lumber Length,16,ft,,,,,,,,,,,,,,,,,,,,,,,,,,,,,,,,,,,,,,,,,,,,,,,,,,,,,,,,,,,,,,,,,,,,,,,,,,,,,,,,,,,,,,,,,,,,,,,,,,,,,,,,,,,,,,,,,,,,,,,,,,,,,,,,,,,,,,,,,,,,,,,,,,,,,,,30111501,,,,,,,,,,,,,,,,,,,,,,,,,,,,,,,,,,,,,,,,,,,
,,,,,,,Building Materials,Lumber,Dimensional Lumber,,543142420,1nx6-20' Carmel Grooved - Trex Transcend Lineage Decking,TREX,,,,U S Lumber,,,543142420,,Building Materials > Lumber > Dimensional Lumber,"Lumber, 543142420, Lumber Length 20 ft",LUMBER 20FT,"Lumber, 543142420","Lumber, Model 543142420, Lumber Length 20 ft","Lumber, 543142420",,Lumber Length: 20 ft,,,,,,,,,,,,,,,,,,,,,,,Lumber,,Lumber,Lumber Length,20,ft,,,,,,,,,,,,,,,,,,,,,,,,,,,,,,,,,,,,,,,,,,,,,,,,,,,,,,,,,,,,,,,,,,,,,,,,,,,,,,,,,,,,,,,,,,,,,,,,,,,,,,,,,,,,,,,,,,,,,,,,,,,,,,,,,,,,,,,,,,,,,,,,,,,,,,,30111501,,,,,,,,,,,,,,,,,,,,,,,,,,,,,,,,,,,,,,,,,,,
,,,,,,,Building Materials,Lumber,Dimensional Lumber,,543144412,1nx6-12' Island Mist Grooved - Trex Transcend Lineage Decking,TREX,,,,U S Lumber,,,543144412,,Building Materials > Lumber > Dimensional Lumber,"Lumber, 543144412, Lumber Length 12 ft",LUMBER 12FT,"Lumber, 543144412","Lumber, Model 543144412, Lumber Length 12 ft","Lumber, 543144412",,Lumber Length: 12 ft,,,,,,,,,,,,,,,,,,,,,,,Lumber,,Lumber,Lumber Length,12,ft,,,,,,,,,,,,,,,,,,,,,,,,,,,,,,,,,,,,,,,,,,,,,,,,,,,,,,,,,,,,,,,,,,,,,,,,,,,,,,,,,,,,,,,,,,,,,,,,,,,,,,,,,,,,,,,,,,,,,,,,,,,,,,,,,,,,,,,,,,,,,,,,,,,,,,,30111501,,,,,,,,,,,,,,,,,,,,,,,,,,,,,,,,,,,,,,,,,,,
,,,,,,,Building Materials,Lumber,Dimensional Lumber,,543144416,1nx6-16' Island Mist Grooved - Trex Transcend Lineage Decking,TREX,,,,U S Lumber,,,543144416,,Building Materials > Lumber > Dimensional Lumber,"Lumber, 543144416, Lumber Length 16 ft",LUMBER 16FT,"Lumber, 543144416","Lumber, Model 543144416, Lumber Length 16 ft","Lumber, 543144416",,Lumber Length: 16 ft,,,,,,,,,,,,,,,,,,,,,,,Lumber,,Lumber,Lumber Length,16,ft,,,,,,,,,,,,,,,,,,,,,,,,,,,,,,,,,,,,,,,,,,,,,,,,,,,,,,,,,,,,,,,,,,,,,,,,,,,,,,,,,,,,,,,,,,,,,,,,,,,,,,,,,,,,,,,,,,,,,,,,,,,,,,,,,,,,,,,,,,,,,,,,,,,,,,,30111501,,,,,,,,,,,,,,,,,,,,,,,,,,,,,,,,,,,,,,,,,,,
,,,,,,,Building Materials,Lumber,Dimensional Lumber,,543144420,1nx6-20' Island Mist Grooved - Trex Transcend Lineage Decking,TREX,,,,U S Lumber,,,543144420,,Building Materials > Lumber > Dimensional Lumber,"Lumber, 543144420, Lumber Length 20 ft",LUMBER 20FT,"Lumber, 543144420","Lumber, Model 543144420, Lumber Length 20 ft","Lumber, 543144420",,Lumber Length: 20 ft,,,,,,,,,,,,,,,,,,,,,,,Lumber,,Lumber,Lumber Length,20,ft,,,,,,,,,,,,,,,,,,,,,,,,,,,,,,,,,,,,,,,,,,,,,,,,,,,,,,,,,,,,,,,,,,,,,,,,,,,,,,,,,,,,,,,,,,,,,,,,,,,,,,,,,,,,,,,,,,,,,,,,,,,,,,,,,,,,,,,,,,,,,,,,,,,,,,,30111501,,,,,,,,,,,,,,,,,,,,,,,,,,,,,,,,,,,,,,,,,,,
,,,,,,,Building Materials,Lumber,Dimensional Lumber,,543143412,1nx6-12' Jasper Grooved - Trex Transcend Lineage Decking,TREX,,,,U S Lumber,,,543143412,,Building Materials > Lumber > Dimensional Lumber,"Lumber, 543143412, Lumber Length 12 ft",LUMBER 12FT,"Lumber, 543143412","Lumber, Model 543143412, Lumber Length 12 ft","Lumber, 543143412",,Lumber Length: 12 ft,,,,,,,,,,,,,,,,,,,,,,,Lumber,,Lumber,Lumber Length,12,ft,,,,,,,,,,,,,,,,,,,,,,,,,,,,,,,,,,,,,,,,,,,,,,,,,,,,,,,,,,,,,,,,,,,,,,,,,,,,,,,,,,,,,,,,,,,,,,,,,,,,,,,,,,,,,,,,,,,,,,,,,,,,,,,,,,,,,,,,,,,,,,,,,,,,,,,30111501,,,,,,,,,,,,,,,,,,,,,,,,,,,,,,,,,,,,,,,,,,,
,,,,,,,Building Materials,Lumber,Dimensional Lumber,,543143416,1nx6-16' Jasper Grooved - Trex Transcend Lineage Decking,TREX,,,,U S Lumber,,,543143416,,Building Materials > Lumber > Dimensional Lumber,"Lumber, 543143416, Lumber Length 16 ft",LUMBER 16FT,"Lumber, 543143416","Lumber, Model 543143416, Lumber Length 16 ft","Lumber, 543143416",,Lumber Length: 16 ft,,,,,,,,,,,,,,,,,,,,,,,Lumber,,Lumber,Lumber Length,16,ft,,,,,,,,,,,,,,,,,,,,,,,,,,,,,,,,,,,,,,,,,,,,,,,,,,,,,,,,,,,,,,,,,,,,,,,,,,,,,,,,,,,,,,,,,,,,,,,,,,,,,,,,,,,,,,,,,,,,,,,,,,,,,,,,,,,,,,,,,,,,,,,,,,,,,,,30111501,,,,,,,,,,,,,,,,,,,,,,,,,,,,,,,,,,,,,,,,,,,
,,,,,,,Building Materials,Lumber,Dimensional Lumber,,543143420,1nx6-20' Jasper Grooved - Trex Transcend Lineage Decking,TREX,,,,U S Lumber,,,543143420,,Building Materials > Lumber > Dimensional Lumber,"Lumber, 543143420, Lumber Length 20 ft",LUMBER 20FT,"Lumber, 543143420","Lumber, Model 543143420, Lumber Length 20 ft","Lumber, 543143420",,Lumber Length: 20 ft,,,,,,,,,,,,,,,,,,,,,,,Lumber,,Lumber,Lumber Length,20,ft,,,,,,,,,,,,,,,,,,,,,,,,,,,,,,,,,,,,,,,,,,,,,,,,,,,,,,,,,,,,,,,,,,,,,,,,,,,,,,,,,,,,,,,,,,,,,,,,,,,,,,,,,,,,,,,,,,,,,,,,,,,,,,,,,,,,,,,,,,,,,,,,,,,,,,,30111501,,,,,,,,,,,,,,,,,,,,,,,,,,,,,,,,,,,,,,,,,,,
,,,,,,,Building Materials,Lumber,Dimensional Lumber,,543141412,1nx6-12' Rainier Grooved - Trex Transcend Lineage Decking,TREX,,,,U S Lumber,,,543141412,,Building Materials > Lumber > Dimensional Lumber,"Lumber, 543141412, Lumber Length 12 ft",LUMBER 12FT,"Lumber, 543141412","Lumber, Model 543141412, Lumber Length 12 ft","Lumber, 543141412",,Lumber Length: 12 ft,,,,,,,,,,,,,,,,,,,,,,,Lumber,,Lumber,Lumber Length,12,ft,,,,,,,,,,,,,,,,,,,,,,,,,,,,,,,,,,,,,,,,,,,,,,,,,,,,,,,,,,,,,,,,,,,,,,,,,,,,,,,,,,,,,,,,,,,,,,,,,,,,,,,,,,,,,,,,,,,,,,,,,,,,,,,,,,,,,,,,,,,,,,,,,,,,,,,30111501,,,,,,,,,,,,,,,,,,,,,,,,,,,,,,,,,,,,,,,,,,,
,,,,,,,Building Materials,Lumber,Dimensional Lumber,,543141416,1nx6-16' Rainier Grooved - Trex Transcend Lineage Decking,TREX,,,,U S Lumber,,,543141416,,Building Materials > Lumber > Dimensional Lumber,"Lumber, 543141416, Lumber Length 16 ft",LUMBER 16FT,"Lumber, 543141416","Lumber, Model 543141416, Lumber Length 16 ft","Lumber, 543141416",,Lumber Length: 16 ft,,,,,,,,,,,,,,,,,,,,,,,Lumber,,Lumber,Lumber Length,16,ft,,,,,,,,,,,,,,,,,,,,,,,,,,,,,,,,,,,,,,,,,,,,,,,,,,,,,,,,,,,,,,,,,,,,,,,,,,,,,,,,,,,,,,,,,,,,,,,,,,,,,,,,,,,,,,,,,,,,,,,,,,,,,,,,,,,,,,,,,,,,,,,,,,,,,,,30111501,,,,,,,,,,,,,,,,,,,,,,,,,,,,,,,,,,,,,,,,,,,
,,,,,,,Building Materials,Lumber,Dimensional Lumber,,543141420,1nx6-20' Rainier Grooved - Trex Transcend Lineage Decking,TREX,,,,U S Lumber,,,543141420,,Building Materials > Lumber > Dimensional Lumber,"Lumber, 543141420, Lumber Length 20 ft",LUMBER 20FT,"Lumber, 543141420","Lumber, Model 543141420, Lumber Length 20 ft","Lumber, 543141420",,Lumber Length: 20 ft,,,,,,,,,,,,,,,,,,,,,,,Lumber,,Lumber,Lumber Length,20,ft,,,,,,,,,,,,,,,,,,,,,,,,,,,,,,,,,,,,,,,,,,,,,,,,,,,,,,,,,,,,,,,,,,,,,,,,,,,,,,,,,,,,,,,,,,,,,,,,,,,,,,,,,,,,,,,,,,,,,,,,,,,,,,,,,,,,,,,,,,,,,,,,,,,,,,,30111501,,,,,,,,,,,,,,,,,,,,,,,,,,,,,,,,,,,,,,,,,,,
,,,,,,,Building Materials,Lumber,Dimensional Lumber,,1513703,1nx6-16' Hatteras Sq Edge - Trex Transcend Lineage Decking,TREX,,,,Boise Cascade Building Materials,Boise Cascade,Boise Cascade,1513703,,Building Materials > Lumber > Dimensional Lumber,"Boise Cascade Lumber, 1513703, Lumber Length 16 ft",LUMBER 16FT,"Boise Cascade Lumber, 1513703","Boise Cascade Lumber, Model 1513703, Lumber Length 16 ft","Boise Cascade Lumber, 1513703",,Lumber Length: 16 ft,,,,,,,,,,,,,,,,,,,,,,,Lumber,,Lumber,Lumber Length,16,ft,,,,,,,,,,,,,,,,,,,,,,,,,,,,,,,,,,,,,,,,,,,,,,,,,,,,,,,,,,,,,,,,,,,,,,,,,,,,,,,,,,,,,,,,,,,,,,,,,,,,,,,,,,,,,,,,,,,,,,,,,,,,,,,,,,,,,,,,,,,,,,,,,,,,,,,30111501,,,,,,,,,,,,,,,,,,,,,,,,,,,,,,,,,,,,,,,,,,,
,,,,,,,Building Materials,Lumber,Dimensional Lumber,,1513704,1nx6-20' Hatteras Sq Edge - Trex Transcend Lineage Decking,TREX,,,,Boise Cascade Building Materials,Boise Cascade,Boise Cascade,1513704,,Building Materials > Lumber > Dimensional Lumber,"Boise Cascade Lumber, 1513704, Lumber Length 20 ft",LUMBER 20FT,"Boise Cascade Lumber, 1513704","Boise Cascade Lumber, Model 1513704, Lumber Length 20 ft","Boise Cascade Lumber, 1513704",,Lumber Length: 20 ft,,,,,,,,,,,,,,,,,,,,,,,Lumber,,Lumber,Lumber Length,20,ft,,,,,,,,,,,,,,,,,,,,,,,,,,,,,,,,,,,,,,,,,,,,,,,,,,,,,,,,,,,,,,,,,,,,,,,,,,,,,,,,,,,,,,,,,,,,,,,,,,,,,,,,,,,,,,,,,,,,,,,,,,,,,,,,,,,,,,,,,,,,,,,,,,,,,,,30111501,,,,,,,,,,,,,,,,,,,,,,,,,,,,,,,,,,,,,,,,,,,
,,,,,,,Building Materials,Lumber,Dimensional Lumber,,1513705,1nx6-12' Hatteras Grooved - Trex Transcend Lineage Decking,TREX,,,,Boise Cascade Building Materials,Boise Cascade,Boise Cascade,1513705,,Building Materials > Lumber > Dimensional Lumber,"Boise Cascade Lumber, 1513705, Lumber Length 12 ft",LUMBER 12FT,"Boise Cascade Lumber, 1513705","Boise Cascade Lumber, Model 1513705, Lumber Length 12 ft","Boise Cascade Lumber, 1513705",,Lumber Length: 12 ft,,,,,,,,,,,,,,,,,,,,,,,Lumber,,Lumber,Lumber Length,12,ft,,,,,,,,,,,,,,,,,,,,,,,,,,,,,,,,,,,,,,,,,,,,,,,,,,,,,,,,,,,,,,,,,,,,,,,,,,,,,,,,,,,,,,,,,,,,,,,,,,,,,,,,,,,,,,,,,,,,,,,,,,,,,,,,,,,,,,,,,,,,,,,,,,,,,,,30111501,,,,,,,,,,,,,,,,,,,,,,,,,,,,,,,,,,,,,,,,,,,
,,,,,,,Building Materials,Lumber,Dimensional Lumber,,1513706,1nx6-16' Hatteras Grooved - Trex Transcend Lineage Decking,TREX,,,,Boise Cascade Building Materials,Boise Cascade,Boise Cascade,1513706,,Building Materials > Lumber > Dimensional Lumber,"Boise Cascade Lumber, 1513706, Lumber Length 16 ft",LUMBER 16FT,"Boise Cascade Lumber, 1513706","Boise Cascade Lumber, Model 1513706, Lumber Length 16 ft","Boise Cascade Lumber, 1513706",,Lumber Length: 16 ft,,,,,,,,,,,,,,,,,,,,,,,Lumber,,Lumber,Lumber Length,16,ft,,,,,,,,,,,,,,,,,,,,,,,,,,,,,,,,,,,,,,,,,,,,,,,,,,,,,,,,,,,,,,,,,,,,,,,,,,,,,,,,,,,,,,,,,,,,,,,,,,,,,,,,,,,,,,,,,,,,,,,,,,,,,,,,,,,,,,,,,,,,,,,,,,,,,,,30111501,,,,,,,,,,,,,,,,,,,,,,,,,,,,,,,,,,,,,,,,,,,
,,,,,,,Building Materials,Lumber,Dimensional Lumber,,1513707,1nx6-20' Hatteras Grooved - Trex Transcend Lineage Decking,TREX,,,,Boise Cascade Building Materials,Boise Cascade,Boise Cascade,1513707,,Building Materials > Lumber > Dimensional Lumber,"Boise Cascade Lumber, 1513707, Lumber Length 20 ft",LUMBER 20FT,"Boise Cascade Lumber, 1513707","Boise Cascade Lumber, Model 1513707, Lumber Length 20 ft","Boise Cascade Lumber, 1513707",,Lumber Length: 20 ft,,,,,,,,,,,,,,,,,,,,,,,Lumber,,Lumber,Lumber Length,20,ft,,,,,,,,,,,,,,,,,,,,,,,,,,,,,,,,,,,,,,,,,,,,,,,,,,,,,,,,,,,,,,,,,,,,,,,,,,,,,,,,,,,,,,,,,,,,,,,,,,,,,,,,,,,,,,,,,,,,,,,,,,,,,,,,,,,,,,,,,,,,,,,,,,,,,,,30111501,,,,,,,,,,,,,,,,,,,,,,,,,,,,,,,,,,,,,,,,,,,
,,,,,,,Building Materials,Lumber,Dimensional Lumber,,1513708,1nx6-16' Salt Flat Sq Edge - Trex Transcend Lineage Decking,TREX,,,,Boise Cascade Building Materials,Boise Cascade,Boise Cascade,1513708,,Building Materials > Lumber > Dimensional Lumber,"Boise Cascade Lumber, 1513708, Lumber Length 16 ft",LUMBER 16FT,"Boise Cascade Lumber, 1513708","Boise Cascade Lumber, Model 1513708, Lumber Length 16 ft","Boise Cascade Lumber, 1513708",,Lumber Length: 16 ft,,,,,,,,,,,,,,,,,,,,,,,Lumber,,Lumber,Lumber Length,16,ft,,,,,,,,,,,,,,,,,,,,,,,,,,,,,,,,,,,,,,,,,,,,,,,,,,,,,,,,,,,,,,,,,,,,,,,,,,,,,,,,,,,,,,,,,,,,,,,,,,,,,,,,,,,,,,,,,,,,,,,,,,,,,,,,,,,,,,,,,,,,,,,,,,,,,,,30111501,,,,,,,,,,,,,,,,,,,,,,,,,,,,,,,,,,,,,,,,,,,
,,,,,,,Building Materials,Lumber,Dimensional Lumber,,1513709,1nx6-20' Salt Flat Sq Edge - Trex Transcend Lineage Decking,TREX,,,,Boise Cascade Building Materials,Boise Cascade,Boise Cascade,1513709,,Building Materials > Lumber > Dimensional Lumber,"Boise Cascade Lumber, 1513709, Lumber Length 20 ft",LUMBER 20FT,"Boise Cascade Lumber, 1513709","Boise Cascade Lumber, Model 1513709, Lumber Length 20 ft","Boise Cascade Lumber, 1513709",,Lumber Length: 20 ft,,,,,,,,,,,,,,,,,,,,,,,Lumber,,Lumber,Lumber Length,20,ft,,,,,,,,,,,,,,,,,,,,,,,,,,,,,,,,,,,,,,,,,,,,,,,,,,,,,,,,,,,,,,,,,,,,,,,,,,,,,,,,,,,,,,,,,,,,,,,,,,,,,,,,,,,,,,,,,,,,,,,,,,,,,,,,,,,,,,,,,,,,,,,,,,,,,,,30111501,,,,,,,,,,,,,,,,,,,,,,,,,,,,,,,,,,,,,,,,,,,
,,,,,,,Building Materials,Lumber,Dimensional Lumber,,1513710,1nx6-12' Salt Flat Grooved - Trex Transcend Lineage Decking,TREX,,,,Boise Cascade Building Materials,Boise Cascade,Boise Cascade,1513710,,Building Materials > Lumber > Dimensional Lumber,"Boise Cascade Lumber, 1513710, Lumber Length 12 ft",LUMBER 12FT,"Boise Cascade Lumber, 1513710","Boise Cascade Lumber, Model 1513710, Lumber Length 12 ft","Boise Cascade Lumber, 1513710",,Lumber Length: 12 ft,,,,,,,,,,,,,,,,,,,,,,,Lumber,,Lumber,Lumber Length,12,ft,,,,,,,,,,,,,,,,,,,,,,,,,,,,,,,,,,,,,,,,,,,,,,,,,,,,,,,,,,,,,,,,,,,,,,,,,,,,,,,,,,,,,,,,,,,,,,,,,,,,,,,,,,,,,,,,,,,,,,,,,,,,,,,,,,,,,,,,,,,,,,,,,,,,,,,30111501,,,,,,,,,,,,,,,,,,,,,,,,,,,,,,,,,,,,,,,,,,,
,,,,,,,Building Materials,Lumber,Dimensional Lumber,,1513711,1nx6-16' Salt Flat Grooved - Trex Transcend Lineage Decking,TREX,,,,Boise Cascade Building Materials,Boise Cascade,Boise Cascade,1513711,,Building Materials > Lumber > Dimensional Lumber,"Boise Cascade Lumber, 1513711, Lumber Length 16 ft",LUMBER 16FT,"Boise Cascade Lumber, 1513711","Boise Cascade Lumber, Model 1513711, Lumber Length 16 ft","Boise Cascade Lumber, 1513711",,Lumber Length: 16 ft,,,,,,,,,,,,,,,,,,,,,,,Lumber,,Lumber,Lumber Length,16,ft,,,,,,,,,,,,,,,,,,,,,,,,,,,,,,,,,,,,,,,,,,,,,,,,,,,,,,,,,,,,,,,,,,,,,,,,,,,,,,,,,,,,,,,,,,,,,,,,,,,,,,,,,,,,,,,,,,,,,,,,,,,,,,,,,,,,,,,,,,,,,,,,,,,,,,,30111501,,,,,,,,,,,,,,,,,,,,,,,,,,,,,,,,,,,,,,,,,,,
,,,,,,,Building Materials,Lumber,Dimensional Lumber,,1513712,1nx6-20' Salt Flat Grooved - Trex Transcend Lineage Decking,TREX,,,,Boise Cascade Building Materials,Boise Cascade,Boise Cascade,1513712,,Building Materials > Lumber > Dimensional Lumber,"Boise Cascade Lumber, 1513712, Lumber Length 20 ft",LUMBER 20FT,"Boise Cascade Lumber, 1513712","Boise Cascade Lumber, Model 1513712, Lumber Length 20 ft","Boise Cascade Lumber, 1513712",,Lumber Length: 20 ft,,,,,,,,,,,,,,,,,,,,,,,Lumber,,Lumber,Lumber Length,20,ft,,,,,,,,,,,,,,,,,,,,,,,,,,,,,,,,,,,,,,,,,,,,,,,,,,,,,,,,,,,,,,,,,,,,,,,,,,,,,,,,,,,,,,,,,,,,,,,,,,,,,,,,,,,,,,,,,,,,,,,,,,,,,,,,,,,,,,,,,,,,,,,,,,,,,,,30111501,,,,,,,,,,,,,,,,,,,,,,,,,,,,,,,,,,,,,,,,,,,
,,,,,,,Building Materials,Lumber,Dimensional Lumber,,1513717,1nx6-16' Honey Grove Sq Edge - Trex Enhance Naturals Decking,TREX,,,,Boise Cascade Building Materials,Boise Cascade,Boise Cascade,1513717,,Building Materials > Lumber > Dimensional Lumber,"Boise Cascade Lumber, 1513717, Lumber Length 16 ft",LUMBER 16FT,"Boise Cascade Lumber, 1513717","Boise Cascade Lumber, Model 1513717, Lumber Length 16 ft","Boise Cascade Lumber, 1513717",,Lumber Length: 16 ft,,,,,,,,,,,,,,,,,,,,,,,Lumber,,Lumber,Lumber Length,16,ft,,,,,,,,,,,,,,,,,,,,,,,,,,,,,,,,,,,,,,,,,,,,,,,,,,,,,,,,,,,,,,,,,,,,,,,,,,,,,,,,,,,,,,,,,,,,,,,,,,,,,,,,,,,,,,,,,,,,,,,,,,,,,,,,,,,,,,,,,,,,,,,,,,,,,,,30111501,,,,,,,,,,,,,,,,,,,,,,,,,,,,,,,,,,,,,,,,,,,
,,,,,,,Building Materials,Lumber,Dimensional Lumber,,1513718,1nx6-20' Honey Grove Sq Edge - Trex Enhance Naturals Decking,TREX,,,,Boise Cascade Building Materials,Boise Cascade,Boise Cascade,1513718,,Building Materials > Lumber > Dimensional Lumber,"Boise Cascade Lumber, 1513718, Lumber Length 20 ft",LUMBER 20FT,"Boise Cascade Lumber, 1513718","Boise Cascade Lumber, Model 1513718, Lumber Length 20 ft","Boise Cascade Lumber, 1513718",,Lumber Length: 20 ft,,,,,,,,,,,,,,,,,,,,,,,Lumber,,Lumber,Lumber Length,20,ft,,,,,,,,,,,,,,,,,,,,,,,,,,,,,,,,,,,,,,,,,,,,,,,,,,,,,,,,,,,,,,,,,,,,,,,,,,,,,,,,,,,,,,,,,,,,,,,,,,,,,,,,,,,,,,,,,,,,,,,,,,,,,,,,,,,,,,,,,,,,,,,,,,,,,,,30111501,,,,,,,,,,,,,,,,,,,,,,,,,,,,,,,,,,,,,,,,,,,
,,,,,,,Building Materials,Lumber,Dimensional Lumber,,1513719,1nx6-12' Honey Grove Grooved - Trex Enhance Naturals Decking,TREX,,,,Boise Cascade Building Materials,Boise Cascade,Boise Cascade,1513719,,Building Materials > Lumber > Dimensional Lumber,"Boise Cascade Lumber, 1513719, Lumber Length 12 ft",LUMBER 12FT,"Boise Cascade Lumber, 1513719","Boise Cascade Lumber, Model 1513719, Lumber Length 12 ft","Boise Cascade Lumber, 1513719",,Lumber Length: 12 ft,,,,,,,,,,,,,,,,,,,,,,,Lumber,,Lumber,Lumber Length,12,ft,,,,,,,,,,,,,,,,,,,,,,,,,,,,,,,,,,,,,,,,,,,,,,,,,,,,,,,,,,,,,,,,,,,,,,,,,,,,,,,,,,,,,,,,,,,,,,,,,,,,,,,,,,,,,,,,,,,,,,,,,,,,,,,,,,,,,,,,,,,,,,,,,,,,,,,30111501,,,,,,,,,,,,,,,,,,,,,,,,,,,,,,,,,,,,,,,,,,,
,,,,,,,Building Materials,Lumber,Dimensional Lumber,,1513720,1nx6-16' Honey Grove Grooved - Trex Enhance Naturals Decking,TREX,,,,Boise Cascade Building Materials,Boise Cascade,Boise Cascade,1513720,,Building Materials > Lumber > Dimensional Lumber,"Boise Cascade Lumber, 1513720, Lumber Length 16 ft",LUMBER 16FT,"Boise Cascade Lumber, 1513720","Boise Cascade Lumber, Model 1513720, Lumber Length 16 ft","Boise Cascade Lumber, 1513720",,Lumber Length: 16 ft,,,,,,,,,,,,,,,,,,,,,,,Lumber,,Lumber,Lumber Length,16,ft,,,,,,,,,,,,,,,,,,,,,,,,,,,,,,,,,,,,,,,,,,,,,,,,,,,,,,,,,,,,,,,,,,,,,,,,,,,,,,,,,,,,,,,,,,,,,,,,,,,,,,,,,,,,,,,,,,,,,,,,,,,,,,,,,,,,,,,,,,,,,,,,,,,,,,,30111501,,,,,,,,,,,,,,,,,,,,,,,,,,,,,,,,,,,,,,,,,,,
,,,,,,,Building Materials,Lumber,Dimensional Lumber,,1513721,1nx6-20' Honey Grove Grooved - Trex Enhance Naturals Decking,TREX,,,,Boise Cascade Building Materials,Boise Cascade,Boise Cascade,1513721,,Building Materials > Lumber > Dimensional Lumber,"Boise Cascade Lumber, 1513721, Lumber Length 20 ft",LUMBER 20FT,"Boise Cascade Lumber, 1513721","Boise Cascade Lumber, Model 1513721, Lumber Length 20 ft","Boise Cascade Lumber, 1513721",,Lumber Length: 20 ft,,,,,,,,,,,,,,,,,,,,,,,Lumber,,Lumber,Lumber Length,20,ft,,,,,,,,,,,,,,,,,,,,,,,,,,,,,,,,,,,,,,,,,,,,,,,,,,,,,,,,,,,,,,,,,,,,,,,,,,,,,,,,,,,,,,,,,,,,,,,,,,,,,,,,,,,,,,,,,,,,,,,,,,,,,,,,,,,,,,,,,,,,,,,,,,,,,,,30111501,,,,,,,,,,,,,,,,,,,,,,,,,,,,,,,,,,,,,,,,,,,
,,,,,,,Building Materials,Lumber,Dimensional Lumber,,1513724,1nx6-16' Tide Pool Sq Edge - Trex Enhance Basics Decking,TREX,,,,Boise Cascade Building Materials,Boise Cascade,Boise Cascade,1513724,,Building Materials > Lumber > Dimensional Lumber,"Boise Cascade Lumber, 1513724, Lumber Length 16 ft",LUMBER 16FT,"Boise Cascade Lumber, 1513724","Boise Cascade Lumber, Model 1513724, Lumber Length 16 ft","Boise Cascade Lumber, 1513724",,Lumber Length: 16 ft,,,,,,,,,,,,,,,,,,,,,,,Lumber,,Lumber,Lumber Length,16,ft,,,,,,,,,,,,,,,,,,,,,,,,,,,,,,,,,,,,,,,,,,,,,,,,,,,,,,,,,,,,,,,,,,,,,,,,,,,,,,,,,,,,,,,,,,,,,,,,,,,,,,,,,,,,,,,,,,,,,,,,,,,,,,,,,,,,,,,,,,,,,,,,,,,,,,,30111501,,,,,,,,,,,,,,,,,,,,,,,,,,,,,,,,,,,,,,,,,,,
,,,,,,,Building Materials,Lumber,Dimensional Lumber,,1513725,1nx6-20' Tide Pool Sq Edge - Trex Enhance Basics Decking,TREX,,,,Boise Cascade Building Materials,Boise Cascade,Boise Cascade,1513725,,Building Materials > Lumber > Dimensional Lumber,"Boise Cascade Lumber, 1513725, Lumber Length 20 ft",LUMBER 20FT,"Boise Cascade Lumber, 1513725","Boise Cascade Lumber, Model 1513725, Lumber Length 20 ft","Boise Cascade Lumber, 1513725",,Lumber Length: 20 ft,,,,,,,,,,,,,,,,,,,,,,,Lumber,,Lumber,Lumber Length,20,ft,,,,,,,,,,,,,,,,,,,,,,,,,,,,,,,,,,,,,,,,,,,,,,,,,,,,,,,,,,,,,,,,,,,,,,,,,,,,,,,,,,,,,,,,,,,,,,,,,,,,,,,,,,,,,,,,,,,,,,,,,,,,,,,,,,,,,,,,,,,,,,,,,,,,,,,30111501,,,,,,,,,,,,,,,,,,,,,,,,,,,,,,,,,,,,,,,,,,,
,,,,,,,Building Materials,Lumber,Dimensional Lumber,,1513726,1nx6-12' Tide Pool Grooved - Trex Enhance Basics Decking,TREX,,,,Boise Cascade Building Materials,Boise Cascade,Boise Cascade,1513726,,Building Materials > Lumber > Dimensional Lumber,"Boise Cascade Lumber, 1513726, Lumber Length 12 ft",LUMBER 12FT,"Boise Cascade Lumber, 1513726","Boise Cascade Lumber, Model 1513726, Lumber Length 12 ft","Boise Cascade Lumber, 1513726",,Lumber Length: 12 ft,,,,,,,,,,,,,,,,,,,,,,,Lumber,,Lumber,Lumber Length,12,ft,,,,,,,,,,,,,,,,,,,,,,,,,,,,,,,,,,,,,,,,,,,,,,,,,,,,,,,,,,,,,,,,,,,,,,,,,,,,,,,,,,,,,,,,,,,,,,,,,,,,,,,,,,,,,,,,,,,,,,,,,,,,,,,,,,,,,,,,,,,,,,,,,,,,,,,30111501,,,,,,,,,,,,,,,,,,,,,,,,,,,,,,,,,,,,,,,,,,,
,,,,,,,Building Materials,Lumber,Dimensional Lumber,,1513727,1nx6-16' Tide Pool Grooved - Trex Enhance Basics Decking,TREX,,,,Boise Cascade Building Materials,Boise Cascade,Boise Cascade,1513727,,Building Materials > Lumber > Dimensional Lumber,"Boise Cascade Lumber, 1513727, Lumber Length 16 ft",LUMBER 16FT,"Boise Cascade Lumber, 1513727","Boise Cascade Lumber, Model 1513727, Lumber Length 16 ft","Boise Cascade Lumber, 1513727",,Lumber Length: 16 ft,,,,,,,,,,,,,,,,,,,,,,,Lumber,,Lumber,Lumber Length,16,ft,,,,,,,,,,,,,,,,,,,,,,,,,,,,,,,,,,,,,,,,,,,,,,,,,,,,,,,,,,,,,,,,,,,,,,,,,,,,,,,,,,,,,,,,,,,,,,,,,,,,,,,,,,,,,,,,,,,,,,,,,,,,,,,,,,,,,,,,,,,,,,,,,,,,,,,30111501,,,,,,,,,,,,,,,,,,,,,,,,,,,,,,,,,,,,,,,,,,,
,,,,,,,Building Materials,Lumber,Dimensional Lumber,,1513728,1nx6-20' Tide Pool Grooved - Trex Enhance Basics Decking,TREX,,,,Boise Cascade Building Materials,Boise Cascade,Boise Cascade,1513728,,Building Materials > Lumber > Dimensional Lumber,"Boise Cascade Lumber, 1513728, Lumber Length 20 ft",LUMBER 20FT,"Boise Cascade Lumber, 1513728","Boise Cascade Lumber, Model 1513728, Lumber Length 20 ft","Boise Cascade Lumber, 1513728",,Lumber Length: 20 ft,,,,,,,,,,,,,,,,,,,,,,,Lumber,,Lumber,Lumber Length,20,ft,,,,,,,,,,,,,,,,,,,,,,,,,,,,,,,,,,,,,,,,,,,,,,,,,,,,,,,,,,,,,,,,,,,,,,,,,,,,,,,,,,,,,,,,,,,,,,,,,,,,,,,,,,,,,,,,,,,,,,,,,,,,,,,,,,,,,,,,,,,,,,,,,,,,,,,30111501,,,,,,,,,,,,,,,,,,,,,,,,,,,,,,,,,,,,,,,,,,,
,,,,,,,Building Materials,Lumber,Dimensional Lumber,,543076016,1nx6-16' Cinnamon Cove Sq Edge - Trex Enhance Naturals Decking,TREX,,,,Boise Cascade Building Materials,Boise Cascade,Boise Cascade,543076016,,Building Materials > Lumber > Dimensional Lumber,"Boise Cascade Lumber, 543076016, Lumber Length 16 ft",LUMBER 16FT,"Boise Cascade Lumber, 543076016","Boise Cascade Lumber, Model 543076016, Lumber Length 16 ft","Boise Cascade Lumber, 543076016",,Lumber Length: 16 ft,,,,,,,,,,,,,,,,,,,,,,,Lumber,,Lumber,Lumber Length,16,ft,,,,,,,,,,,,,,,,,,,,,,,,,,,,,,,,,,,,,,,,,,,,,,,,,,,,,,,,,,,,,,,,,,,,,,,,,,,,,,,,,,,,,,,,,,,,,,,,,,,,,,,,,,,,,,,,,,,,,,,,,,,,,,,,,,,,,,,,,,,,,,,,,,,,,,,30111501,,,,,,,,,,,,,,,,,,,,,,,,,,,,,,,,,,,,,,,,,,,
,,,,,,,Building Materials,Lumber,Dimensional Lumber,,543076020,1nx6-20' Cinnamon Cove Sq Edge - Trex Enhance Naturals Decking,TREX,,,,Boise Cascade Building Materials,Boise Cascade,Boise Cascade,543076020,,Building Materials > Lumber > Dimensional Lumber,"Boise Cascade Lumber, 543076020, Lumber Length 20 ft",LUMBER 20FT,"Boise Cascade Lumber, 543076020","Boise Cascade Lumber, Model 543076020, Lumber Length 20 ft","Boise Cascade Lumber, 543076020",,Lumber Length: 20 ft,,,,,,,,,,,,,,,,,,,,,,,Lumber,,Lumber,Lumber Length,20,ft,,,,,,,,,,,,,,,,,,,,,,,,,,,,,,,,,,,,,,,,,,,,,,,,,,,,,,,,,,,,,,,,,,,,,,,,,,,,,,,,,,,,,,,,,,,,,,,,,,,,,,,,,,,,,,,,,,,,,,,,,,,,,,,,,,,,,,,,,,,,,,,,,,,,,,,30111501,,,,,,,,,,,,,,,,,,,,,,,,,,,,,,,,,,,,,,,,,,,
,,,,,,,Building Materials,Lumber,Dimensional Lumber,,543076412,1nx6-12' Cinnamon Cove Grooved - Trex Enhance Naturals Decking,TREX,,,,Boise Cascade Building Materials,Boise Cascade,Boise Cascade,543076412,,Building Materials > Lumber > Dimensional Lumber,"Boise Cascade Lumber, 543076412, Lumber Length 12 ft",LUMBER 12FT,"Boise Cascade Lumber, 543076412","Boise Cascade Lumber, Model 543076412, Lumber Length 12 ft","Boise Cascade Lumber, 543076412",,Lumber Length: 12 ft,,,,,,,,,,,,,,,,,,,,,,,Lumber,,Lumber,Lumber Length,12,ft,,,,,,,,,,,,,,,,,,,,,,,,,,,,,,,,,,,,,,,,,,,,,,,,,,,,,,,,,,,,,,,,,,,,,,,,,,,,,,,,,,,,,,,,,,,,,,,,,,,,,,,,,,,,,,,,,,,,,,,,,,,,,,,,,,,,,,,,,,,,,,,,,,,,,,,30111501,,,,,,,,,,,,,,,,,,,,,,,,,,,,,,,,,,,,,,,,,,,
,,,,,,,Building Materials,Lumber,Dimensional Lumber,,543076416,1nx6-16' Cinnamon Cove Grooved - Trex Enhance Naturals Decking,TREX,,,,Boise Cascade Building Materials,Boise Cascade,Boise Cascade,543076416,,Building Materials > Lumber > Dimensional Lumber,"Boise Cascade Lumber, 543076416, Lumber Length 16 ft",LUMBER 16FT,"Boise Cascade Lumber, 543076416","Boise Cascade Lumber, Model 543076416, Lumber Length 16 ft","Boise Cascade Lumber, 543076416",,Lumber Length: 16 ft,,,,,,,,,,,,,,,,,,,,,,,Lumber,,Lumber,Lumber Length,16,ft,,,,,,,,,,,,,,,,,,,,,,,,,,,,,,,,,,,,,,,,,,,,,,,,,,,,,,,,,,,,,,,,,,,,,,,,,,,,,,,,,,,,,,,,,,,,,,,,,,,,,,,,,,,,,,,,,,,,,,,,,,,,,,,,,,,,,,,,,,,,,,,,,,,,,,,30111501,,,,,,,,,,,,,,,,,,,,,,,,,,,,,,,,,,,,,,,,,,,
,,,,,,,Building Materials,Lumber,Dimensional Lumber,,543076420,1nx6-20' Cinnamon Cove Grooved - Trex Enhance Naturals Decking,TREX,,,,Boise Cascade Building Materials,Boise Cascade,Boise Cascade,543076420,,Building Materials > Lumber > Dimensional Lumber,"Boise Cascade Lumber, 543076420, Lumber Length 20 ft",LUMBER 20FT,"Boise Cascade Lumber, 543076420","Boise Cascade Lumber, Model 543076420, Lumber Length 20 ft","Boise Cascade Lumber, 543076420",,Lumber Length: 20 ft,,,,,,,,,,,,,,,,,,,,,,,Lumber,,Lumber,Lumber Length,20,ft,,,,,,,,,,,,,,,,,,,,,,,,,,,,,,,,,,,,,,,,,,,,,,,,,,,,,,,,,,,,,,,,,,,,,,,,,,,,,,,,,,,,,,,,,,,,,,,,,,,,,,,,,,,,,,,,,,,,,,,,,,,,,,,,,,,,,,,,,,,,,,,,,,,,,,,30111501,,,,,,,,,,,,,,,,,,,,,,,,,,,,,,,,,,,,,,,,,,,
,,,,,,,Building Materials,Lumber,Dimensional Lumber,,1516870,1nx6-16' Golden Hour Sq Edge - Trex Enhance Naturals Decking,TREX,,,,Boise Cascade Building Materials,Boise Cascade,Boise Cascade,1516870,,Building Materials > Lumber > Dimensional Lumber,"Boise Cascade Lumber, 1516870, Lumber Length 16 ft",LUMBER 16FT,"Boise Cascade Lumber, 1516870","Boise Cascade Lumber, Model 1516870, Lumber Length 16 ft","Boise Cascade Lumber, 1516870",,Lumber Length: 16 ft,,,,,,,,,,,,,,,,,,,,,,,Lumber,,Lumber,Lumber Length,16,ft,,,,,,,,,,,,,,,,,,,,,,,,,,,,,,,,,,,,,,,,,,,,,,,,,,,,,,,,,,,,,,,,,,,,,,,,,,,,,,,,,,,,,,,,,,,,,,,,,,,,,,,,,,,,,,,,,,,,,,,,,,,,,,,,,,,,,,,,,,,,,,,,,,,,,,,30111501,,,,,,,,,,,,,,,,,,,,,,,,,,,,,,,,,,,,,,,,,,,
,,,,,,,Building Materials,Lumber,Dimensional Lumber,,1516871,1nx6-20' Golden Hour Sq Edge - Trex Enhance Naturals Decking,TREX,,,,Boise Cascade Building Materials,Boise Cascade,Boise Cascade,1516871,,Building Materials > Lumber > Dimensional Lumber,"Boise Cascade Lumber, 1516871, Lumber Length 20 ft",LUMBER 20FT,"Boise Cascade Lumber, 1516871","Boise Cascade Lumber, Model 1516871, Lumber Length 20 ft","Boise Cascade Lumber, 1516871",,Lumber Length: 20 ft,,,,,,,,,,,,,,,,,,,,,,,Lumber,,Lumber,Lumber Length,20,ft,,,,,,,,,,,,,,,,,,,,,,,,,,,,,,,,,,,,,,,,,,,,,,,,,,,,,,,,,,,,,,,,,,,,,,,,,,,,,,,,,,,,,,,,,,,,,,,,,,,,,,,,,,,,,,,,,,,,,,,,,,,,,,,,,,,,,,,,,,,,,,,,,,,,,,,30111501,,,,,,,,,,,,,,,,,,,,,,,,,,,,,,,,,,,,,,,,,,,
,,,,,,,Building Materials,Lumber,Dimensional Lumber,,1516872,1nx6-12' Golden Hour Grooved - Trex Enhance Naturals Decking,TREX,,,,Boise Cascade Building Materials,Boise Cascade,Boise Cascade,1516872,,Building Materials > Lumber > Dimensional Lumber,"Boise Cascade Lumber, 1516872, Lumber Length 12 ft",LUMBER 12FT,"Boise Cascade Lumber, 1516872","Boise Cascade Lumber, Model 1516872, Lumber Length 12 ft","Boise Cascade Lumber, 1516872",,Lumber Length: 12 ft,,,,,,,,,,,,,,,,,,,,,,,Lumber,,Lumber,Lumber Length,12,ft,,,,,,,,,,,,,,,,,,,,,,,,,,,,,,,,,,,,,,,,,,,,,,,,,,,,,,,,,,,,,,,,,,,,,,,,,,,,,,,,,,,,,,,,,,,,,,,,,,,,,,,,,,,,,,,,,,,,,,,,,,,,,,,,,,,,,,,,,,,,,,,,,,,,,,,30111501,,,,,,,,,,,,,,,,,,,,,,,,,,,,,,,,,,,,,,,,,,,
,,,,,,,Building Materials,Lumber,Dimensional Lumber,,1516873,1nx6-16' Golden Hour Grooved - Trex Enhance Naturals Decking,TREX,,,,Boise Cascade Building Materials,Boise Cascade,Boise Cascade,1516873,,Building Materials > Lumber > Dimensional Lumber,"Boise Cascade Lumber, 1516873, Lumber Length 16 ft",LUMBER 16FT,"Boise Cascade Lumber, 1516873","Boise Cascade Lumber, Model 1516873, Lumber Length 16 ft","Boise Cascade Lumber, 1516873",,Lumber Length: 16 ft,,,,,,,,,,,,,,,,,,,,,,,Lumber,,Lumber,Lumber Length,16,ft,,,,,,,,,,,,,,,,,,,,,,,,,,,,,,,,,,,,,,,,,,,,,,,,,,,,,,,,,,,,,,,,,,,,,,,,,,,,,,,,,,,,,,,,,,,,,,,,,,,,,,,,,,,,,,,,,,,,,,,,,,,,,,,,,,,,,,,,,,,,,,,,,,,,,,,30111501,,,,,,,,,,,,,,,,,,,,,,,,,,,,,,,,,,,,,,,,,,,
,,,,,,,Building Materials,Lumber,Dimensional Lumber,,1516874,1nx6-20' Golden Hour Grooved - Trex Enhance Naturals Decking,TREX,,,,Boise Cascade Building Materials,Boise Cascade,Boise Cascade,1516874,,Building Materials > Lumber > Dimensional Lumber,"Boise Cascade Lumber, 1516874, Lumber Length 20 ft",LUMBER 20FT,"Boise Cascade Lumber, 1516874","Boise Cascade Lumber, Model 1516874, Lumber Length 20 ft","Boise Cascade Lumber, 1516874",,Lumber Length: 20 ft,,,,,,,,,,,,,,,,,,,,,,,Lumber,,Lumber,Lumber Length,20,ft,,,,,,,,,,,,,,,,,,,,,,,,,,,,,,,,,,,,,,,,,,,,,,,,,,,,,,,,,,,,,,,,,,,,,,,,,,,,,,,,,,,,,,,,,,,,,,,,,,,,,,,,,,,,,,,,,,,,,,,,,,,,,,,,,,,,,,,,,,,,,,,,,,,,,,,30111501,,,,,,,,,,,,,,,,,,,,,,,,,,,,,,,,,,,,,,,,,,,
,,,,,,,Building Materials,Lumber,Dimensional Lumber,,1516879,1nx6-16' Pebble Beach Sq Edge - Trex Enhance Basics Decking,TREX,,,,Boise Cascade Building Materials,Boise Cascade,Boise Cascade,1516879,,Building Materials > Lumber > Dimensional Lumber,"Boise Cascade Lumber, 1516879, Lumber Length 16 ft",LUMBER 16FT,"Boise Cascade Lumber, 1516879","Boise Cascade Lumber, Model 1516879, Lumber Length 16 ft","Boise Cascade Lumber, 1516879",,Lumber Length: 16 ft,,,,,,,,,,,,,,,,,,,,,,,Lumber,,Lumber,Lumber Length,16,ft,,,,,,,,,,,,,,,,,,,,,,,,,,,,,,,,,,,,,,,,,,,,,,,,,,,,,,,,,,,,,,,,,,,,,,,,,,,,,,,,,,,,,,,,,,,,,,,,,,,,,,,,,,,,,,,,,,,,,,,,,,,,,,,,,,,,,,,,,,,,,,,,,,,,,,,30111501,,,,,,,,,,,,,,,,,,,,,,,,,,,,,,,,,,,,,,,,,,,
,,,,,,,Building Materials,Lumber,Dimensional Lumber,,1516880,1nx6-20' Pebble Beach Sq Edge - Trex Enhance Basics Decking,TREX,,,,Boise Cascade Building Materials,Boise Cascade,Boise Cascade,1516880,,Building Materials > Lumber > Dimensional Lumber,"Boise Cascade Lumber, 1516880, Lumber Length 20 ft",LUMBER 20FT,"Boise Cascade Lumber, 1516880","Boise Cascade Lumber, Model 1516880, Lumber Length 20 ft","Boise Cascade Lumber, 1516880",,Lumber Length: 20 ft,,,,,,,,,,,,,,,,,,,,,,,Lumber,,Lumber,Lumber Length,20,ft,,,,,,,,,,,,,,,,,,,,,,,,,,,,,,,,,,,,,,,,,,,,,,,,,,,,,,,,,,,,,,,,,,,,,,,,,,,,,,,,,,,,,,,,,,,,,,,,,,,,,,,,,,,,,,,,,,,,,,,,,,,,,,,,,,,,,,,,,,,,,,,,,,,,,,,30111501,,,,,,,,,,,,,,,,,,,,,,,,,,,,,,,,,,,,,,,,,,,
,,,,,,,Building Materials,Lumber,Dimensional Lumber,,1516881,1nx6-12' Pebble Beach Grooved - Trex Enhance Basics Decking,TREX,,,,Boise Cascade Building Materials,Boise Cascade,Boise Cascade,1516881,,Building Materials > Lumber > Dimensional Lumber,"Boise Cascade Lumber, 1516881, Lumber Length 12 ft",LUMBER 12FT,"Boise Cascade Lumber, 1516881","Boise Cascade Lumber, Model 1516881, Lumber Length 12 ft","Boise Cascade Lumber, 1516881",,Lumber Length: 12 ft,,,,,,,,,,,,,,,,,,,,,,,Lumber,,Lumber,Lumber Length,12,ft,,,,,,,,,,,,,,,,,,,,,,,,,,,,,,,,,,,,,,,,,,,,,,,,,,,,,,,,,,,,,,,,,,,,,,,,,,,,,,,,,,,,,,,,,,,,,,,,,,,,,,,,,,,,,,,,,,,,,,,,,,,,,,,,,,,,,,,,,,,,,,,,,,,,,,,30111501,,,,,,,,,,,,,,,,,,,,,,,,,,,,,,,,,,,,,,,,,,,
,,,,,,,Building Materials,Lumber,Dimensional Lumber,,1516882,1nx6-16' Pebble Beach Grooved - Trex Enhance Basics Decking,TREX,,,,Boise Cascade Building Materials,Boise Cascade,Boise Cascade,1516882,,Building Materials > Lumber > Dimensional Lumber,"Boise Cascade Lumber, 1516882, Lumber Length 16 ft",LUMBER 16FT,"Boise Cascade Lumber, 1516882","Boise Cascade Lumber, Model 1516882, Lumber Length 16 ft","Boise Cascade Lumber, 1516882",,Lumber Length: 16 ft,,,,,,,,,,,,,,,,,,,,,,,Lumber,,Lumber,Lumber Length,16,ft,,,,,,,,,,,,,,,,,,,,,,,,,,,,,,,,,,,,,,,,,,,,,,,,,,,,,,,,,,,,,,,,,,,,,,,,,,,,,,,,,,,,,,,,,,,,,,,,,,,,,,,,,,,,,,,,,,,,,,,,,,,,,,,,,,,,,,,,,,,,,,,,,,,,,,,30111501,,,,,,,,,,,,,,,,,,,,,,,,,,,,,,,,,,,,,,,,,,,
,,,,,,,Building Materials,Lumber,Dimensional Lumber,,1516883,1nx6-20' Pebble Beach Grooved - Trex Enhance Basics Decking,TREX,,,,Boise Cascade Building Materials,Boise Cascade,Boise Cascade,1516883,,Building Materials > Lumber > Dimensional Lumber,"Boise Cascade Lumber, 1516883, Lumber Length 20 ft",LUMBER 20FT,"Boise Cascade Lumber, 1516883","Boise Cascade Lumber, Model 1516883, Lumber Length 20 ft","Boise Cascade Lumber, 1516883",,Lumber Length: 20 ft,,,,,,,,,,,,,,,,,,,,,,,Lumber,,Lumber,Lumber Length,20,ft,,,,,,,,,,,,,,,,,,,,,,,,,,,,,,,,,,,,,,,,,,,,,,,,,,,,,,,,,,,,,,,,,,,,,,,,,,,,,,,,,,,,,,,,,,,,,,,,,,,,,,,,,,,,,,,,,,,,,,,,,,,,,,,,,,,,,,,,,,,,,,,,,,,,,,,30111501,,,,,,,,,,,,,,,,,,,,,,,,,,,,,,,,,,,,,,,,,,,
,,,,,,,Building Materials,Lumber,Dimensional Lumber,,543005016,7/8nx6-16' Malted Barley Sq Edge - Trex Select 2.0 Decking,TREX,,,,Boise Cascade Building Materials,Boise Cascade,Boise Cascade,543005016,,Building Materials > Lumber > Dimensional Lumber,"Boise Cascade Lumber, 543005016, Lumber Length 16 ft",LUMBER 16FT,"Boise Cascade Lumber, 543005016","Boise Cascade Lumber, Model 543005016, Lumber Length 16 ft","Boise Cascade Lumber, 543005016",,Lumber Length: 16 ft,,,,,,,,,,,,,,,,,,,,,,,Lumber,,Lumber,Lumber Length,16,ft,,,,,,,,,,,,,,,,,,,,,,,,,,,,,,,,,,,,,,,,,,,,,,,,,,,,,,,,,,,,,,,,,,,,,,,,,,,,,,,,,,,,,,,,,,,,,,,,,,,,,,,,,,,,,,,,,,,,,,,,,,,,,,,,,,,,,,,,,,,,,,,,,,,,,,,30111501,,,,,,,,,,,,,,,,,,,,,,,,,,,,,,,,,,,,,,,,,,,
,,,,,,,Building Materials,Lumber,Dimensional Lumber,,543005020,7/8nx6-20' Malted Barley Sq Edge - Trex Select 2.0 Decking,TREX,,,,Boise Cascade Building Materials,Boise Cascade,Boise Cascade,543005020,,Building Materials > Lumber > Dimensional Lumber,"Boise Cascade Lumber, 543005020, Lumber Length 20 ft",LUMBER 20FT,"Boise Cascade Lumber, 543005020","Boise Cascade Lumber, Model 543005020, Lumber Length 20 ft","Boise Cascade Lumber, 543005020",,Lumber Length: 20 ft,,,,,,,,,,,,,,,,,,,,,,,Lumber,,Lumber,Lumber Length,20,ft,,,,,,,,,,,,,,,,,,,,,,,,,,,,,,,,,,,,,,,,,,,,,,,,,,,,,,,,,,,,,,,,,,,,,,,,,,,,,,,,,,,,,,,,,,,,,,,,,,,,,,,,,,,,,,,,,,,,,,,,,,,,,,,,,,,,,,,,,,,,,,,,,,,,,,,30111501,,,,,,,,,,,,,,,,,,,,,,,,,,,,,,,,,,,,,,,,,,,
,,,,,,,Building Materials,Lumber,Dimensional Lumber,,543005412,7/8nx6-12' Malted Barley Grooved - Trex Select 2.0 Decking,TREX,,,,Boise Cascade Building Materials,Boise Cascade,Boise Cascade,543005412,,Building Materials > Lumber > Dimensional Lumber,"Boise Cascade Lumber, 543005412, Lumber Length 12 ft",LUMBER 12FT,"Boise Cascade Lumber, 543005412","Boise Cascade Lumber, Model 543005412, Lumber Length 12 ft","Boise Cascade Lumber, 543005412",,Lumber Length: 12 ft,,,,,,,,,,,,,,,,,,,,,,,Lumber,,Lumber,Lumber Length,12,ft,,,,,,,,,,,,,,,,,,,,,,,,,,,,,,,,,,,,,,,,,,,,,,,,,,,,,,,,,,,,,,,,,,,,,,,,,,,,,,,,,,,,,,,,,,,,,,,,,,,,,,,,,,,,,,,,,,,,,,,,,,,,,,,,,,,,,,,,,,,,,,,,,,,,,,,30111501,,,,,,,,,,,,,,,,,,,,,,,,,,,,,,,,,,,,,,,,,,,
,,,,,,,Building Materials,Lumber,Dimensional Lumber,,543005416,7/8nx6-16' Malted Barley Grooved - Trex Select 2.0 Decking,TREX,,,,Boise Cascade Building Materials,Boise Cascade,Boise Cascade,543005416,,Building Materials > Lumber > Dimensional Lumber,"Boise Cascade Lumber, 543005416, Lumber Length 16 ft",LUMBER 16FT,"Boise Cascade Lumber, 543005416","Boise Cascade Lumber, Model 543005416, Lumber Length 16 ft","Boise Cascade Lumber, 543005416",,Lumber Length: 16 ft,,,,,,,,,,,,,,,,,,,,,,,Lumber,,Lumber,Lumber Length,16,ft,,,,,,,,,,,,,,,,,,,,,,,,,,,,,,,,,,,,,,,,,,,,,,,,,,,,,,,,,,,,,,,,,,,,,,,,,,,,,,,,,,,,,,,,,,,,,,,,,,,,,,,,,,,,,,,,,,,,,,,,,,,,,,,,,,,,,,,,,,,,,,,,,,,,,,,30111501,,,,,,,,,,,,,,,,,,,,,,,,,,,,,,,,,,,,,,,,,,,
,,,,,,,Building Materials,Lumber,Dimensional Lumber,,543005420,7/8nx6-20' Malted Barley Grooved - Trex Select 2.0 Decking,TREX,,,,Boise Cascade Building Materials,Boise Cascade,Boise Cascade,543005420,,Building Materials > Lumber > Dimensional Lumber,"Boise Cascade Lumber, 543005420, Lumber Length 20 ft",LUMBER 20FT,"Boise Cascade Lumber, 543005420","Boise Cascade Lumber, Model 543005420, Lumber Length 20 ft","Boise Cascade Lumber, 543005420",,Lumber Length: 20 ft,,,,,,,,,,,,,,,,,,,,,,,Lumber,,Lumber,Lumber Length,20,ft,,,,,,,,,,,,,,,,,,,,,,,,,,,,,,,,,,,,,,,,,,,,,,,,,,,,,,,,,,,,,,,,,,,,,,,,,,,,,,,,,,,,,,,,,,,,,,,,,,,,,,,,,,,,,,,,,,,,,,,,,,,,,,,,,,,,,,,,,,,,,,,,,,,,,,,30111501,,,,,,,,,,,,,,,,,,,,,,,,,,,,,,,,,,,,,,,,,,,
,,,,,,,Building Materials,Lumber,Dimensional Lumber,,1516891,7/8nx6-16' Millstone Sq Edge - Trex Select 2.0 Decking,TREX,,,,Boise Cascade Building Materials,Boise Cascade,Boise Cascade,1516891,,Building Materials > Lumber > Dimensional Lumber,"Boise Cascade Lumber, 1516891, Lumber Length 16 ft",LUMBER 16FT,"Boise Cascade Lumber, 1516891","Boise Cascade Lumber, Model 1516891, Lumber Length 16 ft","Boise Cascade Lumber, 1516891",,Lumber Length: 16 ft,,,,,,,,,,,,,,,,,,,,,,,Lumber,,Lumber,Lumber Length,16,ft,,,,,,,,,,,,,,,,,,,,,,,,,,,,,,,,,,,,,,,,,,,,,,,,,,,,,,,,,,,,,,,,,,,,,,,,,,,,,,,,,,,,,,,,,,,,,,,,,,,,,,,,,,,,,,,,,,,,,,,,,,,,,,,,,,,,,,,,,,,,,,,,,,,,,,,30111501,,,,,,,,,,,,,,,,,,,,,,,,,,,,,,,,,,,,,,,,,,,
,,,,,,,Building Materials,Lumber,Dimensional Lumber,,1516892,7/8nx6-20' Millstone Sq Edge -Trex Select 2.0 Decking,TREX,,,,Boise Cascade Building Materials,Boise Cascade,Boise Cascade,1516892,,Building Materials > Lumber > Dimensional Lumber,"Boise Cascade Lumber, 1516892, Lumber Length 20 ft",LUMBER 20FT,"Boise Cascade Lumber, 1516892","Boise Cascade Lumber, Model 1516892, Lumber Length 20 ft","Boise Cascade Lumber, 1516892",,Lumber Length: 20 ft,,,,,,,,,,,,,,,,,,,,,,,Lumber,,Lumber,Lumber Length,20,ft,,,,,,,,,,,,,,,,,,,,,,,,,,,,,,,,,,,,,,,,,,,,,,,,,,,,,,,,,,,,,,,,,,,,,,,,,,,,,,,,,,,,,,,,,,,,,,,,,,,,,,,,,,,,,,,,,,,,,,,,,,,,,,,,,,,,,,,,,,,,,,,,,,,,,,,30111501,,,,,,,,,,,,,,,,,,,,,,,,,,,,,,,,,,,,,,,,,,,
,,,,,,,Building Materials,Lumber,Dimensional Lumber,,1516893,7/8nx6-12' Millstone Grooved - Trex Select 2.0 Decking,TREX,,,,Boise Cascade Building Materials,Boise Cascade,Boise Cascade,1516893,,Building Materials > Lumber > Dimensional Lumber,"Boise Cascade Lumber, 1516893, Lumber Length 12 ft",LUMBER 12FT,"Boise Cascade Lumber, 1516893","Boise Cascade Lumber, Model 1516893, Lumber Length 12 ft","Boise Cascade Lumber, 1516893",,Lumber Length: 12 ft,,,,,,,,,,,,,,,,,,,,,,,Lumber,,Lumber,Lumber Length,12,ft,,,,,,,,,,,,,,,,,,,,,,,,,,,,,,,,,,,,,,,,,,,,,,,,,,,,,,,,,,,,,,,,,,,,,,,,,,,,,,,,,,,,,,,,,,,,,,,,,,,,,,,,,,,,,,,,,,,,,,,,,,,,,,,,,,,,,,,,,,,,,,,,,,,,,,,30111501,,,,,,,,,,,,,,,,,,,,,,,,,,,,,,,,,,,,,,,,,,,
,,,,,,,Building Materials,Lumber,Dimensional Lumber,,1516894,7/8nx6-16' Millstone Grooved - Trex Select 2.0 Decking,TREX,,,,Boise Cascade Building Materials,Boise Cascade,Boise Cascade,1516894,,Building Materials > Lumber > Dimensional Lumber,"Boise Cascade Lumber, 1516894, Lumber Length 16 ft",LUMBER 16FT,"Boise Cascade Lumber, 1516894","Boise Cascade Lumber, Model 1516894, Lumber Length 16 ft","Boise Cascade Lumber, 1516894",,Lumber Length: 16 ft,,,,,,,,,,,,,,,,,,,,,,,Lumber,,Lumber,Lumber Length,16,ft,,,,,,,,,,,,,,,,,,,,,,,,,,,,,,,,,,,,,,,,,,,,,,,,,,,,,,,,,,,,,,,,,,,,,,,,,,,,,,,,,,,,,,,,,,,,,,,,,,,,,,,,,,,,,,,,,,,,,,,,,,,,,,,,,,,,,,,,,,,,,,,,,,,,,,,30111501,,,,,,,,,,,,,,,,,,,,,,,,,,,,,,,,,,,,,,,,,,,
,,,,,,,Building Materials,Lumber,Dimensional Lumber,,1516895,7/8nx6-20' Millstone Grooved - Trex Select 2.0 Decking,TREX,,,,Boise Cascade Building Materials,Boise Cascade,Boise Cascade,1516895,,Building Materials > Lumber > Dimensional Lumber,"Boise Cascade Lumber, 1516895, Lumber Length 20 ft",LUMBER 20FT,"Boise Cascade Lumber, 1516895","Boise Cascade Lumber, Model 1516895, Lumber Length 20 ft","Boise Cascade Lumber, 1516895",,Lumber Length: 20 ft,,,,,,,,,,,,,,,,,,,,,,,Lumber,,Lumber,Lumber Length,20,ft,,,,,,,,,,,,,,,,,,,,,,,,,,,,,,,,,,,,,,,,,,,,,,,,,,,,,,,,,,,,,,,,,,,,,,,,,,,,,,,,,,,,,,,,,,,,,,,,,,,,,,,,,,,,,,,,,,,,,,,,,,,,,,,,,,,,,,,,,,,,,,,,,,,,,,,30111501,,,,,,,,,,,,,,,,,,,,,,,,,,,,,,,,,,,,,,,,,,,
,,,,,,,Building Materials,Lumber,Dimensional Lumber,,543007016,7/8nx6-16' Whiskey Barrel Sq Edge - Trex Select 2.0 Decking,TREX,,,,Boise Cascade Building Materials,Boise Cascade,Boise Cascade,543007016,,Building Materials > Lumber > Dimensional Lumber,"Boise Cascade Lumber, 543007016, Lumber Length 16 ft",LUMBER 16FT,"Boise Cascade Lumber, 543007016","Boise Cascade Lumber, Model 543007016, Lumber Length 16 ft","Boise Cascade Lumber, 543007016",,Lumber Length: 16 ft,,,,,,,,,,,,,,,,,,,,,,,Lumber,,Lumber,Lumber Length,16,ft,,,,,,,,,,,,,,,,,,,,,,,,,,,,,,,,,,,,,,,,,,,,,,,,,,,,,,,,,,,,,,,,,,,,,,,,,,,,,,,,,,,,,,,,,,,,,,,,,,,,,,,,,,,,,,,,,,,,,,,,,,,,,,,,,,,,,,,,,,,,,,,,,,,,,,,30111501,,,,,,,,,,,,,,,,,,,,,,,,,,,,,,,,,,,,,,,,,,,
,,,,,,,Building Materials,Lumber,Dimensional Lumber,,543007020,7/8nx6-20' Whiskey Barrel Sq Edge - Trex Select 2.0 Decking,TREX,,,,Boise Cascade Building Materials,Boise Cascade,Boise Cascade,543007020,,Building Materials > Lumber > Dimensional Lumber,"Boise Cascade Lumber, 543007020, Lumber Length 20 ft",LUMBER 20FT,"Boise Cascade Lumber, 543007020","Boise Cascade Lumber, Model 543007020, Lumber Length 20 ft","Boise Cascade Lumber, 543007020",,Lumber Length: 20 ft,,,,,,,,,,,,,,,,,,,,,,,Lumber,,Lumber,Lumber Length,20,ft,,,,,,,,,,,,,,,,,,,,,,,,,,,,,,,,,,,,,,,,,,,,,,,,,,,,,,,,,,,,,,,,,,,,,,,,,,,,,,,,,,,,,,,,,,,,,,,,,,,,,,,,,,,,,,,,,,,,,,,,,,,,,,,,,,,,,,,,,,,,,,,,,,,,,,,30111501,,,,,,,,,,,,,,,,,,,,,,,,,,,,,,,,,,,,,,,,,,,
,,,,,,,Building Materials,Lumber,Dimensional Lumber,,543007412,7/8nx6-12' Whiskey Barrel Grooved - Trex Select 2.0 Decking,TREX,,,,Boise Cascade Building Materials,Boise Cascade,Boise Cascade,543007412,,Building Materials > Lumber > Dimensional Lumber,"Boise Cascade Lumber, 543007412, Lumber Length 12 ft",LUMBER 12FT,"Boise Cascade Lumber, 543007412","Boise Cascade Lumber, Model 543007412, Lumber Length 12 ft","Boise Cascade Lumber, 543007412",,Lumber Length: 12 ft,,,,,,,,,,,,,,,,,,,,,,,Lumber,,Lumber,Lumber Length,12,ft,,,,,,,,,,,,,,,,,,,,,,,,,,,,,,,,,,,,,,,,,,,,,,,,,,,,,,,,,,,,,,,,,,,,,,,,,,,,,,,,,,,,,,,,,,,,,,,,,,,,,,,,,,,,,,,,,,,,,,,,,,,,,,,,,,,,,,,,,,,,,,,,,,,,,,,30111501,,,,,,,,,,,,,,,,,,,,,,,,,,,,,,,,,,,,,,,,,,,
,,,,,,,Building Materials,Lumber,Dimensional Lumber,,543007416,7/8nx6-16' Whiskey Barrel Grooved - Trex Select 2.0 Decking,TREX,,,,Boise Cascade Building Materials,Boise Cascade,Boise Cascade,543007416,,Building Materials > Lumber > Dimensional Lumber,"Boise Cascade Lumber, 543007416, Lumber Length 16 ft",LUMBER 16FT,"Boise Cascade Lumber, 543007416","Boise Cascade Lumber, Model 543007416, Lumber Length 16 ft","Boise Cascade Lumber, 543007416",,Lumber Length: 16 ft,,,,,,,,,,,,,,,,,,,,,,,Lumber,,Lumber,Lumber Length,16,ft,,,,,,,,,,,,,,,,,,,,,,,,,,,,,,,,,,,,,,,,,,,,,,,,,,,,,,,,,,,,,,,,,,,,,,,,,,,,,,,,,,,,,,,,,,,,,,,,,,,,,,,,,,,,,,,,,,,,,,,,,,,,,,,,,,,,,,,,,,,,,,,,,,,,,,,30111501,,,,,,,,,,,,,,,,,,,,,,,,,,,,,,,,,,,,,,,,,,,
,,,,,,,Building Materials,Lumber,Dimensional Lumber,,543007420,7/8nx6-20' Whiskey Barrel Grooved - Trex Select 2.0 Decking,TREX,,,,Boise Cascade Building Materials,Boise Cascade,Boise Cascade,543007420,,Building Materials > Lumber > Dimensional Lumber,"Boise Cascade Lumber, 543007420, Lumber Length 20 ft",LUMBER 20FT,"Boise Cascade Lumber, 543007420","Boise Cascade Lumber, Model 543007420, Lumber Length 20 ft","Boise Cascade Lumber, 543007420",,Lumber Length: 20 ft,,,,,,,,,,,,,,,,,,,,,,,Lumber,,Lumber,Lumber Length,20,ft,,,,,,,,,,,,,,,,,,,,,,,,,,,,,,,,,,,,,,,,,,,,,,,,,,,,,,,,,,,,,,,,,,,,,,,,,,,,,,,,,,,,,,,,,,,,,,,,,,,,,,,,,,,,,,,,,,,,,,,,,,,,,,,,,,,,,,,,,,,,,,,,,,,,,,,30111501,,,,,,,,,,,,,,,,,,,,,,,,,,,,,,,,,,,,,,,,,,,
,,,,,,,Building Materials,Lumber,Dimensional Lumber,,ADR5117512CS,1x12-12' Coastline - Vintage Azek PVC Fascia,TIMBERTECH,,,,Parksite,,,ADR5117512CS,,Building Materials > Lumber > Dimensional Lumber,"Lumber, ADR5117512CS, Board Size 1x12, Lumber Length 12 ft",LUMBER 1X12 12FT,"Lumber, ADR5117512CS","Lumber, Model ADR5117512CS, Board Size 1x12, Lumber Length 12 ft","Lumber, ADR5117512CS",,Board Size: 1x12,Lumber Length: 12 ft,,,,,,,,,,,,,,,,,,,,,,Lumber,,Lumber,Board Size,1x12,,Lumber Length,12,ft,,,,,,,,,,,,,,,,,,,,,,,,,,,,,,,,,,,,,,,,,,,,,,,,,,,,,,,,,,,,,,,,,,,,,,,,,,,,,,,,,,,,,,,,,,,,,,,,,,,,,,,,,,,,,,,,,,,,,,,,,,,,,,,,,,,,,,,,,,,,,,,,,,,,30111501,,,,,,,,,,,,,,,,,,,,,,,,,,,,,,,,,,,,,,,,,,,
,,,,,,,Building Materials,Lumber,Dimensional Lumber,,ADR5117512MH,1x12-12' Mahogany - Vintage Azek PVC Fascia,TIMBERTECH,,,,Parksite,,,ADR5117512MH,,Building Materials > Lumber > Dimensional Lumber,"Lumber, ADR5117512MH, Board Size 1x12, Lumber Length 12 ft",LUMBER 1X12 12FT,"Lumber, ADR5117512MH","Lumber, Model ADR5117512MH, Board Size 1x12, Lumber Length 12 ft","Lumber, ADR5117512MH",,Board Size: 1x12,Lumber Length: 12 ft,,,,,,,,,,,,,,,,,,,,,,Lumber,,Lumber,Board Size,1x12,,Lumber Length,12,ft,,,,,,,,,,,,,,,,,,,,,,,,,,,,,,,,,,,,,,,,,,,,,,,,,,,,,,,,,,,,,,,,,,,,,,,,,,,,,,,,,,,,,,,,,,,,,,,,,,,,,,,,,,,,,,,,,,,,,,,,,,,,,,,,,,,,,,,,,,,,,,,,,,,,30111501,,,,,,,,,,,,,,,,,,,,,,,,,,,,,,,,,,,,,,,,,,,
,,,,,,,Building Materials,Lumber,Dimensional Lumber,,ADR5117512WT,1x12-12' Weathered Teak - Vintage Azek PVC Fascia,TIMBERTECH,,,,Parksite,,,ADR5117512WT,,Building Materials > Lumber > Dimensional Lumber,"Lumber, ADR5117512WT, Board Size 1x12, Lumber Length 12 ft",LUMBER 1X12 12FT,"Lumber, ADR5117512WT","Lumber, Model ADR5117512WT, Board Size 1x12, Lumber Length 12 ft","Lumber, ADR5117512WT",,Board Size: 1x12,Lumber Length: 12 ft,,,,,,,,,,,,,,,,,,,,,,Lumber,,Lumber,Board Size,1x12,,Lumber Length,12,ft,,,,,,,,,,,,,,,,,,,,,,,,,,,,,,,,,,,,,,,,,,,,,,,,,,,,,,,,,,,,,,,,,,,,,,,,,,,,,,,,,,,,,,,,,,,,,,,,,,,,,,,,,,,,,,,,,,,,,,,,,,,,,,,,,,,,,,,,,,,,,,,,,,,,30111501,,,,,,,,,,,,,,,,,,,,,,,,,,,,,,,,,,,,,,,,,,,
,,,,,,,Building Materials,Lumber,Dimensional Lumber,,ADR5117512AW,1x12-12' American Walnut - Landmark Azek PVC Fascia,TIMBERTECH,,,,Parksite,,,ADR5117512AW,,Building Materials > Lumber > Dimensional Lumber,"Lumber, ADR5117512AW, Board Size 1x12, Lumber Length 12 ft",LUMBER 1X12 12FT,"Lumber, ADR5117512AW","Lumber, Model ADR5117512AW, Board Size 1x12, Lumber Length 12 ft","Lumber, ADR5117512AW",,Board Size: 1x12,Lumber Length: 12 ft,,,,,,,,,,,,,,,,,,,,,,Lumber,,Lumber,Board Size,1x12,,Lumber Length,12,ft,,,,,,,,,,,,,,,,,,,,,,,,,,,,,,,,,,,,,,,,,,,,,,,,,,,,,,,,,,,,,,,,,,,,,,,,,,,,,,,,,,,,,,,,,,,,,,,,,,,,,,,,,,,,,,,,,,,,,,,,,,,,,,,,,,,,,,,,,,,,,,,,,,,,30111501,,,,,,,,,,,,,,,,,,,,,,,,,,,,,,,,,,,,,,,,,,,
,,,,,,,Building Materials,Railing,Deck Railing Components,,ADR5117512CG,1x12-12' Castle Gate - Landmark Azek PVC Fascia,TIMBERTECH,,,,Parksite,,,ADR5117512CG,,Building Materials > Railing > Deck Railing Components,"Deck Railing, ADR5117512CG, Board Size 1x12, Lumber Length 12 ft",DECK RAILING 1X12 12FT,"Deck Railing, ADR5117512CG","Deck Railing, Model ADR5117512CG, Board Size 1x12, Lumber Length 12 ft","Deck Railing, ADR5117512CG",,Board Size: 1x12,Lumber Length: 12 ft,,,,,,,,,,,,,,,,,,,,,,Deck Railing,,Deck Railing,Board Size,1x12,,Lumber Length,12,ft,,,,,,,,,,,,,,,,,,,,,,,,,,,,,,,,,,,,,,,,,,,,,,,,,,,,,,,,,,,,,,,,,,,,,,,,,,,,,,,,,,,,,,,,,,,,,,,,,,,,,,,,,,,,,,,,,,,,,,,,,,,,,,,,,,,,,,,,,,,,,,,,,,,,30131700,,,,,,,,,,,,,,,,,,,,,,,,,,,,,,,,,,,,,,,,,,,
,,,,,,,Building Materials,Lumber,Dimensional Lumber,,ADR5117512FW,1x12-12' French White Oak - Landmark Azek PVC Fascia,TIMBERTECH,,,,Parksite,,,ADR5117512FW,,Building Materials > Lumber > Dimensional Lumber,"Lumber, ADR5117512FW, Board Size 1x12, Lumber Length 12 ft, Color White",LUMBER 1X12 12FT WHITE,"Lumber, ADR5117512FW","Lumber, Model ADR5117512FW, Board Size 1x12, Lumber Length 12 ft, Color White","Lumber, ADR5117512FW",,Board Size: 1x12,Lumber Length: 12 ft,Color: White,,,,,,,,,,,,,,,,,,,,,Lumber,,Lumber,Board Size,1x12,,Lumber Length,12,ft,Color,White,,,,,,,,,,,,,,,,,,,,,,,,,,,,,,,,,,,,,,,,,,,,,,,,,,,,,,,,,,,,,,,,,,,,,,,,,,,,,,,,,,,,,,,,,,,,,,,,,,,,,,,,,,,,,,,,,,,,,,,,,,,,,,,,,,,,,,,,,,,,,,,,,,30111501,,,,,,,,,,,,,,,,,,,,,,,,,,,,,,,,,,,,,,,,,,,
,,,,,,,Building Materials,Lumber,Dimensional Lumber,,1508395,1x8-12' Brownstone - Harvest Azek PVC Fascia,TIMBERTECH,,,,Parksite,,,1508395,,Building Materials > Lumber > Dimensional Lumber,"Lumber, 1508395, Board Size 1x8, Lumber Length 12 ft",LUMBER 1X8 12FT,"Lumber, 1508395","Lumber, Model 1508395, Board Size 1x8, Lumber Length 12 ft","Lumber, 1508395",,Board Size: 1x8,Lumber Length: 12 ft,,,,,,,,,,,,,,,,,,,,,,Lumber,,Lumber,Board Size,1x8,,Lumber Length,12,ft,,,,,,,,,,,,,,,,,,,,,,,,,,,,,,,,,,,,,,,,,,,,,,,,,,,,,,,,,,,,,,,,,,,,,,,,,,,,,,,,,,,,,,,,,,,,,,,,,,,,,,,,,,,,,,,,,,,,,,,,,,,,,,,,,,,,,,,,,,,,,,,,,,,,30111501,,,,,,,,,,,,,,,,,,,,,,,,,,,,,,,,,,,,,,,,,,,
,,,,,,,Building Materials,Lumber,Dimensional Lumber,,1508396,1x8-12' Slate Gray - Harvest Azek PVC Fascia,TIMBERTECH,,,,Parksite,,,1508396,,Building Materials > Lumber > Dimensional Lumber,"Lumber, 1508396, Board Size 1x8, Lumber Length 12 ft, Color Gray",LUMBER 1X8 12FT GRAY,"Lumber, 1508396","Lumber, Model 1508396, Board Size 1x8, Lumber Length 12 ft, Color Gray","Lumber, 1508396",,Board Size: 1x8,Lumber Length: 12 ft,Color: Gray,,,,,,,,,,,,,,,,,,,,,Lumber,,Lumber,Board Size,1x8,,Lumber Length,12,ft,Color,Gray,,,,,,,,,,,,,,,,,,,,,,,,,,,,,,,,,,,,,,,,,,,,,,,,,,,,,,,,,,,,,,,,,,,,,,,,,,,,,,,,,,,,,,,,,,,,,,,,,,,,,,,,,,,,,,,,,,,,,,,,,,,,,,,,,,,,,,,,,,,,,,,,,,30111501,,,,,,,,,,,,,,,,,,,,,,,,,,,,,,,,,,,,,,,,,,,
,,,,,,,Building Materials,Lumber,Dimensional Lumber,,ADCR5117512BS,1x12-12' Brownstone - Harvest Azek PVC Fascia,TIMBERTECH,,,,Parksite,,,ADCR5117512BS,,Building Materials > Lumber > Dimensional Lumber,"Lumber, ADCR5117512BS, Board Size 1x12, Lumber Length 12 ft",LUMBER 1X12 12FT,"Lumber, ADCR5117512BS","Lumber, Model ADCR5117512BS, Board Size 1x12, Lumber Length 12 ft","Lumber, ADCR5117512BS",,Board Size: 1x12,Lumber Length: 12 ft,,,,,,,,,,,,,,,,,,,,,,Lumber,,Lumber,Board Size,1x12,,Lumber Length,12,ft,,,,,,,,,,,,,,,,,,,,,,,,,,,,,,,,,,,,,,,,,,,,,,,,,,,,,,,,,,,,,,,,,,,,,,,,,,,,,,,,,,,,,,,,,,,,,,,,,,,,,,,,,,,,,,,,,,,,,,,,,,,,,,,,,,,,,,,,,,,,,,,,,,,,30111501,,,,,,,,,,,,,,,,,,,,,,,,,,,,,,,,,,,,,,,,,,,
,,,,,,,Building Materials,Lumber,Dimensional Lumber,,ADCR5117512SG,1x12-12' Slate Gray - Harvest Azek PVC Fascia,TIMBERTECH,,,,Parksite,,,ADCR5117512SG,,Building Materials > Lumber > Dimensional Lumber,"Lumber, ADCR5117512SG, Board Size 1x12, Lumber Length 12 ft, Color Gray",LUMBER 1X12 12FT GRAY,"Lumber, ADCR5117512SG","Lumber, Model ADCR5117512SG, Board Size 1x12, Lumber Length 12 ft, Color Gray","Lumber, ADCR5117512SG",,Board Size: 1x12,Lumber Length: 12 ft,Color: Gray,,,,,,,,,,,,,,,,,,,,,Lumber,,Lumber,Board Size,1x12,,Lumber Length,12,ft,Color,Gray,,,,,,,,,,,,,,,,,,,,,,,,,,,,,,,,,,,,,,,,,,,,,,,,,,,,,,,,,,,,,,,,,,,,,,,,,,,,,,,,,,,,,,,,,,,,,,,,,,,,,,,,,,,,,,,,,,,,,,,,,,,,,,,,,,,,,,,,,,,,,,,,,,30111501,,,,,,,,,,,,,,,,,,,,,,,,,,,,,,,,,,,,,,,,,,,
,,,,,,,General Supplies,General,General,,543140908,1x8-12' Biscayne - Trex Lineage,TREX,,,,U S Lumber,,,543140908,,General Supplies > General > General,"1x8-12' Biscayne Trex, 543140908, Board Size 1x8, Lumber Length 12 ft",1X8-12' BISCAYNE TREX 1X8 12FT,"1x8-12' Biscayne Trex, 543140908","1x8-12' Biscayne Trex, Model 543140908, Board Size 1x8, Lumber Length 12 ft","1x8-12' Biscayne Trex, 543140908",,Board Size: 1x8,Lumber Length: 12 ft,,,,,,,,,,,,,,,,,,,,,,1x8-12' Biscayne Trex,,1x8-12' Biscayne Trex,Board Size,1x8,,Lumber Length,12,ft,,,,,,,,,,,,,,,,,,,,,,,,,,,,,,,,,,,,,,,,,,,,,,,,,,,,,,,,,,,,,,,,,,,,,,,,,,,,,,,,,,,,,,,,,,,,,,,,,,,,,,,,,,,,,,,,,,,,,,,,,,,,,,,,,,,,,,,,,,,,,,,,,,,,,,,,,,,,,,,,,,,,,,,,,,,,,,,,,,,,,,,,,,,,,,,
,,,,,,,General Supplies,General,General,,543142908,1x8-12' Carmel - Trex Lineage,TREX,,,,U S Lumber,,,543142908,,General Supplies > General > General,"1x8-12' Carmel Trex, 543142908, Board Size 1x8, Lumber Length 12 ft",1X8-12' CARMEL TREX 1X8 12FT,"1x8-12' Carmel Trex, 543142908","1x8-12' Carmel Trex, Model 543142908, Board Size 1x8, Lumber Length 12 ft","1x8-12' Carmel Trex, 543142908",,Board Size: 1x8,Lumber Length: 12 ft,,,,,,,,,,,,,,,,,,,,,,1x8-12' Carmel Trex,,1x8-12' Carmel Trex,Board Size,1x8,,Lumber Length,12,ft,,,,,,,,,,,,,,,,,,,,,,,,,,,,,,,,,,,,,,,,,,,,,,,,,,,,,,,,,,,,,,,,,,,,,,,,,,,,,,,,,,,,,,,,,,,,,,,,,,,,,,,,,,,,,,,,,,,,,,,,,,,,,,,,,,,,,,,,,,,,,,,,,,,,,,,,,,,,,,,,,,,,,,,,,,,,,,,,,,,,,,,,,,,,,,,
,,,,,,,General Supplies,General,General,,543143908,1x8-12' Jasper - Trex Lineage,TREX,,,,U S Lumber,,,543143908,,General Supplies > General > General,"1x8-12' Jasper Trex, 543143908, Board Size 1x8, Lumber Length 12 ft",1X8-12' JASPER TREX 1X8 12FT,"1x8-12' Jasper Trex, 543143908","1x8-12' Jasper Trex, Model 543143908, Board Size 1x8, Lumber Length 12 ft","1x8-12' Jasper Trex, 543143908",,Board Size: 1x8,Lumber Length: 12 ft,,,,,,,,,,,,,,,,,,,,,,1x8-12' Jasper Trex,,1x8-12' Jasper Trex,Board Size,1x8,,Lumber Length,12,ft,,,,,,,,,,,,,,,,,,,,,,,,,,,,,,,,,,,,,,,,,,,,,,,,,,,,,,,,,,,,,,,,,,,,,,,,,,,,,,,,,,,,,,,,,,,,,,,,,,,,,,,,,,,,,,,,,,,,,,,,,,,,,,,,,,,,,,,,,,,,,,,,,,,,,,,,,,,,,,,,,,,,,,,,,,,,,,,,,,,,,,,,,,,,,,,
,,,,,,,General Supplies,General,General,,543140912,1x12-12' Biscayne - Trex Lineage,TREX,,,,U S Lumber,,,543140912,,General Supplies > General > General,"1x12-12' Biscayne Trex, 543140912, Board Size 1x12, Lumber Length 12 ft",1X12-12' BISCAYNE TREX 1X12 12FT,"1x12-12' Biscayne Trex, 543140912","1x12-12' Biscayne Trex, Model 543140912, Board Size 1x12, Lumber Length 12 ft","1x12-12' Biscayne Trex, 543140912",,Board Size: 1x12,Lumber Length: 12 ft,,,,,,,,,,,,,,,,,,,,,,1x12-12' Biscayne Trex,,1x12-12' Biscayne Trex,Board Size,1x12,,Lumber Length,12,ft,,,,,,,,,,,,,,,,,,,,,,,,,,,,,,,,,,,,,,,,,,,,,,,,,,,,,,,,,,,,,,,,,,,,,,,,,,,,,,,,,,,,,,,,,,,,,,,,,,,,,,,,,,,,,,,,,,,,,,,,,,,,,,,,,,,,,,,,,,,,,,,,,,,,,,,,,,,,,,,,,,,,,,,,,,,,,,,,,,,,,,,,,,,,,,,
,,,,,,,General Supplies,General,General,,543142912,1x12-12' Carmel - Trex Lineage,TREX,,,,U S Lumber,,,543142912,,General Supplies > General > General,"1x12-12' Carmel Trex, 543142912, Board Size 1x12, Lumber Length 12 ft",1X12-12' CARMEL TREX 1X12 12FT,"1x12-12' Carmel Trex, 543142912","1x12-12' Carmel Trex, Model 543142912, Board Size 1x12, Lumber Length 12 ft","1x12-12' Carmel Trex, 543142912",,Board Size: 1x12,Lumber Length: 12 ft,,,,,,,,,,,,,,,,,,,,,,1x12-12' Carmel Trex,,1x12-12' Carmel Trex,Board Size,1x12,,Lumber Length,12,ft,,,,,,,,,,,,,,,,,,,,,,,,,,,,,,,,,,,,,,,,,,,,,,,,,,,,,,,,,,,,,,,,,,,,,,,,,,,,,,,,,,,,,,,,,,,,,,,,,,,,,,,,,,,,,,,,,,,,,,,,,,,,,,,,,,,,,,,,,,,,,,,,,,,,,,,,,,,,,,,,,,,,,,,,,,,,,,,,,,,,,,,,,,,,,,,
,,,,,,,General Supplies,General,General,,543143912,1x12-12' Jasper - Trex Lineage,TREX,,,,U S Lumber,,,543143912,,General Supplies > General > General,"1x12-12' Jasper Trex, 543143912, Board Size 1x12, Lumber Length 12 ft",1X12-12' JASPER TREX 1X12 12FT,"1x12-12' Jasper Trex, 543143912","1x12-12' Jasper Trex, Model 543143912, Board Size 1x12, Lumber Length 12 ft","1x12-12' Jasper Trex, 543143912",,Board Size: 1x12,Lumber Length: 12 ft,,,,,,,,,,,,,,,,,,,,,,1x12-12' Jasper Trex,,1x12-12' Jasper Trex,Board Size,1x12,,Lumber Length,12,ft,,,,,,,,,,,,,,,,,,,,,,,,,,,,,,,,,,,,,,,,,,,,,,,,,,,,,,,,,,,,,,,,,,,,,,,,,,,,,,,,,,,,,,,,,,,,,,,,,,,,,,,,,,,,,,,,,,,,,,,,,,,,,,,,,,,,,,,,,,,,,,,,,,,,,,,,,,,,,,,,,,,,,,,,,,,,,,,,,,,,,,,,,,,,,,,
,,,,,,,General Supplies,General,General,,1513715,1x12-12' Hatteras - Trex Lineage,TREX,,,,Boise Cascade Building Materials,Boise Cascade,Boise Cascade,1513715,,General Supplies > General > General,"Boise Cascade 1x12-12' Hatteras Trex, 1513715, Board Size 1x12, Lumber Length 12 ft",1X12-12' HATTERAS TREX 1X12 12FT,"Boise Cascade 1x12-12' Hatteras Trex, 1513715","Boise Cascade 1x12-12' Hatteras Trex, Model 1513715, Board Size 1x12, Lumber Length 12 ft","Boise Cascade 1x12-12' Hatteras Trex, 1513715",,Board Size: 1x12,Lumber Length: 12 ft,,,,,,,,,,,,,,,,,,,,,,1x12-12' Hatteras Trex,,1x12-12' Hatteras Trex,Board Size,1x12,,Lumber Length,12,ft,,,,,,,,,,,,,,,,,,,,,,,,,,,,,,,,,,,,,,,,,,,,,,,,,,,,,,,,,,,,,,,,,,,,,,,,,,,,,,,,,,,,,,,,,,,,,,,,,,,,,,,,,,,,,,,,,,,,,,,,,,,,,,,,,,,,,,,,,,,,,,,,,,,,,,,,,,,,,,,,,,,,,,,,,,,,,,,,,,,,,,,,,,,,,,,
,,,,,,,General Supplies,General,General,,1513716,1x12-12' Salt Flat - Trex Lineage,TREX,,,,Boise Cascade Building Materials,Boise Cascade,Boise Cascade,1513716,,General Supplies > General > General,"Boise Cascade 1x12-12' Salt Flat, 1513716, Board Size 1x12, Lumber Length 12 ft",1X12-12' SALT FLAT 1X12 12FT,"Boise Cascade 1x12-12' Salt Flat, 1513716","Boise Cascade 1x12-12' Salt Flat, Model 1513716, Board Size 1x12, Lumber Length 12 ft","Boise Cascade 1x12-12' Salt Flat, 1513716",,Board Size: 1x12,Lumber Length: 12 ft,,,,,,,,,,,,,,,,,,,,,,1x12-12' Salt Flat,,1x12-12' Salt Flat,Board Size,1x12,,Lumber Length,12,ft,,,,,,,,,,,,,,,,,,,,,,,,,,,,,,,,,,,,,,,,,,,,,,,,,,,,,,,,,,,,,,,,,,,,,,,,,,,,,,,,,,,,,,,,,,,,,,,,,,,,,,,,,,,,,,,,,,,,,,,,,,,,,,,,,,,,,,,,,,,,,,,,,,,,,,,,,,,,,,,,,,,,,,,,,,,,,,,,,,,,,,,,,,,,,,,
,,,,,,,Building Materials,Lumber,Dimensional Lumber,,1513722,1x8-12' Honey Grove - Trex Enhance Naturals Fascia,TREX,,,,Boise Cascade Building Materials,Boise Cascade,Boise Cascade,1513722,,Building Materials > Lumber > Dimensional Lumber,"Boise Cascade Lumber, 1513722, Board Size 1x8, Lumber Length 12 ft",LUMBER 1X8 12FT,"Boise Cascade Lumber, 1513722","Boise Cascade Lumber, Model 1513722, Board Size 1x8, Lumber Length 12 ft","Boise Cascade Lumber, 1513722",,Board Size: 1x8,Lumber Length: 12 ft,,,,,,,,,,,,,,,,,,,,,,Lumber,,Lumber,Board Size,1x8,,Lumber Length,12,ft,,,,,,,,,,,,,,,,,,,,,,,,,,,,,,,,,,,,,,,,,,,,,,,,,,,,,,,,,,,,,,,,,,,,,,,,,,,,,,,,,,,,,,,,,,,,,,,,,,,,,,,,,,,,,,,,,,,,,,,,,,,,,,,,,,,,,,,,,,,,,,,,,,,,30111501,,,,,,,,,,,,,,,,,,,,,,,,,,,,,,,,,,,,,,,,,,,
,,,,,,,Building Materials,Lumber,Dimensional Lumber,,1513723,1x12-12' Honey Grove - Trex Enhance Naturals Fascia,TREX,,,,Boise Cascade Building Materials,Boise Cascade,Boise Cascade,1513723,,Building Materials > Lumber > Dimensional Lumber,"Boise Cascade Lumber, 1513723, Board Size 1x12, Lumber Length 12 ft",LUMBER 1X12 12FT,"Boise Cascade Lumber, 1513723","Boise Cascade Lumber, Model 1513723, Board Size 1x12, Lumber Length 12 ft","Boise Cascade Lumber, 1513723",,Board Size: 1x12,Lumber Length: 12 ft,,,,,,,,,,,,,,,,,,,,,,Lumber,,Lumber,Board Size,1x12,,Lumber Length,12,ft,,,,,,,,,,,,,,,,,,,,,,,,,,,,,,,,,,,,,,,,,,,,,,,,,,,,,,,,,,,,,,,,,,,,,,,,,,,,,,,,,,,,,,,,,,,,,,,,,,,,,,,,,,,,,,,,,,,,,,,,,,,,,,,,,,,,,,,,,,,,,,,,,,,,30111501,,,,,,,,,,,,,,,,,,,,,,,,,,,,,,,,,,,,,,,,,,,
,,,,,,,Building Materials,Lumber,Dimensional Lumber,,1513729,1x8-12' Tide Pool - Trex Enhance Basics Fascia,TREX,,,,Boise Cascade Building Materials,Boise Cascade,Boise Cascade,1513729,,Building Materials > Lumber > Dimensional Lumber,"Boise Cascade Lumber, 1513729, Board Size 1x8, Lumber Length 12 ft",LUMBER 1X8 12FT,"Boise Cascade Lumber, 1513729","Boise Cascade Lumber, Model 1513729, Board Size 1x8, Lumber Length 12 ft","Boise Cascade Lumber, 1513729",,Board Size: 1x8,Lumber Length: 12 ft,,,,,,,,,,,,,,,,,,,,,,Lumber,,Lumber,Board Size,1x8,,Lumber Length,12,ft,,,,,,,,,,,,,,,,,,,,,,,,,,,,,,,,,,,,,,,,,,,,,,,,,,,,,,,,,,,,,,,,,,,,,,,,,,,,,,,,,,,,,,,,,,,,,,,,,,,,,,,,,,,,,,,,,,,,,,,,,,,,,,,,,,,,,,,,,,,,,,,,,,,,30111501,,,,,,,,,,,,,,,,,,,,,,,,,,,,,,,,,,,,,,,,,,,
,,,,,,,Building Materials,Lumber,Dimensional Lumber,,1513730,1x12-12' Tide Pool - Trex Enhance Basics Fascia,TREX,,,,Boise Cascade Building Materials,Boise Cascade,Boise Cascade,1513730,,Building Materials > Lumber > Dimensional Lumber,"Boise Cascade Lumber, 1513730, Board Size 1x12, Lumber Length 12 ft",LUMBER 1X12 12FT,"Boise Cascade Lumber, 1513730","Boise Cascade Lumber, Model 1513730, Board Size 1x12, Lumber Length 12 ft","Boise Cascade Lumber, 1513730",,Board Size: 1x12,Lumber Length: 12 ft,,,,,,,,,,,,,,,,,,,,,,Lumber,,Lumber,Board Size,1x12,,Lumber Length,12,ft,,,,,,,,,,,,,,,,,,,,,,,,,,,,,,,,,,,,,,,,,,,,,,,,,,,,,,,,,,,,,,,,,,,,,,,,,,,,,,,,,,,,,,,,,,,,,,,,,,,,,,,,,,,,,,,,,,,,,,,,,,,,,,,,,,,,,,,,,,,,,,,,,,,,30111501,,,,,,,,,,,,,,,,,,,,,,,,,,,,,,,,,,,,,,,,,,,
,,,,,,,Building Materials,Lumber,Dimensional Lumber,,543076916,1x8-12' Cinnamon Cove - Trex Enhance Naturals Fascia,TREX,,,,Boise Cascade Building Materials,Boise Cascade,Boise Cascade,543076916,,Building Materials > Lumber > Dimensional Lumber,"Boise Cascade Lumber, 543076916, Board Size 1x8, Lumber Length 12 ft",LUMBER 1X8 12FT,"Boise Cascade Lumber, 543076916","Boise Cascade Lumber, Model 543076916, Board Size 1x8, Lumber Length 12 ft","Boise Cascade Lumber, 543076916",,Board Size: 1x8,Lumber Length: 12 ft,,,,,,,,,,,,,,,,,,,,,,Lumber,,Lumber,Board Size,1x8,,Lumber Length,12,ft,,,,,,,,,,,,,,,,,,,,,,,,,,,,,,,,,,,,,,,,,,,,,,,,,,,,,,,,,,,,,,,,,,,,,,,,,,,,,,,,,,,,,,,,,,,,,,,,,,,,,,,,,,,,,,,,,,,,,,,,,,,,,,,,,,,,,,,,,,,,,,,,,,,,30111501,,,,,,,,,,,,,,,,,,,,,,,,,,,,,,,,,,,,,,,,,,,
,,,,,,,Building Materials,Lumber,Dimensional Lumber,,1516876,1x8-12' Golden Hour - Trex Enhance Naturals Fascia,TREX,,,,Boise Cascade Building Materials,Boise Cascade,Boise Cascade,1516876,,Building Materials > Lumber > Dimensional Lumber,"Boise Cascade Lumber, 1516876, Board Size 1x8, Lumber Length 12 ft",LUMBER 1X8 12FT,"Boise Cascade Lumber, 1516876","Boise Cascade Lumber, Model 1516876, Board Size 1x8, Lumber Length 12 ft","Boise Cascade Lumber, 1516876",,Board Size: 1x8,Lumber Length: 12 ft,,,,,,,,,,,,,,,,,,,,,,Lumber,,Lumber,Board Size,1x8,,Lumber Length,12,ft,,,,,,,,,,,,,,,,,,,,,,,,,,,,,,,,,,,,,,,,,,,,,,,,,,,,,,,,,,,,,,,,,,,,,,,,,,,,,,,,,,,,,,,,,,,,,,,,,,,,,,,,,,,,,,,,,,,,,,,,,,,,,,,,,,,,,,,,,,,,,,,,,,,,30111501,,,,,,,,,,,,,,,,,,,,,,,,,,,,,,,,,,,,,,,,,,,
,,,,,,,Building Materials,Lumber,Dimensional Lumber,,543076936,1x12-12' Cinnamon Cove - Trex Enhance Naturals Fascia,TREX,,,,Boise Cascade Building Materials,Boise Cascade,Boise Cascade,543076936,,Building Materials > Lumber > Dimensional Lumber,"Boise Cascade Lumber, 543076936, Board Size 1x12, Lumber Length 12 ft",LUMBER 1X12 12FT,"Boise Cascade Lumber, 543076936","Boise Cascade Lumber, Model 543076936, Board Size 1x12, Lumber Length 12 ft","Boise Cascade Lumber, 543076936",,Board Size: 1x12,Lumber Length: 12 ft,,,,,,,,,,,,,,,,,,,,,,Lumber,,Lumber,Board Size,1x12,,Lumber Length,12,ft,,,,,,,,,,,,,,,,,,,,,,,,,,,,,,,,,,,,,,,,,,,,,,,,,,,,,,,,,,,,,,,,,,,,,,,,,,,,,,,,,,,,,,,,,,,,,,,,,,,,,,,,,,,,,,,,,,,,,,,,,,,,,,,,,,,,,,,,,,,,,,,,,,,,30111501,,,,,,,,,,,,,,,,,,,,,,,,,,,,,,,,,,,,,,,,,,,
,,,,,,,Building Materials,Lumber,Dimensional Lumber,,1516878,1x12-12' Golden Hour - Trex Enhance Naturals Fascia,TREX,,,,Boise Cascade Building Materials,Boise Cascade,Boise Cascade,1516878,,Building Materials > Lumber > Dimensional Lumber,"Boise Cascade Lumber, 1516878, Board Size 1x12, Lumber Length 12 ft",LUMBER 1X12 12FT,"Boise Cascade Lumber, 1516878","Boise Cascade Lumber, Model 1516878, Board Size 1x12, Lumber Length 12 ft","Boise Cascade Lumber, 1516878",,Board Size: 1x12,Lumber Length: 12 ft,,,,,,,,,,,,,,,,,,,,,,Lumber,,Lumber,Board Size,1x12,,Lumber Length,12,ft,,,,,,,,,,,,,,,,,,,,,,,,,,,,,,,,,,,,,,,,,,,,,,,,,,,,,,,,,,,,,,,,,,,,,,,,,,,,,,,,,,,,,,,,,,,,,,,,,,,,,,,,,,,,,,,,,,,,,,,,,,,,,,,,,,,,,,,,,,,,,,,,,,,,30111501,,,,,,,,,,,,,,,,,,,,,,,,,,,,,,,,,,,,,,,,,,,
,,,,,,,Building Materials,Lumber,Dimensional Lumber,,1516884,1x8-12' Pebble Beach - Trex Enhance Basics Fascia,TREX,,,,Boise Cascade Building Materials,Boise Cascade,Boise Cascade,1516884,,Building Materials > Lumber > Dimensional Lumber,"Boise Cascade Lumber, 1516884, Board Size 1x8, Lumber Length 12 ft",LUMBER 1X8 12FT,"Boise Cascade Lumber, 1516884","Boise Cascade Lumber, Model 1516884, Board Size 1x8, Lumber Length 12 ft","Boise Cascade Lumber, 1516884",,Board Size: 1x8,Lumber Length: 12 ft,,,,,,,,,,,,,,,,,,,,,,Lumber,,Lumber,Board Size,1x8,,Lumber Length,12,ft,,,,,,,,,,,,,,,,,,,,,,,,,,,,,,,,,,,,,,,,,,,,,,,,,,,,,,,,,,,,,,,,,,,,,,,,,,,,,,,,,,,,,,,,,,,,,,,,,,,,,,,,,,,,,,,,,,,,,,,,,,,,,,,,,,,,,,,,,,,,,,,,,,,,30111501,,,,,,,,,,,,,,,,,,,,,,,,,,,,,,,,,,,,,,,,,,,
,,,,,,,Building Materials,Lumber,Dimensional Lumber,,1516885,1x12-12' Pebble Beach - Trex Enhance Basics Fascia,TREX,,,,Boise Cascade Building Materials,Boise Cascade,Boise Cascade,1516885,,Building Materials > Lumber > Dimensional Lumber,"Boise Cascade Lumber, 1516885, Board Size 1x12, Lumber Length 12 ft",LUMBER 1X12 12FT,"Boise Cascade Lumber, 1516885","Boise Cascade Lumber, Model 1516885, Board Size 1x12, Lumber Length 12 ft","Boise Cascade Lumber, 1516885",,Board Size: 1x12,Lumber Length: 12 ft,,,,,,,,,,,,,,,,,,,,,,Lumber,,Lumber,Board Size,1x12,,Lumber Length,12,ft,,,,,,,,,,,,,,,,,,,,,,,,,,,,,,,,,,,,,,,,,,,,,,,,,,,,,,,,,,,,,,,,,,,,,,,,,,,,,,,,,,,,,,,,,,,,,,,,,,,,,,,,,,,,,,,,,,,,,,,,,,,,,,,,,,,,,,,,,,,,,,,,,,,,30111501,,,,,,,,,,,,,,,,,,,,,,,,,,,,,,,,,,,,,,,,,,,
,,,,,,,Building Materials,Lumber,Dimensional Lumber,,543005916,1x8-12' Malted Barley - Trex Select 2.0 Fascia,TREX,,,,Boise Cascade Building Materials,Boise Cascade,Boise Cascade,543005916,,Building Materials > Lumber > Dimensional Lumber,"Boise Cascade Lumber, 543005916, Board Size 1x8, Lumber Length 12 ft",LUMBER 1X8 12FT,"Boise Cascade Lumber, 543005916","Boise Cascade Lumber, Model 543005916, Board Size 1x8, Lumber Length 12 ft","Boise Cascade Lumber, 543005916",,Board Size: 1x8,Lumber Length: 12 ft,,,,,,,,,,,,,,,,,,,,,,Lumber,,Lumber,Board Size,1x8,,Lumber Length,12,ft,,,,,,,,,,,,,,,,,,,,,,,,,,,,,,,,,,,,,,,,,,,,,,,,,,,,,,,,,,,,,,,,,,,,,,,,,,,,,,,,,,,,,,,,,,,,,,,,,,,,,,,,,,,,,,,,,,,,,,,,,,,,,,,,,,,,,,,,,,,,,,,,,,,,30111501,,,,,,,,,,,,,,,,,,,,,,,,,,,,,,,,,,,,,,,,,,,
,,,,,,,Building Materials,Lumber,Dimensional Lumber,,1516902,1x8-12' Millstone - Trex Select 2.0 Fascia,TREX,,,,Boise Cascade Building Materials,Boise Cascade,Boise Cascade,1516902,,Building Materials > Lumber > Dimensional Lumber,"Boise Cascade Lumber, 1516902, Board Size 1x8, Lumber Length 12 ft",LUMBER 1X8 12FT,"Boise Cascade Lumber, 1516902","Boise Cascade Lumber, Model 1516902, Board Size 1x8, Lumber Length 12 ft","Boise Cascade Lumber, 1516902",,Board Size: 1x8,Lumber Length: 12 ft,,,,,,,,,,,,,,,,,,,,,,Lumber,,Lumber,Board Size,1x8,,Lumber Length,12,ft,,,,,,,,,,,,,,,,,,,,,,,,,,,,,,,,,,,,,,,,,,,,,,,,,,,,,,,,,,,,,,,,,,,,,,,,,,,,,,,,,,,,,,,,,,,,,,,,,,,,,,,,,,,,,,,,,,,,,,,,,,,,,,,,,,,,,,,,,,,,,,,,,,,,30111501,,,,,,,,,,,,,,,,,,,,,,,,,,,,,,,,,,,,,,,,,,,
,,,,,,,Building Materials,Lumber,Dimensional Lumber,,543007916,1x8-12' Whiskey Barrel - Trex Select 2.0 Fascia,TREX,,,,Boise Cascade Building Materials,Boise Cascade,Boise Cascade,543007916,,Building Materials > Lumber > Dimensional Lumber,"Boise Cascade Lumber, 543007916, Board Size 1x8, Lumber Length 12 ft",LUMBER 1X8 12FT,"Boise Cascade Lumber, 543007916","Boise Cascade Lumber, Model 543007916, Board Size 1x8, Lumber Length 12 ft","Boise Cascade Lumber, 543007916",,Board Size: 1x8,Lumber Length: 12 ft,,,,,,,,,,,,,,,,,,,,,,Lumber,,Lumber,Board Size,1x8,,Lumber Length,12,ft,,,,,,,,,,,,,,,,,,,,,,,,,,,,,,,,,,,,,,,,,,,,,,,,,,,,,,,,,,,,,,,,,,,,,,,,,,,,,,,,,,,,,,,,,,,,,,,,,,,,,,,,,,,,,,,,,,,,,,,,,,,,,,,,,,,,,,,,,,,,,,,,,,,,30111501,,,,,,,,,,,,,,,,,,,,,,,,,,,,,,,,,,,,,,,,,,,
,,,,,,,Building Materials,Lumber,Dimensional Lumber,,543005936,1x12-12' Malted Barley - Trex Select 2.0 Fascia,TREX,,,,Boise Cascade Building Materials,Boise Cascade,Boise Cascade,543005936,,Building Materials > Lumber > Dimensional Lumber,"Boise Cascade Lumber, 543005936, Board Size 1x12, Lumber Length 12 ft",LUMBER 1X12 12FT,"Boise Cascade Lumber, 543005936","Boise Cascade Lumber, Model 543005936, Board Size 1x12, Lumber Length 12 ft","Boise Cascade Lumber, 543005936",,Board Size: 1x12,Lumber Length: 12 ft,,,,,,,,,,,,,,,,,,,,,,Lumber,,Lumber,Board Size,1x12,,Lumber Length,12,ft,,,,,,,,,,,,,,,,,,,,,,,,,,,,,,,,,,,,,,,,,,,,,,,,,,,,,,,,,,,,,,,,,,,,,,,,,,,,,,,,,,,,,,,,,,,,,,,,,,,,,,,,,,,,,,,,,,,,,,,,,,,,,,,,,,,,,,,,,,,,,,,,,,,,30111501,,,,,,,,,,,,,,,,,,,,,,,,,,,,,,,,,,,,,,,,,,,
,,,,,,,Building Materials,Lumber,Dimensional Lumber,,1516905,1x12-12' Millstone - Trex Select 2.0 Fascia,TREX,,,,Boise Cascade Building Materials,Boise Cascade,Boise Cascade,1516905,,Building Materials > Lumber > Dimensional Lumber,"Boise Cascade Lumber, 1516905, Board Size 1x12, Lumber Length 12 ft",LUMBER 1X12 12FT,"Boise Cascade Lumber, 1516905","Boise Cascade Lumber, Model 1516905, Board Size 1x12, Lumber Length 12 ft","Boise Cascade Lumber, 1516905",,Board Size: 1x12,Lumber Length: 12 ft,,,,,,,,,,,,,,,,,,,,,,Lumber,,Lumber,Board Size,1x12,,Lumber Length,12,ft,,,,,,,,,,,,,,,,,,,,,,,,,,,,,,,,,,,,,,,,,,,,,,,,,,,,,,,,,,,,,,,,,,,,,,,,,,,,,,,,,,,,,,,,,,,,,,,,,,,,,,,,,,,,,,,,,,,,,,,,,,,,,,,,,,,,,,,,,,,,,,,,,,,,30111501,,,,,,,,,,,,,,,,,,,,,,,,,,,,,,,,,,,,,,,,,,,
,,,,,,,Building Materials,Lumber,Dimensional Lumber,,543007936,1x12-12' Whiskey Barrel - Trex Select 2.0 Fascia,TREX,,,,Boise Cascade Building Materials,Boise Cascade,Boise Cascade,543007936,,Building Materials > Lumber > Dimensional Lumber,"Boise Cascade Lumber, 543007936, Board Size 1x12, Lumber Length 12 ft",LUMBER 1X12 12FT,"Boise Cascade Lumber, 543007936","Boise Cascade Lumber, Model 543007936, Board Size 1x12, Lumber Length 12 ft","Boise Cascade Lumber, 543007936",,Board Size: 1x12,Lumber Length: 12 ft,,,,,,,,,,,,,,,,,,,,,,Lumber,,Lumber,Board Size,1x12,,Lumber Length,12,ft,,,,,,,,,,,,,,,,,,,,,,,,,,,,,,,,,,,,,,,,,,,,,,,,,,,,,,,,,,,,,,,,,,,,,,,,,,,,,,,,,,,,,,,,,,,,,,,,,,,,,,,,,,,,,,,,,,,,,,,,,,,,,,,,,,,,,,,,,,,,,,,,,,,,30111501,,,,,,,,,,,,,,,,,,,,,,,,,,,,,,,,,,,,,,,,,,,
,,,,,,,General Supplies,General,General,,543144908,1x8-12' Island Mist - Trex Lineage,TREX,,,,U S Lumber,,,543144908,,General Supplies > General > General,"1x8-12' Island Mist, 543144908, Board Size 1x8, Lumber Length 12 ft",1X8-12' ISLAND MIST 1X8 12FT,"1x8-12' Island Mist, 543144908","1x8-12' Island Mist, Model 543144908, Board Size 1x8, Lumber Length 12 ft","1x8-12' Island Mist, 543144908",,Board Size: 1x8,Lumber Length: 12 ft,,,,,,,,,,,,,,,,,,,,,,1x8-12' Island Mist,,1x8-12' Island Mist,Board Size,1x8,,Lumber Length,12,ft,,,,,,,,,,,,,,,,,,,,,,,,,,,,,,,,,,,,,,,,,,,,,,,,,,,,,,,,,,,,,,,,,,,,,,,,,,,,,,,,,,,,,,,,,,,,,,,,,,,,,,,,,,,,,,,,,,,,,,,,,,,,,,,,,,,,,,,,,,,,,,,,,,,,,,,,,,,,,,,,,,,,,,,,,,,,,,,,,,,,,,,,,,,,,,,
,,,,,,,General Supplies,General,General,,543141908,1x8-12' Rainier - Trex Lineage,TREX,,,,U S Lumber,,,543141908,,General Supplies > General > General,"1x8-12' Rainier Trex, 543141908, Board Size 1x8, Lumber Length 12 ft",1X8-12' RAINIER TREX 1X8 12FT,"1x8-12' Rainier Trex, 543141908","1x8-12' Rainier Trex, Model 543141908, Board Size 1x8, Lumber Length 12 ft","1x8-12' Rainier Trex, 543141908",,Board Size: 1x8,Lumber Length: 12 ft,,,,,,,,,,,,,,,,,,,,,,1x8-12' Rainier Trex,,1x8-12' Rainier Trex,Board Size,1x8,,Lumber Length,12,ft,,,,,,,,,,,,,,,,,,,,,,,,,,,,,,,,,,,,,,,,,,,,,,,,,,,,,,,,,,,,,,,,,,,,,,,,,,,,,,,,,,,,,,,,,,,,,,,,,,,,,,,,,,,,,,,,,,,,,,,,,,,,,,,,,,,,,,,,,,,,,,,,,,,,,,,,,,,,,,,,,,,,,,,,,,,,,,,,,,,,,,,,,,,,,,,
,,,,,,,General Supplies,General,General,,543144912,1x12-12' Island Mist - Trex Lineage,TREX,,,,U S Lumber,,,543144912,,General Supplies > General > General,"1x12-12' Island Mist, 543144912, Board Size 1x12, Lumber Length 12 ft",1X12-12' ISLAND MIST 1X12 12FT,"1x12-12' Island Mist, 543144912","1x12-12' Island Mist, Model 543144912, Board Size 1x12, Lumber Length 12 ft","1x12-12' Island Mist, 543144912",,Board Size: 1x12,Lumber Length: 12 ft,,,,,,,,,,,,,,,,,,,,,,1x12-12' Island Mist,,1x12-12' Island Mist,Board Size,1x12,,Lumber Length,12,ft,,,,,,,,,,,,,,,,,,,,,,,,,,,,,,,,,,,,,,,,,,,,,,,,,,,,,,,,,,,,,,,,,,,,,,,,,,,,,,,,,,,,,,,,,,,,,,,,,,,,,,,,,,,,,,,,,,,,,,,,,,,,,,,,,,,,,,,,,,,,,,,,,,,,,,,,,,,,,,,,,,,,,,,,,,,,,,,,,,,,,,,,,,,,,,,
,,,,,,,General Supplies,General,General,,543141912,1x12-12' Rainier - Trex Lineage,TREX,,,,U S Lumber,,,543141912,,General Supplies > General > General,"1x12-12' Rainier Trex, 543141912, Board Size 1x12, Lumber Length 12 ft",1X12-12' RAINIER TREX 1X12 12FT,"1x12-12' Rainier Trex, 543141912","1x12-12' Rainier Trex, Model 543141912, Board Size 1x12, Lumber Length 12 ft","1x12-12' Rainier Trex, 543141912",,Board Size: 1x12,Lumber Length: 12 ft,,,,,,,,,,,,,,,,,,,,,,1x12-12' Rainier Trex,,1x12-12' Rainier Trex,Board Size,1x12,,Lumber Length,12,ft,,,,,,,,,,,,,,,,,,,,,,,,,,,,,,,,,,,,,,,,,,,,,,,,,,,,,,,,,,,,,,,,,,,,,,,,,,,,,,,,,,,,,,,,,,,,,,,,,,,,,,,,,,,,,,,,,,,,,,,,,,,,,,,,,,,,,,,,,,,,,,,,,,,,,,,,,,,,,,,,,,,,,,,,,,,,,,,,,,,,,,,,,,,,,,,
,,,,,,,General Supplies,General,General,,1513713,1x8-12' Hatteras - Trex Lineage,TREX,,,,Boise Cascade Building Materials,Boise Cascade,Boise Cascade,1513713,,General Supplies > General > General,"Boise Cascade 1x8-12' Hatteras Trex, 1513713, Board Size 1x8, Lumber Length 12 ft",1X8-12' HATTERAS TREX 1X8 12FT,"Boise Cascade 1x8-12' Hatteras Trex, 1513713","Boise Cascade 1x8-12' Hatteras Trex, Model 1513713, Board Size 1x8, Lumber Length 12 ft","Boise Cascade 1x8-12' Hatteras Trex, 1513713",,Board Size: 1x8,Lumber Length: 12 ft,,,,,,,,,,,,,,,,,,,,,,1x8-12' Hatteras Trex,,1x8-12' Hatteras Trex,Board Size,1x8,,Lumber Length,12,ft,,,,,,,,,,,,,,,,,,,,,,,,,,,,,,,,,,,,,,,,,,,,,,,,,,,,,,,,,,,,,,,,,,,,,,,,,,,,,,,,,,,,,,,,,,,,,,,,,,,,,,,,,,,,,,,,,,,,,,,,,,,,,,,,,,,,,,,,,,,,,,,,,,,,,,,,,,,,,,,,,,,,,,,,,,,,,,,,,,,,,,,,,,,,,,,
,,,,,,,General Supplies,General,General,,1513714,1x8-12' Salt Flat - Trex Lineage,TREX,,,,Boise Cascade Building Materials,Boise Cascade,Boise Cascade,1513714,,General Supplies > General > General,"Boise Cascade 1x8-12' Salt Flat, 1513714, Board Size 1x8, Lumber Length 12 ft",1X8-12' SALT FLAT 1X8 12FT,"Boise Cascade 1x8-12' Salt Flat, 1513714","Boise Cascade 1x8-12' Salt Flat, Model 1513714, Board Size 1x8, Lumber Length 12 ft","Boise Cascade 1x8-12' Salt Flat, 1513714",,Board Size: 1x8,Lumber Length: 12 ft,,,,,,,,,,,,,,,,,,,,,,1x8-12' Salt Flat,,1x8-12' Salt Flat,Board Size,1x8,,Lumber Length,12,ft,,,,,,,,,,,,,,,,,,,,,,,,,,,,,,,,,,,,,,,,,,,,,,,,,,,,,,,,,,,,,,,,,,,,,,,,,,,,,,,,,,,,,,,,,,,,,,,,,,,,,,,,,,,,,,,,,,,,,,,,,,,,,,,,,,,,,,,,,,,,,,,,,,,,,,,,,,,,,,,,,,,,,,,,,,,,,,,,,,,,,,,,,,,,,,,
,,,,,,,Building Materials,Lumber,Dimensional Lumber,,73012503,4x4 Wh Heritage Post Trim RDI,,,,,-,,,73012503,,Building Materials > Lumber > Dimensional Lumber,"Lumber, 73012503, Board Size 4x4",LUMBER 4X4,"Lumber, 73012503","Lumber, Model 73012503, Board Size 4x4","Lumber, 73012503",,Board Size: 4x4,,,,,,,,,,,,,,,,,,,,,,,Lumber,,Lumber,Board Size,4x4,,,,,,,,,,,,,,,,,,,,,,,,,,,,,,,,,,,,,,,,,,,,,,,,,,,,,,,,,,,,,,,,,,,,,,,,,,,,,,,,,,,,,,,,,,,,,,,,,,,,,,,,,,,,,,,,,,,,,,,,,,,,,,,,,,,,,,,,,,,,,,,,,,,,,,,,30111501,,,,,,,,,,,,,,,,,,,,,,,,,,,,,,,,,,,,,,,,,,,
,,,,,,,Building Materials,Lumber,Dimensional Lumber,,73018131,6x6 Wh Elite Post Trim 4pc RDI,,,,,-,,,73018131,,Building Materials > Lumber > Dimensional Lumber,"Lumber, 73018131, Board Size 6x6, Pack Quantity 4",LUMBER 6X6 4,"Lumber, 73018131","Lumber, Model 73018131, Board Size 6x6, Pack Quantity 4","Lumber, 73018131",,Board Size: 6x6,Pack Quantity: 4,,,,,,,,,,,,,,,,,,,,,,Lumber,,Lumber,Board Size,6x6,,Pack Quantity,4,,,,,,,,,,,,,,,,,,,,,,,,,,,,,,,,,,,,,,,,,,,,,,,,,,,,,,,,,,,,,,,,,,,,,,,,,,,,,,,,,,,,,,,,,,,,,,,,,,,,,,,,,,,,,,,,,,,,,,,,,,,,,,,,,,,,,,,,,,,,,,,,,,,,,30111501,,,,,,,,,,,,,,,,,,,,,,,,,,,,,,,,,,,,,,,,,,,
,,,,,,,Building Materials,Lumber,Dimensional Lumber,,73018091,4x4 Wh Elite Post Trim RDI,,,,,-,,,73018091,,Building Materials > Lumber > Dimensional Lumber,"Lumber, 73018091, Board Size 4x4",LUMBER 4X4,"Lumber, 73018091","Lumber, Model 73018091, Board Size 4x4","Lumber, 73018091",,Board Size: 4x4,,,,,,,,,,,,,,,,,,,,,,,Lumber,,Lumber,Board Size,4x4,,,,,,,,,,,,,,,,,,,,,,,,,,,,,,,,,,,,,,,,,,,,,,,,,,,,,,,,,,,,,,,,,,,,,,,,,,,,,,,,,,,,,,,,,,,,,,,,,,,,,,,,,,,,,,,,,,,,,,,,,,,,,,,,,,,,,,,,,,,,,,,,,,,,,,,,30111501,,,,,,,,,,,,,,,,,,,,,,,,,,,,,,,,,,,,,,,,,,,
,,,,,,,Building Materials,Lumber,Dimensional Lumber,,73018066,Clay 6x6 Elite Post Trim RDI - 4pc,,,,,-,,,73018066,,Building Materials > Lumber > Dimensional Lumber,"Lumber, 73018066, Board Size 6x6, Pack Quantity 4",LUMBER 6X6 4,"Lumber, 73018066","Lumber, Model 73018066, Board Size 6x6, Pack Quantity 4","Lumber, 73018066",,Board Size: 6x6,Pack Quantity: 4,,,,,,,,,,,,,,,,,,,,,,Lumber,,Lumber,Board Size,6x6,,Pack Quantity,4,,,,,,,,,,,,,,,,,,,,,,,,,,,,,,,,,,,,,,,,,,,,,,,,,,,,,,,,,,,,,,,,,,,,,,,,,,,,,,,,,,,,,,,,,,,,,,,,,,,,,,,,,,,,,,,,,,,,,,,,,,,,,,,,,,,,,,,,,,,,,,,,,,,,,30111501,,,,,,,,,,,,,,,,,,,,,,,,,,,,,,,,,,,,,,,,,,,
,,,,,,,General Supplies,General,General,,73018076,4x4 Wh Flat Post Cap RDI,,,,,-,,,73018076,,General Supplies > General > General,"4x4 Wh Flat, 73018076, Board Size 4x4",4X4 WH FLAT 4X4,"4x4 Wh Flat, 73018076","4x4 Wh Flat, Model 73018076, Board Size 4x4","4x4 Wh Flat, 73018076",,Board Size: 4x4,,,,,,,,,,,,,,,,,,,,,,,4x4 Wh Flat,,4x4 Wh Flat,Board Size,4x4,,,,,,,,,,,,,,,,,,,,,,,,,,,,,,,,,,,,,,,,,,,,,,,,,,,,,,,,,,,,,,,,,,,,,,,,,,,,,,,,,,,,,,,,,,,,,,,,,,,,,,,,,,,,,,,,,,,,,,,,,,,,,,,,,,,,,,,,,,,,,,,,,,,,,,,,,,,,,,,,,,,,,,,,,,,,,,,,,,,,,,,,,,,,,,,,,,,
,,,,,,,General Supplies,General,General,,61109087,Wh 4x4-39 Blank Post RDI,,,,,-,,,61109087,,General Supplies > General > General,"Wh 4x4-39 Blank, 61109087, Board Size 4x4",WH 4X4-39 BLANK 4X4,"Wh 4x4-39 Blank, 61109087","Wh 4x4-39 Blank, Model 61109087, Board Size 4x4","Wh 4x4-39 Blank, 61109087",,Board Size: 4x4,,,,,,,,,,,,,,,,,,,,,,,Wh 4x4-39 Blank,,Wh 4x4-39 Blank,Board Size,4x4,,,,,,,,,,,,,,,,,,,,,,,,,,,,,,,,,,,,,,,,,,,,,,,,,,,,,,,,,,,,,,,,,,,,,,,,,,,,,,,,,,,,,,,,,,,,,,,,,,,,,,,,,,,,,,,,,,,,,,,,,,,,,,,,,,,,,,,,,,,,,,,,,,,,,,,,,,,,,,,,,,,,,,,,,,,,,,,,,,,,,,,,,,,,,,,,,,,
,,,,,,,General Supplies,General,General,,73018731,Wh 6x6-108 Post Sleeve RDI,,,,,-,,,73018731,,General Supplies > General > General,"Wh 6x6-108 Post, 73018731, Board Size 6x6",WH 6X6-108 POST 6X6,"Wh 6x6-108 Post, 73018731","Wh 6x6-108 Post, Model 73018731, Board Size 6x6","Wh 6x6-108 Post, 73018731",,Board Size: 6x6,,,,,,,,,,,,,,,,,,,,,,,Wh 6x6-108 Post,,Wh 6x6-108 Post,Board Size,6x6,,,,,,,,,,,,,,,,,,,,,,,,,,,,,,,,,,,,,,,,,,,,,,,,,,,,,,,,,,,,,,,,,,,,,,,,,,,,,,,,,,,,,,,,,,,,,,,,,,,,,,,,,,,,,,,,,,,,,,,,,,,,,,,,,,,,,,,,,,,,,,,,,,,,,,,,,,,,,,,,,,,,,,,,,,,,,,,,,,,,,,,,,,,,,,,,,,,
,,,,,,,General Supplies,General,General,,61109090,Wh 4x4-108 Post Sleeve RDI,,,,,-,,,61109090,,General Supplies > General > General,"Wh 4x4-108 Post, 61109090, Board Size 4x4",WH 4X4-108 POST 4X4,"Wh 4x4-108 Post, 61109090","Wh 4x4-108 Post, Model 61109090, Board Size 4x4","Wh 4x4-108 Post, 61109090",,Board Size: 4x4,,,,,,,,,,,,,,,,,,,,,,,Wh 4x4-108 Post,,Wh 4x4-108 Post,Board Size,4x4,,,,,,,,,,,,,,,,,,,,,,,,,,,,,,,,,,,,,,,,,,,,,,,,,,,,,,,,,,,,,,,,,,,,,,,,,,,,,,,,,,,,,,,,,,,,,,,,,,,,,,,,,,,,,,,,,,,,,,,,,,,,,,,,,,,,,,,,,,,,,,,,,,,,,,,,,,,,,,,,,,,,,,,,,,,,,,,,,,,,,,,,,,,,,,,,,,,
,,,,,,,General Supplies,General,General,,73053603,Clay 4x4-108 Post Sleeve RDI,,,,,-,,,73053603,,General Supplies > General > General,"Clay 4x4-108 Post, 73053603, Board Size 4x4",CLAY 4X4-108 POST 4X4,"Clay 4x4-108 Post, 73053603","Clay 4x4-108 Post, Model 73053603, Board Size 4x4","Clay 4x4-108 Post, 73053603",,Board Size: 4x4,,,,,,,,,,,,,,,,,,,,,,,Clay 4x4-108 Post,,Clay 4x4-108 Post,Board Size,4x4,,,,,,,,,,,,,,,,,,,,,,,,,,,,,,,,,,,,,,,,,,,,,,,,,,,,,,,,,,,,,,,,,,,,,,,,,,,,,,,,,,,,,,,,,,,,,,,,,,,,,,,,,,,,,,,,,,,,,,,,,,,,,,,,,,,,,,,,,,,,,,,,,,,,,,,,,,,,,,,,,,,,,,,,,,,,,,,,,,,,,,,,,,,,,,,,,,,
,,,,,,,General Supplies,General,General,,73053608,Clay 6x6-108 Post Sleeve RDI,,,,,-,,,73053608,,General Supplies > General > General,"Clay 6x6-108 Post, 73053608, Board Size 6x6",CLAY 6X6-108 POST 6X6,"Clay 6x6-108 Post, 73053608","Clay 6x6-108 Post, Model 73053608, Board Size 6x6","Clay 6x6-108 Post, 73053608",,Board Size: 6x6,,,,,,,,,,,,,,,,,,,,,,,Clay 6x6-108 Post,,Clay 6x6-108 Post,Board Size,6x6,,,,,,,,,,,,,,,,,,,,,,,,,,,,,,,,,,,,,,,,,,,,,,,,,,,,,,,,,,,,,,,,,,,,,,,,,,,,,,,,,,,,,,,,,,,,,,,,,,,,,,,,,,,,,,,,,,,,,,,,,,,,,,,,,,,,,,,,,,,,,,,,,,,,,,,,,,,,,,,,,,,,,,,,,,,,,,,,,,,,,,,,,,,,,,,,,,,
,,,,,,,Building Materials,Railing,Deck Railing Components,,543340896,"4x4-37"" Black Alum Post Sleeve Select Alum Railing - w/Cap & Skirt",TREX,,,,Boise Cascade Building Materials,Boise Cascade,Boise Cascade,543340896,,Building Materials > Railing > Deck Railing Components,"Boise Cascade Deck Railing, 543340896, Board Size 4x4, Color Black",DECK RAILING 4X4 BLACK,"Boise Cascade Deck Railing, 543340896","Boise Cascade Deck Railing, Model 543340896, Board Size 4x4, Color Black","Boise Cascade Deck Railing, 543340896",,Board Size: 4x4,Color: Black,,,,,,,,,,,,,,,,,,,,,,Deck Railing,,Deck Railing,Board Size,4x4,,Color,Black,,,,,,,,,,,,,,,,,,,,,,,,,,,,,,,,,,,,,,,,,,,,,,,,,,,,,,,,,,,,,,,,,,,,,,,,,,,,,,,,,,,,,,,,,,,,,,,,,,,,,,,,,,,,,,,,,,,,,,,,,,,,,,,,,,,,,,,,,,,,,,,,,,,,,30131700,,,,,,,,,,,,,,,,,,,,,,,,,,,,,,,,,,,,,,,,,,,
,,,,,,,Building Materials,Railing,Deck Railing Components,,543340898,"4x4-43"" Black Alum Post Sleeve Select Alum Railing w/Cap & Skirt",TREX,,,,Boise Cascade Building Materials,Boise Cascade,Boise Cascade,543340898,,Building Materials > Railing > Deck Railing Components,"Boise Cascade Deck Railing, 543340898, Board Size 4x4, Color Black",DECK RAILING 4X4 BLACK,"Boise Cascade Deck Railing, 543340898","Boise Cascade Deck Railing, Model 543340898, Board Size 4x4, Color Black","Boise Cascade Deck Railing, 543340898",,Board Size: 4x4,Color: Black,,,,,,,,,,,,,,,,,,,,,,Deck Railing,,Deck Railing,Board Size,4x4,,Color,Black,,,,,,,,,,,,,,,,,,,,,,,,,,,,,,,,,,,,,,,,,,,,,,,,,,,,,,,,,,,,,,,,,,,,,,,,,,,,,,,,,,,,,,,,,,,,,,,,,,,,,,,,,,,,,,,,,,,,,,,,,,,,,,,,,,,,,,,,,,,,,,,,,,,,,30131700,,,,,,,,,,,,,,,,,,,,,,,,,,,,,,,,,,,,,,,,,,,
,,,,,,,General Supplies,General,General,,73272TBK,6x6-10' Black Alum Deco - Support Post,DSI Westbury,,,,Palmer Donavin Mfg Company,,,73272TBK,,General Supplies > General > General,"6x6-10' Black Alum, 73272TBK, Board Size 6x6, Lumber Length 10 ft, Color Black",6X6-10' BLACK ALUM 6X6 10FT BLACK,"6x6-10' Black Alum, 73272TBK","6x6-10' Black Alum, Model 73272TBK, Board Size 6x6, Lumber Length 10 ft, Color Black","6x6-10' Black Alum, 73272TBK",,Board Size: 6x6,Lumber Length: 10 ft,Color: Black,,,,,,,,,,,,,,,,,,,,,6x6-10' Black Alum,,6x6-10' Black Alum,Board Size,6x6,,Lumber Length,10,ft,Color,Black,,,,,,,,,,,,,,,,,,,,,,,,,,,,,,,,,,,,,,,,,,,,,,,,,,,,,,,,,,,,,,,,,,,,,,,,,,,,,,,,,,,,,,,,,,,,,,,,,,,,,,,,,,,,,,,,,,,,,,,,,,,,,,,,,,,,,,,,,,,,,,,,,,,,,,,,,,,,,,,,,,,,,,,,,,,,,,,,,,,,,,,,,,,,,
,,,,,,,Building Materials,Railing,Deck Railing Components,,543302127,6' Wh Select T-Rail Kit Stair - w/Sq Composite Balusters,TREX,,,,U S Lumber,,,543302127,,Building Materials > Railing > Deck Railing Components,"Deck Railing, 543302127",DECK RAILING,"Deck Railing, 543302127","Deck Railing, Model 543302127","Deck Railing, 543302127",,,,,,,,,,,,,,,,,,,,,,,,,Deck Railing,,Deck Railing,,,,,,,,,,,,,,,,,,,,,,,,,,,,,,,,,,,,,,,,,,,,,,,,,,,,,,,,,,,,,,,,,,,,,,,,,,,,,,,,,,,,,,,,,,,,,,,,,,,,,,,,,,,,,,,,,,,,,,,,,,,,,,,,,,,,,,,,,,,,,,,,,,,,,,,,,,30131700,,,,,,,,,,,,,,,,,,,,,,,,,,,,,,,,,,,,,,,,,,,
,,,,,,,Building Materials,Railing,Deck Railing Components,,543302147,8' Wh Select T-Rail Kit Stair - w/Sq Composite Balusters,TREX,,,,U S Lumber,,,543302147,,Building Materials > Railing > Deck Railing Components,"Deck Railing, 543302147",DECK RAILING,"Deck Railing, 543302147","Deck Railing, Model 543302147","Deck Railing, 543302147",,,,,,,,,,,,,,,,,,,,,,,,,Deck Railing,,Deck Railing,,,,,,,,,,,,,,,,,,,,,,,,,,,,,,,,,,,,,,,,,,,,,,,,,,,,,,,,,,,,,,,,,,,,,,,,,,,,,,,,,,,,,,,,,,,,,,,,,,,,,,,,,,,,,,,,,,,,,,,,,,,,,,,,,,,,,,,,,,,,,,,,,,,,,,,,,,30131700,,,,,,,,,,,,,,,,,,,,,,,,,,,,,,,,,,,,,,,,,,,
,,,,,,,Building Materials,Railing,Deck Railing Components,,73019599,Finyline Wh 6' Str Rail Kit Sq,,,,,-,,,73019599,,Building Materials > Railing > Deck Railing Components,"Deck Railing, 73019599",DECK RAILING,"Deck Railing, 73019599","Deck Railing, Model 73019599","Deck Railing, 73019599",,,,,,,,,,,,,,,,,,,,,,,,,Deck Railing,,Deck Railing,,,,,,,,,,,,,,,,,,,,,,,,,,,,,,,,,,,,,,,,,,,,,,,,,,,,,,,,,,,,,,,,,,,,,,,,,,,,,,,,,,,,,,,,,,,,,,,,,,,,,,,,,,,,,,,,,,,,,,,,,,,,,,,,,,,,,,,,,,,,,,,,,,,,,,,,,,30131700,,,,,,,,,,,,,,,,,,,,,,,,,,,,,,,,,,,,,,,,,,,
,,,,,,,Building Materials,Railing,Deck Railing Components,,73019648,Finyline Wh 8' Str Rail Kit Sq,,,,,-,,,73019648,,Building Materials > Railing > Deck Railing Components,"Deck Railing, 73019648",DECK RAILING,"Deck Railing, 73019648","Deck Railing, Model 73019648","Deck Railing, 73019648",,,,,,,,,,,,,,,,,,,,,,,,,Deck Railing,,Deck Railing,,,,,,,,,,,,,,,,,,,,,,,,,,,,,,,,,,,,,,,,,,,,,,,,,,,,,,,,,,,,,,,,,,,,,,,,,,,,,,,,,,,,,,,,,,,,,,,,,,,,,,,,,,,,,,,,,,,,,,,,,,,,,,,,,,,,,,,,,,,,,,,,,,,,,,,,,,30131700,,,,,,,,,,,,,,,,,,,,,,,,,,,,,,,,,,,,,,,,,,,
,,,,,,,Building Materials,Railing,Deck Railing Components,,73019598,Finyline Wh 6' Str Rail Kit Rd - w/Black Alum Balusters,,,,,-,,,73019598,,Building Materials > Railing > Deck Railing Components,"Deck Railing, 73019598, Color Black",DECK RAILING BLACK,"Deck Railing, 73019598","Deck Railing, Model 73019598, Color Black","Deck Railing, 73019598",,Color: Black,,,,,,,,,,,,,,,,,,,,,,,Deck Railing,,Deck Railing,Color,Black,,,,,,,,,,,,,,,,,,,,,,,,,,,,,,,,,,,,,,,,,,,,,,,,,,,,,,,,,,,,,,,,,,,,,,,,,,,,,,,,,,,,,,,,,,,,,,,,,,,,,,,,,,,,,,,,,,,,,,,,,,,,,,,,,,,,,,,,,,,,,,,,,,,,,,,,30131700,,,,,,,,,,,,,,,,,,,,,,,,,,,,,,,,,,,,,,,,,,,
,,,,,,,Building Materials,Railing,Deck Railing Components,,73019647,Finyline Wh 8' Str Rail Kit Rd - w/Black Alum Balusters,,,,,-,,,73019647,,Building Materials > Railing > Deck Railing Components,"Deck Railing, 73019647, Color Black",DECK RAILING BLACK,"Deck Railing, 73019647","Deck Railing, Model 73019647, Color Black","Deck Railing, 73019647",,Color: Black,,,,,,,,,,,,,,,,,,,,,,,Deck Railing,,Deck Railing,Color,Black,,,,,,,,,,,,,,,,,,,,,,,,,,,,,,,,,,,,,,,,,,,,,,,,,,,,,,,,,,,,,,,,,,,,,,,,,,,,,,,,,,,,,,,,,,,,,,,,,,,,,,,,,,,,,,,,,,,,,,,,,,,,,,,,,,,,,,,,,,,,,,,,,,,,,,,,30131700,,,,,,,,,,,,,,,,,,,,,,,,,,,,,,,,,,,,,,,,,,,
,,,,,,,Building Materials,Railing,Deck Railing Components,,543300257,6' Black Select Classic Stair - Rail w/Rnd Black Alum Baluster,TREX,,,,Boise Cascade Building Materials,Boise Cascade,Boise Cascade,543300257,,Building Materials > Railing > Deck Railing Components,"Boise Cascade Deck Railing, 543300257, Color Black",DECK RAILING BLACK,"Boise Cascade Deck Railing, 543300257","Boise Cascade Deck Railing, Model 543300257, Color Black","Boise Cascade Deck Railing, 543300257",,Color: Black,,,,,,,,,,,,,,,,,,,,,,,Deck Railing,,Deck Railing,Color,Black,,,,,,,,,,,,,,,,,,,,,,,,,,,,,,,,,,,,,,,,,,,,,,,,,,,,,,,,,,,,,,,,,,,,,,,,,,,,,,,,,,,,,,,,,,,,,,,,,,,,,,,,,,,,,,,,,,,,,,,,,,,,,,,,,,,,,,,,,,,,,,,,,,,,,,,,30131700,,,,,,,,,,,,,,,,,,,,,,,,,,,,,,,,,,,,,,,,,,,
,,,,,,,Building Materials,Railing,Deck Railing Components,,543300277,8' Black Select Classic Stair - Rail w/Rnd Black Alum Baluster,TREX,,,,Boise Cascade Building Materials,Boise Cascade,Boise Cascade,543300277,,Building Materials > Railing > Deck Railing Components,"Boise Cascade Deck Railing, 543300277, Color Black",DECK RAILING BLACK,"Boise Cascade Deck Railing, 543300277","Boise Cascade Deck Railing, Model 543300277, Color Black","Boise Cascade Deck Railing, 543300277",,Color: Black,,,,,,,,,,,,,,,,,,,,,,,Deck Railing,,Deck Railing,Color,Black,,,,,,,,,,,,,,,,,,,,,,,,,,,,,,,,,,,,,,,,,,,,,,,,,,,,,,,,,,,,,,,,,,,,,,,,,,,,,,,,,,,,,,,,,,,,,,,,,,,,,,,,,,,,,,,,,,,,,,,,,,,,,,,,,,,,,,,,,,,,,,,,,,,,,,,,30131700,,,,,,,,,,,,,,,,,,,,,,,,,,,,,,,,,,,,,,,,,,,
,,,,,,,General Supplies,General,General,,SPB-44BPL,"Patriot 4""x4""x37""/43"" Adjustable Self Leveling Support Post",,,,,-,,,SPB-44BPL,,General Supplies > General > General,"Patriot x4 x37, SPB-44BPL, Width 4 in, Length 4 in",PATRIOT X4 X37 4IN 4IN,"Patriot x4 x37, SPB-44BPL","Patriot x4 x37, Model SPB-44BPL, Width 4 in, Length 4 in","Patriot x4 x37, SPB-44BPL",,Width: 4 in,Length: 4 in,,,,,,,,,,,,,,,,,,,,,,Patriot x4 x37,,Patriot x4 x37,Width,4,in,Length,4,in,,,,,,,,,,,,,,,,,,,,,,,,,,,,,,,,,,,,,,,,,,,,,,,,,,,,,,,,,,,,,,,,,,,,,,,,,,,,,,,,,,,,,,,,,,,,,,,,,,,,,,,,,,,,,,,,,,,,,,,,,,,,,,,,,,,,,,,,,,,,,,,,,,,,,,,,,,,,,,,,,,,,,,,,,,,,,,,,,,,,,,,,,,,,,,,
,,,,,,,Building Materials,Adhesives,Tape,,925219,"2""x50' Deck Joist Tape - Protecto Wrap",,,,,Palmer Donavin Mfg Company,,,925219,,Building Materials > Adhesives > Tape,"Tape, 925219, Width 2 in",TAPE 2IN,"Tape, 925219","Tape, Model 925219, Width 2 in","Tape, 925219",,Width: 2 in,,,,,,,,,,,,,,,,,,,,,,,Tape,,Tape,Width,2,in,,,,,,,,,,,,,,,,,,,,,,,,,,,,,,,,,,,,,,,,,,,,,,,,,,,,,,,,,,,,,,,,,,,,,,,,,,,,,,,,,,,,,,,,,,,,,,,,,,,,,,,,,,,,,,,,,,,,,,,,,,,,,,,,,,,,,,,,,,,,,,,,,,,,,,,31201503,,,,,,,,,,,,,,,,,,,,,,,,,,,,,,,,,,,,,,,,,,,
,,,,,,,Building Materials,Doors,Doors,,27233,24x48 WH Attic Access Door,AJM,,,,A J Manufacturing Inc,,,27233,,Building Materials > Doors > Doors,"Door, 27233, Board Size 24x48",DOOR 24X48,"Door, 27233","Door, Model 27233, Board Size 24x48","Door, 27233",,Board Size: 24x48,,,,,,,,,,,,,,,,,,,,,,,Door,,Door,Board Size,24x48,,,,,,,,,,,,,,,,,,,,,,,,,,,,,,,,,,,,,,,,,,,,,,,,,,,,,,,,,,,,,,,,,,,,,,,,,,,,,,,,,,,,,,,,,,,,,,,,,,,,,,,,,,,,,,,,,,,,,,,,,,,,,,,,,,,,,,,,,,,,,,,,,,,,,,,,30101700,,,,,,,,,,,,,,,,,,,,,,,,,,,,,,,,,,,,,,,,,,,
,,,,,,,General Supplies,General,General,,1517602,6068R Gliding Patio Dr 4500 United Blk Ext/WH Int LowE Arg w/J,United Window & Door,,,,United Window & Door Manufacturing,,,1517602,,General Supplies > General > General,"6068R Gliding Patio, 1517602",6068R GLIDING PATIO,"6068R Gliding Patio, 1517602","6068R Gliding Patio, Model 1517602","6068R Gliding Patio, 1517602",,,,,,,,,,,,,,,,,,,,,,,,,6068R Gliding Patio,,6068R Gliding Patio,,,,,,,,,,,,,,,,,,,,,,,,,,,,,,,,,,,,,,,,,,,,,,,,,,,,,,,,,,,,,,,,,,,,,,,,,,,,,,,,,,,,,,,,,,,,,,,,,,,,,,,,,,,,,,,,,,,,,,,,,,,,,,,,,,,,,,,,,,,,,,,,,,,,,,,,,,,,,,,,,,,,,,,,,,,,,,,,,,,,,,,,,,,,,,,,,,,,,
,,,,,,,General Supplies,General,General,,1517603,6068L Gliding Patio Dr 4500 United Blk Ext/WH Int LowE Arg w/J,United Window & Door,,,,United Window & Door Manufacturing,,,1517603,,General Supplies > General > General,"6068L Gliding Patio, 1517603",6068L GLIDING PATIO,"6068L Gliding Patio, 1517603","6068L Gliding Patio, Model 1517603","6068L Gliding Patio, 1517603",,,,,,,,,,,,,,,,,,,,,,,,,6068L Gliding Patio,,6068L Gliding Patio,,,,,,,,,,,,,,,,,,,,,,,,,,,,,,,,,,,,,,,,,,,,,,,,,,,,,,,,,,,,,,,,,,,,,,,,,,,,,,,,,,,,,,,,,,,,,,,,,,,,,,,,,,,,,,,,,,,,,,,,,,,,,,,,,,,,,,,,,,,,,,,,,,,,,,,,,,,,,,,,,,,,,,,,,,,,,,,,,,,,,,,,,,,,,,,,,,,,,
,,,,,,,General Supplies,General,General,,1517604,6068L Gliding Patio Dr 4500 United White LowE Arg w/J,United Window & Door,,,,United Window & Door Manufacturing,,,1517604,,General Supplies > General > General,"6068L Gliding Patio, 1517604, Color White",6068L GLIDING PATIO WHITE,"6068L Gliding Patio, 1517604","6068L Gliding Patio, Model 1517604, Color White","6068L Gliding Patio, 1517604",,Color: White,,,,,,,,,,,,,,,,,,,,,,,6068L Gliding Patio,,6068L Gliding Patio,Color,White,,,,,,,,,,,,,,,,,,,,,,,,,,,,,,,,,,,,,,,,,,,,,,,,,,,,,,,,,,,,,,,,,,,,,,,,,,,,,,,,,,,,,,,,,,,,,,,,,,,,,,,,,,,,,,,,,,,,,,,,,,,,,,,,,,,,,,,,,,,,,,,,,,,,,,,,,,,,,,,,,,,,,,,,,,,,,,,,,,,,,,,,,,,,,,,,,,,
,,,,,,,General Supplies,General,General,,1517605,6068R Gliding Patio Dr 4500 United White LowE Arg w/J,United Window & Door,,,,United Window & Door Manufacturing,,,1517605,,General Supplies > General > General,"6068R Gliding Patio, 1517605, Color White",6068R GLIDING PATIO WHITE,"6068R Gliding Patio, 1517605","6068R Gliding Patio, Model 1517605, Color White","6068R Gliding Patio, 1517605",,Color: White,,,,,,,,,,,,,,,,,,,,,,,6068R Gliding Patio,,6068R Gliding Patio,Color,White,,,,,,,,,,,,,,,,,,,,,,,,,,,,,,,,,,,,,,,,,,,,,,,,,,,,,,,,,,,,,,,,,,,,,,,,,,,,,,,,,,,,,,,,,,,,,,,,,,,,,,,,,,,,,,,,,,,,,,,,,,,,,,,,,,,,,,,,,,,,,,,,,,,,,,,,,,,,,,,,,,,,,,,,,,,,,,,,,,,,,,,,,,,,,,,,,,,
,,,,,,,General Supplies,General,General,,FS C01 2004S,"FS C01 Velux Fxd Skylt Gry/Wh - w/Solar Shade RO 21""x26-7/8""",,,,,Velux America Inc,,,FS C01 2004S,,General Supplies > General > General,"FS C01 Velux, FS C01 2004S, Width 21 in, Length 26-7/8 in",FS C01 VELUX 21IN 26-7/8IN,"FS C01 Velux, FS C01 2004S","FS C01 Velux, Model FS C01 2004S, Width 21 in, Length 26-7/8 in","FS C01 Velux, FS C01 2004S",,Width: 21 in,Length: 26-7/8 in,,,,,,,,,,,,,,,,,,,,,,FS C01 Velux,,FS C01 Velux,Width,21,in,Length,26-7/8,in,,,,,,,,,,,,,,,,,,,,,,,,,,,,,,,,,,,,,,,,,,,,,,,,,,,,,,,,,,,,,,,,,,,,,,,,,,,,,,,,,,,,,,,,,,,,,,,,,,,,,,,,,,,,,,,,,,,,,,,,,,,,,,,,,,,,,,,,,,,,,,,,,,,,,,,,,,,,,,,,,,,,,,,,,,,,,,,,,,,,,,,,,,,,,,,
,,,,,,,General Supplies,General,General,,FS C04 2004S,"FS C04 Velux Fxd Skylt Gry/Wh - w/Solar Shade RO 21""x37-7/8""",,,,,Velux America Inc,,,FS C04 2004S,,General Supplies > General > General,"FS C04 Velux, FS C04 2004S, Width 21 in, Length 37-7/8 in",FS C04 VELUX 21IN 37-7/8IN,"FS C04 Velux, FS C04 2004S","FS C04 Velux, Model FS C04 2004S, Width 21 in, Length 37-7/8 in","FS C04 Velux, FS C04 2004S",,Width: 21 in,Length: 37-7/8 in,,,,,,,,,,,,,,,,,,,,,,FS C04 Velux,,FS C04 Velux,Width,21,in,Length,37-7/8,in,,,,,,,,,,,,,,,,,,,,,,,,,,,,,,,,,,,,,,,,,,,,,,,,,,,,,,,,,,,,,,,,,,,,,,,,,,,,,,,,,,,,,,,,,,,,,,,,,,,,,,,,,,,,,,,,,,,,,,,,,,,,,,,,,,,,,,,,,,,,,,,,,,,,,,,,,,,,,,,,,,,,,,,,,,,,,,,,,,,,,,,,,,,,,,,
,,,,,,,General Supplies,General,General,,FS C06 2004S,"FS C06 Velux Fxd Skylt Gry/Wh - w/Solar Shade RO 21""x45-7/8""",,,,,Velux America Inc,,,FS C06 2004S,,General Supplies > General > General,"FS C06 Velux, FS C06 2004S, Width 21 in, Length 45-7/8 in",FS C06 VELUX 21IN 45-7/8IN,"FS C06 Velux, FS C06 2004S","FS C06 Velux, Model FS C06 2004S, Width 21 in, Length 45-7/8 in","FS C06 Velux, FS C06 2004S",,Width: 21 in,Length: 45-7/8 in,,,,,,,,,,,,,,,,,,,,,,FS C06 Velux,,FS C06 Velux,Width,21,in,Length,45-7/8,in,,,,,,,,,,,,,,,,,,,,,,,,,,,,,,,,,,,,,,,,,,,,,,,,,,,,,,,,,,,,,,,,,,,,,,,,,,,,,,,,,,,,,,,,,,,,,,,,,,,,,,,,,,,,,,,,,,,,,,,,,,,,,,,,,,,,,,,,,,,,,,,,,,,,,,,,,,,,,,,,,,,,,,,,,,,,,,,,,,,,,,,,,,,,,,,
,,,,,,,General Supplies,General,General,,1501831,31.5x14.75 Bsmt ecoLitePlus WH - Hopper DLA w/Screen,PROVIA,,,,ProVia,,,1501831,,General Supplies > General > General,"5x14 Bsmt ecoLitePlus, 1501831, Board Size 5x14",5X14 BSMT ECOLITEPLUS 5X14,"5x14 Bsmt ecoLitePlus, 1501831","5x14 Bsmt ecoLitePlus, Model 1501831, Board Size 5x14","5x14 Bsmt ecoLitePlus, 1501831",,Board Size: 5x14,,,,,,,,,,,,,,,,,,,,,,,5x14 Bsmt ecoLitePlus,,5x14 Bsmt ecoLitePlus,Board Size,5x14,,,,,,,,,,,,,,,,,,,,,,,,,,,,,,,,,,,,,,,,,,,,,,,,,,,,,,,,,,,,,,,,,,,,,,,,,,,,,,,,,,,,,,,,,,,,,,,,,,,,,,,,,,,,,,,,,,,,,,,,,,,,,,,,,,,,,,,,,,,,,,,,,,,,,,,,,,,,,,,,,,,,,,,,,,,,,,,,,,,,,,,,,,,,,,,,,,,
,,,,,,,General Supplies,General,General,,1501832,31.5x22.75 Bsmt ecoLitePlus WH - Hopper DLA w/Screen,PROVIA,,,,ProVia,,,1501832,,General Supplies > General > General,"5x22 Bsmt ecoLitePlus, 1501832, Board Size 5x22",5X22 BSMT ECOLITEPLUS 5X22,"5x22 Bsmt ecoLitePlus, 1501832","5x22 Bsmt ecoLitePlus, Model 1501832, Board Size 5x22","5x22 Bsmt ecoLitePlus, 1501832",,Board Size: 5x22,,,,,,,,,,,,,,,,,,,,,,,5x22 Bsmt ecoLitePlus,,5x22 Bsmt ecoLitePlus,Board Size,5x22,,,,,,,,,,,,,,,,,,,,,,,,,,,,,,,,,,,,,,,,,,,,,,,,,,,,,,,,,,,,,,,,,,,,,,,,,,,,,,,,,,,,,,,,,,,,,,,,,,,,,,,,,,,,,,,,,,,,,,,,,,,,,,,,,,,,,,,,,,,,,,,,,,,,,,,,,,,,,,,,,,,,,,,,,,,,,,,,,,,,,,,,,,,,,,,,,,,
,,,,,,,General Supplies,General,General,,1515974,3030 Slider 3900 United Black WH Int LowE-2 w/Half Scrn w/J,United Window & Door,,,,-,,,1515974,,General Supplies > General > General,"Slider United Black, 1515974, Wattage 2 W, Color Black",SLIDER UNITED BLACK 2W BLACK,"Slider United Black, 1515974","Slider United Black, Model 1515974, Wattage 2 W, Color Black","Slider United Black, 1515974",,Wattage: 2 W,Color: Black,,,,,,,,,,,,,,,,,,,,,,Slider United Black,,Slider United Black,Wattage,2,W,Color,Black,,,,,,,,,,,,,,,,,,,,,,,,,,,,,,,,,,,,,,,,,,,,,,,,,,,,,,,,,,,,,,,,,,,,,,,,,,,,,,,,,,,,,,,,,,,,,,,,,,,,,,,,,,,,,,,,,,,,,,,,,,,,,,,,,,,,,,,,,,,,,,,,,,,,,,,,,,,,,,,,,,,,,,,,,,,,,,,,,,,,,,,,,,,,,,,,
,,,,,,,Building Materials,Drywall,Drywall Panels,,640383,"1/2"" 54""x10 Drywall Easi-Lite",,,,,Certainteed Gypsum,,,640383,,Building Materials > Drywall > Drywall Panels,"Drywall, 640383, Width 54 in",DRYWALL 54IN,"Drywall, 640383","Drywall, Model 640383, Width 54 in","Drywall, 640383",,Width: 54 in,,,,,,,,,,,,,,,,,,,,,,,Drywall,,Drywall,Width,54,in,,,,,,,,,,,,,,,,,,,,,,,,,,,,,,,,,,,,,,,,,,,,,,,,,,,,,,,,,,,,,,,,,,,,,,,,,,,,,,,,,,,,,,,,,,,,,,,,,,,,,,,,,,,,,,,,,,,,,,,,,,,,,,,,,,,,,,,,,,,,,,,,,,,,,,,30111527,,,,,,,,,,,,,,,,,,,,,,,,,,,,,,,,,,,,,,,,,,,
,,,,,,,Building Materials,Lumber,Dimensional Lumber,,653258,"5/8"" 4x9 Drywall Firelite",,,,,Certainteed Gypsum,,,653258,,Building Materials > Lumber > Dimensional Lumber,"Lumber, 653258, Board Size 4x9",LUMBER 4X9,"Lumber, 653258","Lumber, Model 653258, Board Size 4x9","Lumber, 653258",,Board Size: 4x9,,,,,,,,,,,,,,,,,,,,,,,Lumber,,Lumber,Board Size,4x9,,,,,,,,,,,,,,,,,,,,,,,,,,,,,,,,,,,,,,,,,,,,,,,,,,,,,,,,,,,,,,,,,,,,,,,,,,,,,,,,,,,,,,,,,,,,,,,,,,,,,,,,,,,,,,,,,,,,,,,,,,,,,,,,,,,,,,,,,,,,,,,,,,,,,,,,30111501,,,,,,,,,,,,,,,,,,,,,,,,,,,,,,,,,,,,,,,,,,,
,,,,,,,General Supplies,General,General,,413S-DBA-36,"413S 36"" Alum Threshold DBZ",HAGER,,,,Hager Hinge Co,,,413S-DBA-36,,General Supplies > General > General,"413S Alum Threshold, 413S-DBA-36",413S ALUM THRESHOLD,"413S Alum Threshold, 413S-DBA-36","413S Alum Threshold, Model 413S-DBA-36","413S Alum Threshold, 413S-DBA-36",,,,,,,,,,,,,,,,,,,,,,,,,413S Alum Threshold,,413S Alum Threshold,,,,,,,,,,,,,,,,,,,,,,,,,,,,,,,,,,,,,,,,,,,,,,,,,,,,,,,,,,,,,,,,,,,,,,,,,,,,,,,,,,,,,,,,,,,,,,,,,,,,,,,,,,,,,,,,,,,,,,,,,,,,,,,,,,,,,,,,,,,,,,,,,,,,,,,,,,,,,,,,,,,,,,,,,,,,,,,,,,,,,,,,,,,,,,,,,,,,,
,,,,,,,General Supplies,General,General,,413S-DBA-72,"413S 72"" Alum Threshold DBZ",HAGER,,,,Hager Hinge Co,,,413S-DBA-72,,General Supplies > General > General,"413S Alum Threshold, 413S-DBA-72",413S ALUM THRESHOLD,"413S Alum Threshold, 413S-DBA-72","413S Alum Threshold, Model 413S-DBA-72","413S Alum Threshold, 413S-DBA-72",,,,,,,,,,,,,,,,,,,,,,,,,413S Alum Threshold,,413S Alum Threshold,,,,,,,,,,,,,,,,,,,,,,,,,,,,,,,,,,,,,,,,,,,,,,,,,,,,,,,,,,,,,,,,,,,,,,,,,,,,,,,,,,,,,,,,,,,,,,,,,,,,,,,,,,,,,,,,,,,,,,,,,,,,,,,,,,,,,,,,,,,,,,,,,,,,,,,,,,,,,,,,,,,,,,,,,,,,,,,,,,,,,,,,,,,,,,,,,,,,,
,,,,,,,General Supplies,General,General,,1511506,4'x65' Zip Rainscreen,,,,,Huber Eng Wood LLC,,,1511506,,General Supplies > General > General,"4'x65' Zip Rainscreen, 1511506",4'X65' ZIP RAINSCREEN,"4'x65' Zip Rainscreen, 1511506","4'x65' Zip Rainscreen, Model 1511506","4'x65' Zip Rainscreen, 1511506",,,,,,,,,,,,,,,,,,,,,,,,,4'x65' Zip Rainscreen,,4'x65' Zip Rainscreen,,,,,,,,,,,,,,,,,,,,,,,,,,,,,,,,,,,,,,,,,,,,,,,,,,,,,,,,,,,,,,,,,,,,,,,,,,,,,,,,,,,,,,,,,,,,,,,,,,,,,,,,,,,,,,,,,,,,,,,,,,,,,,,,,,,,,,,,,,,,,,,,,,,,,,,,,,,,,,,,,,,,,,,,,,,,,,,,,,,,,,,,,,,,,,,,,,,,,
,,,,,,,Building Materials,Lumber,Dimensional Lumber,,1513577,1x8-12' Doug Fir STK Smooth 1S2E,COMMODITY - UNBRANDED,,,,Westwood Lumber Sales,,,1513577,,Building Materials > Lumber > Dimensional Lumber,"Lumber, 1513577, Board Size 1x8, Lumber Length 12 ft",LUMBER 1X8 12FT,"Lumber, 1513577","Lumber, Model 1513577, Board Size 1x8, Lumber Length 12 ft","Lumber, 1513577",,Board Size: 1x8,Lumber Length: 12 ft,,,,,,,,,,,,,,,,,,,,,,Lumber,,Lumber,Board Size,1x8,,Lumber Length,12,ft,,,,,,,,,,,,,,,,,,,,,,,,,,,,,,,,,,,,,,,,,,,,,,,,,,,,,,,,,,,,,,,,,,,,,,,,,,,,,,,,,,,,,,,,,,,,,,,,,,,,,,,,,,,,,,,,,,,,,,,,,,,,,,,,,,,,,,,,,,,,,,,,,,,,30111501,,,,,,,,,,,,,,,,,,,,,,,,,,,,,,,,,,,,,,,,,,,
,,,,,,,Building Materials,Lumber,Dimensional Lumber,,1513578,1x8-16' Doug Fir STK Smooth 1S2E,COMMODITY - UNBRANDED,,,,Westwood Lumber Sales,,,1513578,,Building Materials > Lumber > Dimensional Lumber,"Lumber, 1513578, Board Size 1x8, Lumber Length 16 ft",LUMBER 1X8 16FT,"Lumber, 1513578","Lumber, Model 1513578, Board Size 1x8, Lumber Length 16 ft","Lumber, 1513578",,Board Size: 1x8,Lumber Length: 16 ft,,,,,,,,,,,,,,,,,,,,,,Lumber,,Lumber,Board Size,1x8,,Lumber Length,16,ft,,,,,,,,,,,,,,,,,,,,,,,,,,,,,,,,,,,,,,,,,,,,,,,,,,,,,,,,,,,,,,,,,,,,,,,,,,,,,,,,,,,,,,,,,,,,,,,,,,,,,,,,,,,,,,,,,,,,,,,,,,,,,,,,,,,,,,,,,,,,,,,,,,,,30111501,,,,,,,,,,,,,,,,,,,,,,,,,,,,,,,,,,,,,,,,,,,
,,,,,,,Building Materials,Lumber,Dimensional Lumber,,1513579,1x12-12 'Doug Fir STK Smooth 1S2E,COMMODITY - UNBRANDED,,,,Westwood Lumber Sales,,,1513579,,Building Materials > Lumber > Dimensional Lumber,"Lumber, 1513579, Board Size 1x12",LUMBER 1X12,"Lumber, 1513579","Lumber, Model 1513579, Board Size 1x12","Lumber, 1513579",,Board Size: 1x12,,,,,,,,,,,,,,,,,,,,,,,Lumber,,Lumber,Board Size,1x12,,,,,,,,,,,,,,,,,,,,,,,,,,,,,,,,,,,,,,,,,,,,,,,,,,,,,,,,,,,,,,,,,,,,,,,,,,,,,,,,,,,,,,,,,,,,,,,,,,,,,,,,,,,,,,,,,,,,,,,,,,,,,,,,,,,,,,,,,,,,,,,,,,,,,,,,30111501,,,,,,,,,,,,,,,,,,,,,,,,,,,,,,,,,,,,,,,,,,,
,,,,,,,Building Materials,Lumber,Dimensional Lumber,,1513580,1x12-16' Doug Fir STK Smooth 1S2E,COMMODITY - UNBRANDED,,,,Westwood Lumber Sales,,,1513580,,Building Materials > Lumber > Dimensional Lumber,"Lumber, 1513580, Board Size 1x12, Lumber Length 16 ft",LUMBER 1X12 16FT,"Lumber, 1513580","Lumber, Model 1513580, Board Size 1x12, Lumber Length 16 ft","Lumber, 1513580",,Board Size: 1x12,Lumber Length: 16 ft,,,,,,,,,,,,,,,,,,,,,,Lumber,,Lumber,Board Size,1x12,,Lumber Length,16,ft,,,,,,,,,,,,,,,,,,,,,,,,,,,,,,,,,,,,,,,,,,,,,,,,,,,,,,,,,,,,,,,,,,,,,,,,,,,,,,,,,,,,,,,,,,,,,,,,,,,,,,,,,,,,,,,,,,,,,,,,,,,,,,,,,,,,,,,,,,,,,,,,,,,,30111501,,,,,,,,,,,,,,,,,,,,,,,,,,,,,,,,,,,,,,,,,,,
,,,,,,,Building Materials,Lumber,Dimensional Lumber,,1501767,"3/4"" 4x8T&G Huber Blue PlusOSB - Sub Floor",,,,,-,,,1501767,,Building Materials > Lumber > Dimensional Lumber,"Lumber, 1501767, Color Blue, Teeth 8",LUMBER BLUE 8,"Lumber, 1501767","Lumber, Model 1501767, Color Blue, Teeth 8","Lumber, 1501767",,Color: Blue,Teeth: 8,,,,,,,,,,,,,,,,,,,,,,Lumber,,Lumber,Color,Blue,,Teeth,8,,,,,,,,,,,,,,,,,,,,,,,,,,,,,,,,,,,,,,,,,,,,,,,,,,,,,,,,,,,,,,,,,,,,,,,,,,,,,,,,,,,,,,,,,,,,,,,,,,,,,,,,,,,,,,,,,,,,,,,,,,,,,,,,,,,,,,,,,,,,,,,,,,,,,30111501,,,,,,,,,,,,,,,,,,,,,,,,,,,,,,,,,,,,,,,,,,,
,,,,,,,General Supplies,General,General,,PP-8BL,8' Premier Rib XL Black,,,,,Premier Metals,,,PP-8BL,,General Supplies > General > General,"8' Premier Rib, PP-8BL, Color Black",8' PREMIER RIB BLACK,"8' Premier Rib, PP-8BL","8' Premier Rib, Model PP-8BL, Color Black","8' Premier Rib, PP-8BL",,Color: Black,,,,,,,,,,,,,,,,,,,,,,,8' Premier Rib,,8' Premier Rib,Color,Black,,,,,,,,,,,,,,,,,,,,,,,,,,,,,,,,,,,,,,,,,,,,,,,,,,,,,,,,,,,,,,,,,,,,,,,,,,,,,,,,,,,,,,,,,,,,,,,,,,,,,,,,,,,,,,,,,,,,,,,,,,,,,,,,,,,,,,,,,,,,,,,,,,,,,,,,,,,,,,,,,,,,,,,,,,,,,,,,,,,,,,,,,,,,,,,,,,,
,,,,,,,General Supplies,General,General,,PP-10BL,10' Premier Rib XL Black,,,,,Premier Metals,,,PP-10BL,,General Supplies > General > General,"10' Premier Rib, PP-10BL, Color Black",10' PREMIER RIB BLACK,"10' Premier Rib, PP-10BL","10' Premier Rib, Model PP-10BL, Color Black","10' Premier Rib, PP-10BL",,Color: Black,,,,,,,,,,,,,,,,,,,,,,,10' Premier Rib,,10' Premier Rib,Color,Black,,,,,,,,,,,,,,,,,,,,,,,,,,,,,,,,,,,,,,,,,,,,,,,,,,,,,,,,,,,,,,,,,,,,,,,,,,,,,,,,,,,,,,,,,,,,,,,,,,,,,,,,,,,,,,,,,,,,,,,,,,,,,,,,,,,,,,,,,,,,,,,,,,,,,,,,,,,,,,,,,,,,,,,,,,,,,,,,,,,,,,,,,,,,,,,,,,,
,,,,,,,General Supplies,General,General,,PP-12BL,12' Premier Rib XL Black,,,,,Premier Metals,,,PP-12BL,,General Supplies > General > General,"12' Premier Rib, PP-12BL, Color Black",12' PREMIER RIB BLACK,"12' Premier Rib, PP-12BL","12' Premier Rib, Model PP-12BL, Color Black","12' Premier Rib, PP-12BL",,Color: Black,,,,,,,,,,,,,,,,,,,,,,,12' Premier Rib,,12' Premier Rib,Color,Black,,,,,,,,,,,,,,,,,,,,,,,,,,,,,,,,,,,,,,,,,,,,,,,,,,,,,,,,,,,,,,,,,,,,,,,,,,,,,,,,,,,,,,,,,,,,,,,,,,,,,,,,,,,,,,,,,,,,,,,,,,,,,,,,,,,,,,,,,,,,,,,,,,,,,,,,,,,,,,,,,,,,,,,,,,,,,,,,,,,,,,,,,,,,,,,,,,,
,,,,,,,General Supplies,General,General,,PP-8CH,8' Premier Rib XL Charcoal,,,,,Premier Metals,,,PP-8CH,,General Supplies > General > General,"8' Premier Rib, PP-8CH",8' PREMIER RIB,"8' Premier Rib, PP-8CH","8' Premier Rib, Model PP-8CH","8' Premier Rib, PP-8CH",,,,,,,,,,,,,,,,,,,,,,,,,8' Premier Rib,,8' Premier Rib,,,,,,,,,,,,,,,,,,,,,,,,,,,,,,,,,,,,,,,,,,,,,,,,,,,,,,,,,,,,,,,,,,,,,,,,,,,,,,,,,,,,,,,,,,,,,,,,,,,,,,,,,,,,,,,,,,,,,,,,,,,,,,,,,,,,,,,,,,,,,,,,,,,,,,,,,,,,,,,,,,,,,,,,,,,,,,,,,,,,,,,,,,,,,,,,,,,,,
,,,,,,,General Supplies,General,General,,PP-10CH,10' Premier Rib XL Charcoal,,,,,Premier Metals,,,PP-10CH,,General Supplies > General > General,"10' Premier Rib, PP-10CH",10' PREMIER RIB,"10' Premier Rib, PP-10CH","10' Premier Rib, Model PP-10CH","10' Premier Rib, PP-10CH",,,,,,,,,,,,,,,,,,,,,,,,,10' Premier Rib,,10' Premier Rib,,,,,,,,,,,,,,,,,,,,,,,,,,,,,,,,,,,,,,,,,,,,,,,,,,,,,,,,,,,,,,,,,,,,,,,,,,,,,,,,,,,,,,,,,,,,,,,,,,,,,,,,,,,,,,,,,,,,,,,,,,,,,,,,,,,,,,,,,,,,,,,,,,,,,,,,,,,,,,,,,,,,,,,,,,,,,,,,,,,,,,,,,,,,,,,,,,,,,
,,,,,,,General Supplies,General,General,,PP-12CH,12' Premier Rib XL Charcoal,,,,,Premier Metals,,,PP-12CH,,General Supplies > General > General,"12' Premier Rib, PP-12CH",12' PREMIER RIB,"12' Premier Rib, PP-12CH","12' Premier Rib, Model PP-12CH","12' Premier Rib, PP-12CH",,,,,,,,,,,,,,,,,,,,,,,,,12' Premier Rib,,12' Premier Rib,,,,,,,,,,,,,,,,,,,,,,,,,,,,,,,,,,,,,,,,,,,,,,,,,,,,,,,,,,,,,,,,,,,,,,,,,,,,,,,,,,,,,,,,,,,,,,,,,,,,,,,,,,,,,,,,,,,,,,,,,,,,,,,,,,,,,,,,,,,,,,,,,,,,,,,,,,,,,,,,,,,,,,,,,,,,,,,,,,,,,,,,,,,,,,,,,,,,,
,,,,,,,General Supplies,General,General,,PP-8WH,8' Premier Rib XL White,,,,,Premier Metals,,,PP-8WH,,General Supplies > General > General,"8' Premier Rib, PP-8WH, Color White",8' PREMIER RIB WHITE,"8' Premier Rib, PP-8WH","8' Premier Rib, Model PP-8WH, Color White","8' Premier Rib, PP-8WH",,Color: White,,,,,,,,,,,,,,,,,,,,,,,8' Premier Rib,,8' Premier Rib,Color,White,,,,,,,,,,,,,,,,,,,,,,,,,,,,,,,,,,,,,,,,,,,,,,,,,,,,,,,,,,,,,,,,,,,,,,,,,,,,,,,,,,,,,,,,,,,,,,,,,,,,,,,,,,,,,,,,,,,,,,,,,,,,,,,,,,,,,,,,,,,,,,,,,,,,,,,,,,,,,,,,,,,,,,,,,,,,,,,,,,,,,,,,,,,,,,,,,,,
,,,,,,,General Supplies,General,General,,PP-10WH,10' Premier Rib XL White,,,,,Premier Metals,,,PP-10WH,,General Supplies > General > General,"10' Premier Rib, PP-10WH, Color White",10' PREMIER RIB WHITE,"10' Premier Rib, PP-10WH","10' Premier Rib, Model PP-10WH, Color White","10' Premier Rib, PP-10WH",,Color: White,,,,,,,,,,,,,,,,,,,,,,,10' Premier Rib,,10' Premier Rib,Color,White,,,,,,,,,,,,,,,,,,,,,,,,,,,,,,,,,,,,,,,,,,,,,,,,,,,,,,,,,,,,,,,,,,,,,,,,,,,,,,,,,,,,,,,,,,,,,,,,,,,,,,,,,,,,,,,,,,,,,,,,,,,,,,,,,,,,,,,,,,,,,,,,,,,,,,,,,,,,,,,,,,,,,,,,,,,,,,,,,,,,,,,,,,,,,,,,,,,
,,,,,,,General Supplies,General,General,,1504345,OC Duration TruDef Wburg Gray (BDL),,,,,Palmer Donavin Mfg Company,,,1504345,,General Supplies > General > General,"OC Duration TruDef, 1504345, Color Gray",OC DURATION TRUDEF GRAY,"OC Duration TruDef, 1504345","OC Duration TruDef, Model 1504345, Color Gray","OC Duration TruDef, 1504345",,Color: Gray,,,,,,,,,,,,,,,,,,,,,,,OC Duration TruDef,,OC Duration TruDef,Color,Gray,,,,,,,,,,,,,,,,,,,,,,,,,,,,,,,,,,,,,,,,,,,,,,,,,,,,,,,,,,,,,,,,,,,,,,,,,,,,,,,,,,,,,,,,,,,,,,,,,,,,,,,,,,,,,,,,,,,,,,,,,,,,,,,,,,,,,,,,,,,,,,,,,,,,,,,,,,,,,,,,,,,,,,,,,,,,,,,,,,,,,,,,,,,,,,,,,,,
,,,,,,,General Supplies,General,General,,2733,3'x65' Henry Eaveguard - Ice Guard,,,,,Palmer Donavin Mfg Company,,,2733,,General Supplies > General > General,"3'x65' Henry Eaveguard, 2733",3'X65' HENRY EAVEGUARD,"3'x65' Henry Eaveguard, 2733","3'x65' Henry Eaveguard, Model 2733","3'x65' Henry Eaveguard, 2733",,,,,,,,,,,,,,,,,,,,,,,,,3'x65' Henry Eaveguard,,3'x65' Henry Eaveguard,,,,,,,,,,,,,,,,,,,,,,,,,,,,,,,,,,,,,,,,,,,,,,,,,,,,,,,,,,,,,,,,,,,,,,,,,,,,,,,,,,,,,,,,,,,,,,,,,,,,,,,,,,,,,,,,,,,,,,,,,,,,,,,,,,,,,,,,,,,,,,,,,,,,,,,,,,,,,,,,,,,,,,,,,,,,,,,,,,,,,,,,,,,,,,,,,,,,,
,,,,,,,General Supplies,General,General,,7547,Ice Guard OC Weathr Lk Mat 2sq,,,,,-,,,7547,,General Supplies > General > General,"Ice Guard OC, 7547",ICE GUARD OC,"Ice Guard OC, 7547","Ice Guard OC, Model 7547","Ice Guard OC, 7547",,,,,,,,,,,,,,,,,,,,,,,,,Ice Guard OC,,Ice Guard OC,,,,,,,,,,,,,,,,,,,,,,,,,,,,,,,,,,,,,,,,,,,,,,,,,,,,,,,,,,,,,,,,,,,,,,,,,,,,,,,,,,,,,,,,,,,,,,,,,,,,,,,,,,,,,,,,,,,,,,,,,,,,,,,,,,,,,,,,,,,,,,,,,,,,,,,,,,,,,,,,,,,,,,,,,,,,,,,,,,,,,,,,,,,,,,,,,,,,,
,,,,,,,General Supplies,General,General,,8912220,"7-1/4""x12' Hardie Sdg Smooth - Primed HardiePlank",JAMESHARDIE,,,,Boise Cascade Building Materials,Boise Cascade,Boise Cascade,8912220,,General Supplies > General > General,"Boise Cascade x12' Hardie Sdg, 8912220, Width 7-1/4 in",X12' HARDIE SDG 7-1/4IN,"Boise Cascade x12' Hardie Sdg, 8912220","Boise Cascade x12' Hardie Sdg, Model 8912220, Width 7-1/4 in","Boise Cascade x12' Hardie Sdg, 8912220",,Width: 7-1/4 in,,,,,,,,,,,,,,,,,,,,,,,x12' Hardie Sdg,,x12' Hardie Sdg,Width,7-1/4,in,,,,,,,,,,,,,,,,,,,,,,,,,,,,,,,,,,,,,,,,,,,,,,,,,,,,,,,,,,,,,,,,,,,,,,,,,,,,,,,,,,,,,,,,,,,,,,,,,,,,,,,,,,,,,,,,,,,,,,,,,,,,,,,,,,,,,,,,,,,,,,,,,,,,,,,,,,,,,,,,,,,,,,,,,,,,,,,,,,,,,,,,,,,,,,,,,,
,,,,,,,General Supplies,General,General,,8904015,4'x10' HardiePanel Smooth - Primed,JAMESHARDIE,,,,Boise Cascade Building Materials,Boise Cascade,Boise Cascade,8904015,,General Supplies > General > General,"Boise Cascade 4'x10' HardiePanel Smooth, 8904015",4'X10' HARDIEPANEL SMOOTH,"Boise Cascade 4'x10' HardiePanel Smooth, 8904015","Boise Cascade 4'x10' HardiePanel Smooth, Model 8904015","Boise Cascade 4'x10' HardiePanel Smooth, 8904015",,,,,,,,,,,,,,,,,,,,,,,,,4'x10' HardiePanel Smooth,,4'x10' HardiePanel Smooth,,,,,,,,,,,,,,,,,,,,,,,,,,,,,,,,,,,,,,,,,,,,,,,,,,,,,,,,,,,,,,,,,,,,,,,,,,,,,,,,,,,,,,,,,,,,,,,,,,,,,,,,,,,,,,,,,,,,,,,,,,,,,,,,,,,,,,,,,,,,,,,,,,,,,,,,,,,,,,,,,,,,,,,,,,,,,,,,,,,,,,,,,,,,,,,,,,,,,
,,,,,,,General Supplies,General,General,,25796,"6""x16' Smart Lap Sdg Cedar",LP SMARTSIDE,,,,U S Lumber,,,25796,,General Supplies > General > General,"x16' Smart Lap, 25796, Width 6 in",X16' SMART LAP 6IN,"x16' Smart Lap, 25796","x16' Smart Lap, Model 25796, Width 6 in","x16' Smart Lap, 25796",,Width: 6 in,,,,,,,,,,,,,,,,,,,,,,,x16' Smart Lap,,x16' Smart Lap,Width,6,in,,,,,,,,,,,,,,,,,,,,,,,,,,,,,,,,,,,,,,,,,,,,,,,,,,,,,,,,,,,,,,,,,,,,,,,,,,,,,,,,,,,,,,,,,,,,,,,,,,,,,,,,,,,,,,,,,,,,,,,,,,,,,,,,,,,,,,,,,,,,,,,,,,,,,,,,,,,,,,,,,,,,,,,,,,,,,,,,,,,,,,,,,,,,,,,,,,
,,,,,,,General Supplies,General,General,,40503,"3/8"" 16""x16' Smart Pan Cedar - No-Groove Sq Edge B&B",LP SMARTSIDE,,,,U S Lumber,,,40503,,General Supplies > General > General,"x16' Smart Pan, 40503, Width 16 in",X16' SMART PAN 16IN,"x16' Smart Pan, 40503","x16' Smart Pan, Model 40503, Width 16 in","x16' Smart Pan, 40503",,Width: 16 in,,,,,,,,,,,,,,,,,,,,,,,x16' Smart Pan,,x16' Smart Pan,Width,16,in,,,,,,,,,,,,,,,,,,,,,,,,,,,,,,,,,,,,,,,,,,,,,,,,,,,,,,,,,,,,,,,,,,,,,,,,,,,,,,,,,,,,,,,,,,,,,,,,,,,,,,,,,,,,,,,,,,,,,,,,,,,,,,,,,,,,,,,,,,,,,,,,,,,,,,,,,,,,,,,,,,,,,,,,,,,,,,,,,,,,,,,,,,,,,,,,,,
,,,,,,,Building Materials,Lumber,Dimensional Lumber,,25825,"3/8"" 4x10 Smart Pan Cedar - No-Groove w/Shiplap Edges",LP SMARTSIDE,,,,U S Lumber,,,25825,,Building Materials > Lumber > Dimensional Lumber,"Lumber, 25825, Board Size 4x10",LUMBER 4X10,"Lumber, 25825","Lumber, Model 25825, Board Size 4x10","Lumber, 25825",,Board Size: 4x10,,,,,,,,,,,,,,,,,,,,,,,Lumber,,Lumber,Board Size,4x10,,,,,,,,,,,,,,,,,,,,,,,,,,,,,,,,,,,,,,,,,,,,,,,,,,,,,,,,,,,,,,,,,,,,,,,,,,,,,,,,,,,,,,,,,,,,,,,,,,,,,,,,,,,,,,,,,,,,,,,,,,,,,,,,,,,,,,,,,,,,,,,,,,,,,,,,30111501,,,,,,,,,,,,,,,,,,,,,,,,,,,,,,,,,,,,,,,,,,,
,,,,,,,General Supplies,General,General,,25822,"3/8"" 12""x16' Smart Vented Soff - Cedar Soffit",LP SMARTSIDE,,,,U S Lumber,,,25822,,General Supplies > General > General,"x16' Smart Vented, 25822, Width 12 in",X16' SMART VENTED 12IN,"x16' Smart Vented, 25822","x16' Smart Vented, Model 25822, Width 12 in","x16' Smart Vented, 25822",,Width: 12 in,,,,,,,,,,,,,,,,,,,,,,,x16' Smart Vented,,x16' Smart Vented,Width,12,in,,,,,,,,,,,,,,,,,,,,,,,,,,,,,,,,,,,,,,,,,,,,,,,,,,,,,,,,,,,,,,,,,,,,,,,,,,,,,,,,,,,,,,,,,,,,,,,,,,,,,,,,,,,,,,,,,,,,,,,,,,,,,,,,,,,,,,,,,,,,,,,,,,,,,,,,,,,,,,,,,,,,,,,,,,,,,,,,,,,,,,,,,,,,,,,,,,
,,,,,,,General Supplies,General,General,,543650101,Black Alum ADA Wall Mount Trex,TREX,,,,Boise Cascade Building Materials,Boise Cascade,Boise Cascade,543650101,,General Supplies > General > General,"Boise Cascade Black Alum ADA, 543650101, Color Black",BLACK ALUM ADA BLACK,"Boise Cascade Black Alum ADA, 543650101","Boise Cascade Black Alum ADA, Model 543650101, Color Black","Boise Cascade Black Alum ADA, 543650101",,Color: Black,,,,,,,,,,,,,,,,,,,,,,,Black Alum ADA,,Black Alum ADA,Color,Black,,,,,,,,,,,,,,,,,,,,,,,,,,,,,,,,,,,,,,,,,,,,,,,,,,,,,,,,,,,,,,,,,,,,,,,,,,,,,,,,,,,,,,,,,,,,,,,,,,,,,,,,,,,,,,,,,,,,,,,,,,,,,,,,,,,,,,,,,,,,,,,,,,,,,,,,,,,,,,,,,,,,,,,,,,,,,,,,,,,,,,,,,,,,,,,,,,,
,,,,,,,General Supplies,General,General,,543650010,Black Alum ADA Int End Cap - Trex,TREX,,,,Boise Cascade Building Materials,Boise Cascade,Boise Cascade,543650010,,General Supplies > General > General,"Boise Cascade Black Alum ADA, 543650010, Color Black",BLACK ALUM ADA BLACK,"Boise Cascade Black Alum ADA, 543650010","Boise Cascade Black Alum ADA, Model 543650010, Color Black","Boise Cascade Black Alum ADA, 543650010",,Color: Black,,,,,,,,,,,,,,,,,,,,,,,Black Alum ADA,,Black Alum ADA,Color,Black,,,,,,,,,,,,,,,,,,,,,,,,,,,,,,,,,,,,,,,,,,,,,,,,,,,,,,,,,,,,,,,,,,,,,,,,,,,,,,,,,,,,,,,,,,,,,,,,,,,,,,,,,,,,,,,,,,,,,,,,,,,,,,,,,,,,,,,,,,,,,,,,,,,,,,,,,,,,,,,,,,,,,,,,,,,,,,,,,,,,,,,,,,,,,,,,,,,
,,,,,,,General Supplies,General,General,,543650048,8' Black Alum ADA Rail Trex,TREX,,,,Boise Cascade Building Materials,Boise Cascade,Boise Cascade,543650048,,General Supplies > General > General,"Boise Cascade 8' Black Alum, 543650048, Color Black",8' BLACK ALUM BLACK,"Boise Cascade 8' Black Alum, 543650048","Boise Cascade 8' Black Alum, Model 543650048, Color Black","Boise Cascade 8' Black Alum, 543650048",,Color: Black,,,,,,,,,,,,,,,,,,,,,,,8' Black Alum,,8' Black Alum,Color,Black,,,,,,,,,,,,,,,,,,,,,,,,,,,,,,,,,,,,,,,,,,,,,,,,,,,,,,,,,,,,,,,,,,,,,,,,,,,,,,,,,,,,,,,,,,,,,,,,,,,,,,,,,,,,,,,,,,,,,,,,,,,,,,,,,,,,,,,,,,,,,,,,,,,,,,,,,,,,,,,,,,,,,,,,,,,,,,,,,,,,,,,,,,,,,,,,,,,
,,,,,,,General Supplies,General,General,,1506969,"1-1/2"" 4x8 Huber Zip R6.6 - Insulated R-Sheathing",,,,,-,,,1506969,,General Supplies > General > General,"4x8 Huber Zip, 1506969, Board Size 4x8",4X8 HUBER ZIP 4X8,"4x8 Huber Zip, 1506969","4x8 Huber Zip, Model 1506969, Board Size 4x8","4x8 Huber Zip, 1506969",,Board Size: 4x8,,,,,,,,,,,,,,,,,,,,,,,4x8 Huber Zip,,4x8 Huber Zip,Board Size,4x8,,,,,,,,,,,,,,,,,,,,,,,,,,,,,,,,,,,,,,,,,,,,,,,,,,,,,,,,,,,,,,,,,,,,,,,,,,,,,,,,,,,,,,,,,,,,,,,,,,,,,,,,,,,,,,,,,,,,,,,,,,,,,,,,,,,,,,,,,,,,,,,,,,,,,,,,,,,,,,,,,,,,,,,,,,,,,,,,,,,,,,,,,,,,,,,,,,,
,,,,,,,General Supplies,General,General,,1514681,"1"" 4x8 Huber Zip R3.6 - Insulated R-Sheathing",,,,,-,,,1514681,,General Supplies > General > General,"4x8 Huber Zip, 1514681, Board Size 4x8",4X8 HUBER ZIP 4X8,"4x8 Huber Zip, 1514681","4x8 Huber Zip, Model 1514681, Board Size 4x8","4x8 Huber Zip, 1514681",,Board Size: 4x8,,,,,,,,,,,,,,,,,,,,,,,4x8 Huber Zip,,4x8 Huber Zip,Board Size,4x8,,,,,,,,,,,,,,,,,,,,,,,,,,,,,,,,,,,,,,,,,,,,,,,,,,,,,,,,,,,,,,,,,,,,,,,,,,,,,,,,,,,,,,,,,,,,,,,,,,,,,,,,,,,,,,,,,,,,,,,,,,,,,,,,,,,,,,,,,,,,,,,,,,,,,,,,,,,,,,,,,,,,,,,,,,,,,,,,,,,,,,,,,,,,,,,,,,,
,,,,,,,General Supplies,General,General,,1514726,"2"" 4x8 Huber Zip R9.6 - Insulated R-Sheathing",,,,,-,,,1514726,,General Supplies > General > General,"4x8 Huber Zip, 1514726, Board Size 4x8",4X8 HUBER ZIP 4X8,"4x8 Huber Zip, 1514726","4x8 Huber Zip, Model 1514726, Board Size 4x8","4x8 Huber Zip, 1514726",,Board Size: 4x8,,,,,,,,,,,,,,,,,,,,,,,4x8 Huber Zip,,4x8 Huber Zip,Board Size,4x8,,,,,,,,,,,,,,,,,,,,,,,,,,,,,,,,,,,,,,,,,,,,,,,,,,,,,,,,,,,,,,,,,,,,,,,,,,,,,,,,,,,,,,,,,,,,,,,,,,,,,,,,,,,,,,,,,,,,,,,,,,,,,,,,,,,,,,,,,,,,,,,,,,,,,,,,,,,,,,,,,,,,,,,,,,,,,,,,,,,,,,,,,,,,,,,,,,,
,,,,,,,General Supplies,General,General,,1728ABL,2x2 Black Fine Fissured 1728BL,,,,,Palmer Donavin Mfg Company,,,1728ABL,,General Supplies > General > General,"2x2 Black Fine, 1728ABL, Board Size 2x2, Color Black",2X2 BLACK FINE 2X2 BLACK,"2x2 Black Fine, 1728ABL","2x2 Black Fine, Model 1728ABL, Board Size 2x2, Color Black","2x2 Black Fine, 1728ABL",,Board Size: 2x2,Color: Black,,,,,,,,,,,,,,,,,,,,,,2x2 Black Fine,,2x2 Black Fine,Board Size,2x2,,Color,Black,,,,,,,,,,,,,,,,,,,,,,,,,,,,,,,,,,,,,,,,,,,,,,,,,,,,,,,,,,,,,,,,,,,,,,,,,,,,,,,,,,,,,,,,,,,,,,,,,,,,,,,,,,,,,,,,,,,,,,,,,,,,,,,,,,,,,,,,,,,,,,,,,,,,,,,,,,,,,,,,,,,,,,,,,,,,,,,,,,,,,,,,,,,,,,,,
,,,,,,,Electrical,Batteries,Power Tool Batteries,,402-R,402R 12V12AH 8D Battery,,,,,MillerTech Energy Solutions,,,402-R,,Electrical > Batteries > Power Tool Batteries,"Battery Pack, 402-R",BATTERY PACK,"Battery Pack, 402-R","Battery Pack, Model 402-R","Battery Pack, 402-R",,,,,,,,,,,,,,,,,,,,,,,,,Battery Pack,,Battery Pack,,,,,,,,,,,,,,,,,,,,,,,,,,,,,,,,,,,,,,,,,,,,,,,,,,,,,,,,,,,,,,,,,,,,,,,,,,,,,,,,,,,,,,,,,,,,,,,,,,,,,,,,,,,,,,,,,,,,,,,,,,,,,,,,,,,,,,,,,,,,,,,,,,,,,,,,,,26111701,,,,,,,,,,,,,,,,,,,,,,,,,,,,,,,,,,,,,,,,,,,
,,,,,,,General Supplies,General,General,,SL1672,SL1672 Jumpstart & Pwr Supply,,,,,-,,,SL1672,,General Supplies > General > General,"SL1672 Jumpstart Pwr, SL1672",SL1672 JUMPSTART PWR,"SL1672 Jumpstart Pwr, SL1672","SL1672 Jumpstart Pwr, Model SL1672","SL1672 Jumpstart Pwr, SL1672",,,,,,,,,,,,,,,,,,,,,,,,,SL1672 Jumpstart Pwr,,SL1672 Jumpstart Pwr,,,,,,,,,,,,,,,,,,,,,,,,,,,,,,,,,,,,,,,,,,,,,,,,,,,,,,,,,,,,,,,,,,,,,,,,,,,,,,,,,,,,,,,,,,,,,,,,,,,,,,,,,,,,,,,,,,,,,,,,,,,,,,,,,,,,,,,,,,,,,,,,,,,,,,,,,,,,,,,,,,,,,,,,,,,,,,,,,,,,,,,,,,,,,,,,,,,,,
,,,,,,,Electrical,Batteries,Power Tool Batteries,,BM-DW20-YLW-6,BM-DW20-YLW-6 Dewalt - Battery Mounts 6pk,,,,,Metalmark Industrial Inc,,,BM-DW20-YLW-6,,Electrical > Batteries > Power Tool Batteries,"Battery Pack, BM-DW20-YLW-6",BATTERY PACK,"Battery Pack, BM-DW20-YLW-6","Battery Pack, Model BM-DW20-YLW-6","Battery Pack, BM-DW20-YLW-6",,,,,,,,,,,,,,,,,,,,,,,,,Battery Pack,,Battery Pack,,,,,,,,,,,,,,,,,,,,,,,,,,,,,,,,,,,,,,,,,,,,,,,,,,,,,,,,,,,,,,,,,,,,,,,,,,,,,,,,,,,,,,,,,,,,,,,,,,,,,,,,,,,,,,,,,,,,,,,,,,,,,,,,,,,,,,,,,,,,,,,,,,,,,,,,,,26111701,,,,,,,,,,,,,,,,,,,,,,,,,,,,,,,,,,,,,,,,,,,
,,,,,,,General Supplies,General,General,,BHA1-UPC,16-24 Adjust Hanger,,,,,Southwire/g Turner,,,BHA1-UPC,,General Supplies > General > General,"Adjust Hanger, BHA1-UPC",ADJUST HANGER,"Adjust Hanger, BHA1-UPC","Adjust Hanger, Model BHA1-UPC","Adjust Hanger, BHA1-UPC",,,,,,,,,,,,,,,,,,,,,,,,,Adjust Hanger,,Adjust Hanger,,,,,,,,,,,,,,,,,,,,,,,,,,,,,,,,,,,,,,,,,,,,,,,,,,,,,,,,,,,,,,,,,,,,,,,,,,,,,,,,,,,,,,,,,,,,,,,,,,,,,,,,,,,,,,,,,,,,,,,,,,,,,,,,,,,,,,,,,,,,,,,,,,,,,,,,,,,,,,,,,,,,,,,,,,,,,,,,,,,,,,,,,,,,,,,,,,,,,
,,,,,,,Electrical,Wiring Devices,Receptacles,,G1941-UPC,"G1941UPC 4"" Sq Cover Sw/Outlet",,,,,Southwire/g Turner,,,G1941-UPC,,Electrical > Wiring Devices > Receptacles,"Receptacle, G1941-UPC",RECEPTACLE,"Receptacle, G1941-UPC","Receptacle, Model G1941-UPC","Receptacle, G1941-UPC",,,,,,,,,,,,,,,,,,,,,,,,,Receptacle,,Receptacle,,,,,,,,,,,,,,,,,,,,,,,,,,,,,,,,,,,,,,,,,,,,,,,,,,,,,,,,,,,,,,,,,,,,,,,,,,,,,,,,,,,,,,,,,,,,,,,,,,,,,,,,,,,,,,,,,,,,,,,,,,,,,,,,,,,,,,,,,,,,,,,,,,,,,,,,,,39121404,,,,,,,,,,,,,,,,,,,,,,,,,,,,,,,,,,,,,,,,,,,
,,,,,,,General Supplies,General,General,,G1950-UPC,4x4 2G GFI Box Cover,,,,,Southwire/g Turner,,,G1950-UPC,,General Supplies > General > General,"4x4 2G GFI, G1950-UPC, Board Size 4x4",4X4 2G GFI 4X4,"4x4 2G GFI, G1950-UPC","4x4 2G GFI, Model G1950-UPC, Board Size 4x4","4x4 2G GFI, G1950-UPC",,Board Size: 4x4,,,,,,,,,,,,,,,,,,,,,,,4x4 2G GFI,,4x4 2G GFI,Board Size,4x4,,,,,,,,,,,,,,,,,,,,,,,,,,,,,,,,,,,,,,,,,,,,,,,,,,,,,,,,,,,,,,,,,,,,,,,,,,,,,,,,,,,,,,,,,,,,,,,,,,,,,,,,,,,,,,,,,,,,,,,,,,,,,,,,,,,,,,,,,,,,,,,,,,,,,,,,,,,,,,,,,,,,,,,,,,,,,,,,,,,,,,,,,,,,,,,,,,,
,,,,,,,General Supplies,General,General,,A410RCAR,4x4 1G PVC Box Cover,,,,,Thomas & Betts,,,A410RCAR,,General Supplies > General > General,"4x4 1G PVC, A410RCAR, Board Size 4x4",4X4 1G PVC 4X4,"4x4 1G PVC, A410RCAR","4x4 1G PVC, Model A410RCAR, Board Size 4x4","4x4 1G PVC, A410RCAR",,Board Size: 4x4,,,,,,,,,,,,,,,,,,,,,,,4x4 1G PVC,,4x4 1G PVC,Board Size,4x4,,,,,,,,,,,,,,,,,,,,,,,,,,,,,,,,,,,,,,,,,,,,,,,,,,,,,,,,,,,,,,,,,,,,,,,,,,,,,,,,,,,,,,,,,,,,,,,,,,,,,,,,,,,,,,,,,,,,,,,,,,,,,,,,,,,,,,,,,,,,,,,,,,,,,,,,,,,,,,,,,,,,,,,,,,,,,,,,,,,,,,,,,,,,,,,,,,,
,,,,,,,General Supplies,General,General,,G1951-UPC,4x4 2G GFCI Duplex Box Cover,,,,,Southwire/g Turner,,,G1951-UPC,,General Supplies > General > General,"4x4 2G GFCI, G1951-UPC, Board Size 4x4",4X4 2G GFCI 4X4,"4x4 2G GFCI, G1951-UPC","4x4 2G GFCI, Model G1951-UPC, Board Size 4x4","4x4 2G GFCI, G1951-UPC",,Board Size: 4x4,,,,,,,,,,,,,,,,,,,,,,,4x4 2G GFCI,,4x4 2G GFCI,Board Size,4x4,,,,,,,,,,,,,,,,,,,,,,,,,,,,,,,,,,,,,,,,,,,,,,,,,,,,,,,,,,,,,,,,,,,,,,,,,,,,,,,,,,,,,,,,,,,,,,,,,,,,,,,,,,,,,,,,,,,,,,,,,,,,,,,,,,,,,,,,,,,,,,,,,,,,,,,,,,,,,,,,,,,,,,,,,,,,,,,,,,,,,,,,,,,,,,,,,,,
,,,,,,,General Supplies,General,General,,52C3-5/8-UPC,4x4 1G Box Cover,,,,,Southwire/g Turner,,,52C3-5/8-UPC,,General Supplies > General > General,"4x4 1G Box, 52C3-5/8-UPC, Board Size 4x4",4X4 1G BOX 4X4,"4x4 1G Box, 52C3-5/8-UPC","4x4 1G Box, Model 52C3-5/8-UPC, Board Size 4x4","4x4 1G Box, 52C3-5/8-UPC",,Board Size: 4x4,,,,,,,,,,,,,,,,,,,,,,,4x4 1G Box,,4x4 1G Box,Board Size,4x4,,,,,,,,,,,,,,,,,,,,,,,,,,,,,,,,,,,,,,,,,,,,,,,,,,,,,,,,,,,,,,,,,,,,,,,,,,,,,,,,,,,,,,,,,,,,,,,,,,,,,,,,,,,,,,,,,,,,,,,,,,,,,,,,,,,,,,,,,,,,,,,,,,,,,,,,,,,,,,,,,,,,,,,,,,,,,,,,,,,,,,,,,,,,,,,,,,,
,,,,,,,General Supplies,General,General,,52C14-5/8-UPC,4x4 1G Box Cover,,,,,Southwire/g Turner,,,52C14-5/8-UPC,,General Supplies > General > General,"4x4 1G Box, 52C14-5/8-UPC, Board Size 4x4",4X4 1G BOX 4X4,"4x4 1G Box, 52C14-5/8-UPC","4x4 1G Box, Model 52C14-5/8-UPC, Board Size 4x4","4x4 1G Box, 52C14-5/8-UPC",,Board Size: 4x4,,,,,,,,,,,,,,,,,,,,,,,4x4 1G Box,,4x4 1G Box,Board Size,4x4,,,,,,,,,,,,,,,,,,,,,,,,,,,,,,,,,,,,,,,,,,,,,,,,,,,,,,,,,,,,,,,,,,,,,,,,,,,,,,,,,,,,,,,,,,,,,,,,,,,,,,,,,,,,,,,,,,,,,,,,,,,,,,,,,,,,,,,,,,,,,,,,,,,,,,,,,,,,,,,,,,,,,,,,,,,,,,,,,,,,,,,,,,,,,,,,,,,
,,,,,,,General Supplies,General,General,,52C3-UPC,4x4 1G Box Cover,,,,,Southwire/g Turner,,,52C3-UPC,,General Supplies > General > General,"4x4 1G Box, 52C3-UPC, Board Size 4x4",4X4 1G BOX 4X4,"4x4 1G Box, 52C3-UPC","4x4 1G Box, Model 52C3-UPC, Board Size 4x4","4x4 1G Box, 52C3-UPC",,Board Size: 4x4,,,,,,,,,,,,,,,,,,,,,,,4x4 1G Box,,4x4 1G Box,Board Size,4x4,,,,,,,,,,,,,,,,,,,,,,,,,,,,,,,,,,,,,,,,,,,,,,,,,,,,,,,,,,,,,,,,,,,,,,,,,,,,,,,,,,,,,,,,,,,,,,,,,,,,,,,,,,,,,,,,,,,,,,,,,,,,,,,,,,,,,,,,,,,,,,,,,,,,,,,,,,,,,,,,,,,,,,,,,,,,,,,,,,,,,,,,,,,,,,,,,,,
,,,,,,,General Supplies,General,General,,54151-F-UPC,4x4x1-1/2 Oct Box w/Bracket,,,,,Southwire/g Turner,,,54151-F-UPC,,General Supplies > General > General,"4x4x1-1/2 Oct Box, 54151-F-UPC",4X4X1-1/2 OCT BOX,"4x4x1-1/2 Oct Box, 54151-F-UPC","4x4x1-1/2 Oct Box, Model 54151-F-UPC","4x4x1-1/2 Oct Box, 54151-F-UPC",,,,,,,,,,,,,,,,,,,,,,,,,4x4x1-1/2 Oct Box,,4x4x1-1/2 Oct Box,,,,,,,,,,,,,,,,,,,,,,,,,,,,,,,,,,,,,,,,,,,,,,,,,,,,,,,,,,,,,,,,,,,,,,,,,,,,,,,,,,,,,,,,,,,,,,,,,,,,,,,,,,,,,,,,,,,,,,,,,,,,,,,,,,,,,,,,,,,,,,,,,,,,,,,,,,,,,,,,,,,,,,,,,,,,,,,,,,,,,,,,,,,,,,,,,,,,,
,,,,,,,General Supplies,General,General,,54151-HUR-UPC,4x4x1-1/2 Oct Box w/Hanger,,,,,Southwire/g Turner,,,54151-HUR-UPC,,General Supplies > General > General,"4x4x1-1/2 Oct Box, 54151-HUR-UPC",4X4X1-1/2 OCT BOX,"4x4x1-1/2 Oct Box, 54151-HUR-UPC","4x4x1-1/2 Oct Box, Model 54151-HUR-UPC","4x4x1-1/2 Oct Box, 54151-HUR-UPC",,,,,,,,,,,,,,,,,,,,,,,,,4x4x1-1/2 Oct Box,,4x4x1-1/2 Oct Box,,,,,,,,,,,,,,,,,,,,,,,,,,,,,,,,,,,,,,,,,,,,,,,,,,,,,,,,,,,,,,,,,,,,,,,,,,,,,,,,,,,,,,,,,,,,,,,,,,,,,,,,,,,,,,,,,,,,,,,,,,,,,,,,,,,,,,,,,,,,,,,,,,,,,,,,,,,,,,,,,,,,,,,,,,,,,,,,,,,,,,,,,,,,,,,,,,,,,
,,,,,,,General Supplies,General,General,,54151-JR-UPC,4x4x1-1/2 Oct Box w/Brakcet,,,,,Southwire/g Turner,,,54151-JR-UPC,,General Supplies > General > General,"4x4x1-1/2 Oct Box, 54151-JR-UPC",4X4X1-1/2 OCT BOX,"4x4x1-1/2 Oct Box, 54151-JR-UPC","4x4x1-1/2 Oct Box, Model 54151-JR-UPC","4x4x1-1/2 Oct Box, 54151-JR-UPC",,,,,,,,,,,,,,,,,,,,,,,,,4x4x1-1/2 Oct Box,,4x4x1-1/2 Oct Box,,,,,,,,,,,,,,,,,,,,,,,,,,,,,,,,,,,,,,,,,,,,,,,,,,,,,,,,,,,,,,,,,,,,,,,,,,,,,,,,,,,,,,,,,,,,,,,,,,,,,,,,,,,,,,,,,,,,,,,,,,,,,,,,,,,,,,,,,,,,,,,,,,,,,,,,,,,,,,,,,,,,,,,,,,,,,,,,,,,,,,,,,,,,,,,,,,,,,
,,,,,,,General Supplies,General,General,,54171-R-UPC,4x4x2 Oct Box,,,,,Southwire/g Turner,,,54171-R-UPC,,General Supplies > General > General,"4x4x2 Oct Box, 54171-R-UPC",4X4X2 OCT BOX,"4x4x2 Oct Box, 54171-R-UPC","4x4x2 Oct Box, Model 54171-R-UPC","4x4x2 Oct Box, 54171-R-UPC",,,,,,,,,,,,,,,,,,,,,,,,,4x4x2 Oct Box,,4x4x2 Oct Box,,,,,,,,,,,,,,,,,,,,,,,,,,,,,,,,,,,,,,,,,,,,,,,,,,,,,,,,,,,,,,,,,,,,,,,,,,,,,,,,,,,,,,,,,,,,,,,,,,,,,,,,,,,,,,,,,,,,,,,,,,,,,,,,,,,,,,,,,,,,,,,,,,,,,,,,,,,,,,,,,,,,,,,,,,,,,,,,,,,,,,,,,,,,,,,,,,,,,
,,,,,,,General Supplies,General,General,,52151-S-UPC,4x4x1-1/2 Square Box,,,,,Southwire/g Turner,,,52151-S-UPC,,General Supplies > General > General,"4x4x1-1/2 Square Box, 52151-S-UPC",4X4X1-1/2 SQUARE BOX,"4x4x1-1/2 Square Box, 52151-S-UPC","4x4x1-1/2 Square Box, Model 52151-S-UPC","4x4x1-1/2 Square Box, 52151-S-UPC",,,,,,,,,,,,,,,,,,,,,,,,,4x4x1-1/2 Square Box,,4x4x1-1/2 Square Box,,,,,,,,,,,,,,,,,,,,,,,,,,,,,,,,,,,,,,,,,,,,,,,,,,,,,,,,,,,,,,,,,,,,,,,,,,,,,,,,,,,,,,,,,,,,,,,,,,,,,,,,,,,,,,,,,,,,,,,,,,,,,,,,,,,,,,,,,,,,,,,,,,,,,,,,,,,,,,,,,,,,,,,,,,,,,,,,,,,,,,,,,,,,,,,,,,,,,
,,,,,,,General Supplies,General,General,,72171-3/4-1W-UPC,4-1/2x4-1/2x2 2G Box,,,,,Southwire/g Turner,,,72171-3/4-1W-UPC,,General Supplies > General > General,"4-1/2x4-1/2x2 2G Box, 72171-3/4-1W-UPC, Board Size 1/2x4",4-1/2X4-1/2X2 2G BOX 1/2X4,"4-1/2x4-1/2x2 2G Box, 72171-3/4-1W-UPC","4-1/2x4-1/2x2 2G Box, Model 72171-3/4-1W-UPC, Board Size 1/2x4","4-1/2x4-1/2x2 2G Box, 72171-3/4-1W-UPC",,Board Size: 1/2x4,,,,,,,,,,,,,,,,,,,,,,,4-1/2x4-1/2x2 2G Box,,4-1/2x4-1/2x2 2G Box,Board Size,1/2x4,,,,,,,,,,,,,,,,,,,,,,,,,,,,,,,,,,,,,,,,,,,,,,,,,,,,,,,,,,,,,,,,,,,,,,,,,,,,,,,,,,,,,,,,,,,,,,,,,,,,,,,,,,,,,,,,,,,,,,,,,,,,,,,,,,,,,,,,,,,,,,,,,,,,,,,,,,,,,,,,,,,,,,,,,,,,,,,,,,,,,,,,,,,,,,,,,,,
,,,,,,,General Supplies,General,General,,5522-5EV,5522-5EV 2 Port Decor Plate,,,,,Cooper Wiring Devices,,,5522-5EV,,General Supplies > General > General,"5522-5EV Port Decor, 5522-5EV",5522-5EV PORT DECOR,"5522-5EV Port Decor, 5522-5EV","5522-5EV Port Decor, Model 5522-5EV","5522-5EV Port Decor, 5522-5EV",,,,,,,,,,,,,,,,,,,,,,,,,5522-5EV Port Decor,,5522-5EV Port Decor,,,,,,,,,,,,,,,,,,,,,,,,,,,,,,,,,,,,,,,,,,,,,,,,,,,,,,,,,,,,,,,,,,,,,,,,,,,,,,,,,,,,,,,,,,,,,,,,,,,,,,,,,,,,,,,,,,,,,,,,,,,,,,,,,,,,,,,,,,,,,,,,,,,,,,,,,,,,,,,,,,,,,,,,,,,,,,,,,,,,,,,,,,,,,,,,,,,,,
,,,,,,,General Supplies,General,General,,AYCL-153PH-LA,AYCL-153PH-LA Lutron Dimmer LA,,,,,Fenton Bros Electric Inc,,,AYCL-153PH-LA,,General Supplies > General > General,"AYCL-153PH-LA Lutron Dimmer, AYCL-153PH-LA",AYCL-153PH-LA LUTRON DIMMER,"AYCL-153PH-LA Lutron Dimmer, AYCL-153PH-LA","AYCL-153PH-LA Lutron Dimmer, Model AYCL-153PH-LA","AYCL-153PH-LA Lutron Dimmer, AYCL-153PH-LA",,,,,,,,,,,,,,,,,,,,,,,,,AYCL-153PH-LA Lutron Dimmer,,AYCL-153PH-LA Lutron Dimmer,,,,,,,,,,,,,,,,,,,,,,,,,,,,,,,,,,,,,,,,,,,,,,,,,,,,,,,,,,,,,,,,,,,,,,,,,,,,,,,,,,,,,,,,,,,,,,,,,,,,,,,,,,,,,,,,,,,,,,,,,,,,,,,,,,,,,,,,,,,,,,,,,,,,,,,,,,,,,,,,,,,,,,,,,,,,,,,,,,,,,,,,,,,,,,,,,,,,,
,,,,,,,General Supplies,General,General,,AYCL-153PH-WH,AYCL-153PH-WH Lutron Dimmer Wh,,,,,Fenton Bros Electric Inc,,,AYCL-153PH-WH,,General Supplies > General > General,"AYCL-153PH-WH Lutron Dimmer, AYCL-153PH-WH",AYCL-153PH-WH LUTRON DIMMER,"AYCL-153PH-WH Lutron Dimmer, AYCL-153PH-WH","AYCL-153PH-WH Lutron Dimmer, Model AYCL-153PH-WH","AYCL-153PH-WH Lutron Dimmer, AYCL-153PH-WH",,,,,,,,,,,,,,,,,,,,,,,,,AYCL-153PH-WH Lutron Dimmer,,AYCL-153PH-WH Lutron Dimmer,,,,,,,,,,,,,,,,,,,,,,,,,,,,,,,,,,,,,,,,,,,,,,,,,,,,,,,,,,,,,,,,,,,,,,,,,,,,,,,,,,,,,,,,,,,,,,,,,,,,,,,,,,,,,,,,,,,,,,,,,,,,,,,,,,,,,,,,,,,,,,,,,,,,,,,,,,,,,,,,,,,,,,,,,,,,,,,,,,,,,,,,,,,,,,,,,,,,,
,,,,,,,General Supplies,General,General,,D23LP-R02-1RW,D23LPR021RW Plug In Dimmer Wh,,,,,Leviton Mfg Co,,,D23LP-R02-1RW,,General Supplies > General > General,"D23LPR021RW Plug In, D23LP-R02-1RW",D23LPR021RW PLUG IN,"D23LPR021RW Plug In, D23LP-R02-1RW","D23LPR021RW Plug In, Model D23LP-R02-1RW","D23LPR021RW Plug In, D23LP-R02-1RW",,,,,,,,,,,,,,,,,,,,,,,,,D23LPR021RW Plug In,,D23LPR021RW Plug In,,,,,,,,,,,,,,,,,,,,,,,,,,,,,,,,,,,,,,,,,,,,,,,,,,,,,,,,,,,,,,,,,,,,,,,,,,,,,,,,,,,,,,,,,,,,,,,,,,,,,,,,,,,,,,,,,,,,,,,,,,,,,,,,,,,,,,,,,,,,,,,,,,,,,,,,,,,,,,,,,,,,,,,,,,,,,,,,,,,,,,,,,,,,,,,,,,,,,
,,,,,,,General Supplies,General,General,,TNOCD002,TNOCD002 125V Outdooor Timer,,,,,Prime Wire & Cable,,,TNOCD002,,General Supplies > General > General,"TNOCD002 125V Outdooor, TNOCD002, Voltage 125 V",TNOCD002 125V OUTDOOOR 125V,"TNOCD002 125V Outdooor, TNOCD002","TNOCD002 125V Outdooor, Model TNOCD002, Voltage 125 V","TNOCD002 125V Outdooor, TNOCD002",,Voltage: 125 V,,,,,,,,,,,,,,,,,,,,,,,TNOCD002 125V Outdooor,,TNOCD002 125V Outdooor,Voltage,125,V,,,,,,,,,,,,,,,,,,,,,,,,,,,,,,,,,,,,,,,,,,,,,,,,,,,,,,,,,,,,,,,,,,,,,,,,,,,,,,,,,,,,,,,,,,,,,,,,,,,,,,,,,,,,,,,,,,,,,,,,,,,,,,,,,,,,,,,,,,,,,,,,,,,,,,,,,,,,,,,,,,,,,,,,,,,,,,,,,,,,,,,,,,,,,,,,,,
,,,,,,,General Supplies,General,General,,TNDHD002,TNDHD002 125V 7Day Timer,,,,,Prime Wire & Cable,,,TNDHD002,,General Supplies > General > General,"TNDHD002 125V 7Day, TNDHD002, Voltage 125 V",TNDHD002 125V 7DAY 125V,"TNDHD002 125V 7Day, TNDHD002","TNDHD002 125V 7Day, Model TNDHD002, Voltage 125 V","TNDHD002 125V 7Day, TNDHD002",,Voltage: 125 V,,,,,,,,,,,,,,,,,,,,,,,TNDHD002 125V 7Day,,TNDHD002 125V 7Day,Voltage,125,V,,,,,,,,,,,,,,,,,,,,,,,,,,,,,,,,,,,,,,,,,,,,,,,,,,,,,,,,,,,,,,,,,,,,,,,,,,,,,,,,,,,,,,,,,,,,,,,,,,,,,,,,,,,,,,,,,,,,,,,,,,,,,,,,,,,,,,,,,,,,,,,,,,,,,,,,,,,,,,,,,,,,,,,,,,,,,,,,,,,,,,,,,,,,,,,,,,
,,,,,,,Building Materials,Doors,Doors,,TNIDP12,TNIDP12 125V Dig Indoor Timer,,,,,Prime Wire & Cable,,,TNIDP12,,Building Materials > Doors > Doors,"Door, TNIDP12, Voltage 125 V",DOOR 125V,"Door, TNIDP12","Door, Model TNIDP12, Voltage 125 V","Door, TNIDP12",,Voltage: 125 V,,,,,,,,,,,,,,,,,,,,,,,Door,,Door,Voltage,125,V,,,,,,,,,,,,,,,,,,,,,,,,,,,,,,,,,,,,,,,,,,,,,,,,,,,,,,,,,,,,,,,,,,,,,,,,,,,,,,,,,,,,,,,,,,,,,,,,,,,,,,,,,,,,,,,,,,,,,,,,,,,,,,,,,,,,,,,,,,,,,,,,,,,,,,,30101700,,,,,,,,,,,,,,,,,,,,,,,,,,,,,,,,,,,,,,,,,,,
,,,,,,,General Supplies,General,General,,TNIW24,TNIW24 125V 24hr Mech Timer,,,,,Prime Wire & Cable,,,TNIW24,,General Supplies > General > General,"TNIW24 125V 24hr, TNIW24, Voltage 125 V",TNIW24 125V 24HR 125V,"TNIW24 125V 24hr, TNIW24","TNIW24 125V 24hr, Model TNIW24, Voltage 125 V","TNIW24 125V 24hr, TNIW24",,Voltage: 125 V,,,,,,,,,,,,,,,,,,,,,,,TNIW24 125V 24hr,,TNIW24 125V 24hr,Voltage,125,V,,,,,,,,,,,,,,,,,,,,,,,,,,,,,,,,,,,,,,,,,,,,,,,,,,,,,,,,,,,,,,,,,,,,,,,,,,,,,,,,,,,,,,,,,,,,,,,,,,,,,,,,,,,,,,,,,,,,,,,,,,,,,,,,,,,,,,,,,,,,,,,,,,,,,,,,,,,,,,,,,,,,,,,,,,,,,,,,,,,,,,,,,,,,,,,,,,
,,,,,,,Electrical,Lighting,LED Lamps,,65-1222,65-1222 1' Led Lt Multi CCT,,,,,Satco Prod Inc,SATCO,SATCO,65-1222,,Electrical > Lighting > LED Lamps,"SATCO LED Lamp, 65-1222",LED LAMP,"SATCO LED Lamp, 65-1222","SATCO LED Lamp, Model 65-1222","SATCO LED Lamp, 65-1222",,,,,,,,,,,,,,,,,,,,,,,,,LED Lamp,,LED Lamp,,,,,,,,,,,,,,,,,,,,,,,,,,,,,,,,,,,,,,,,,,,,,,,,,,,,,,,,,,,,,,,,,,,,,,,,,,,,,,,,,,,,,,,,,,,,,,,,,,,,,,,,,,,,,,,,,,,,,,,,,,,,,,,,,,,,,,,,,,,,,,,,,,,,,,,,,,39101629,,,,,,,,,,,,,,,,,,,,,,,,,,,,,,,,,,,,,,,,,,,
,,,,,,,Electrical,Lighting,LED Lamps,,65-1224,65-1224 4' Led Strip Light,,,,,Satco Prod Inc,SATCO,SATCO,65-1224,,Electrical > Lighting > LED Lamps,"SATCO LED Lamp, 65-1224",LED LAMP,"SATCO LED Lamp, 65-1224","SATCO LED Lamp, Model 65-1224","SATCO LED Lamp, 65-1224",,,,,,,,,,,,,,,,,,,,,,,,,LED Lamp,,LED Lamp,,,,,,,,,,,,,,,,,,,,,,,,,,,,,,,,,,,,,,,,,,,,,,,,,,,,,,,,,,,,,,,,,,,,,,,,,,,,,,,,,,,,,,,,,,,,,,,,,,,,,,,,,,,,,,,,,,,,,,,,,,,,,,,,,,,,,,,,,,,,,,,,,,,,,,,,,,39101629,,,,,,,,,,,,,,,,,,,,,,,,,,,,,,,,,,,,,,,,,,,
,,,,,,,General Supplies,General,General,,45297BK,45297BK Kichler Wall Lt,,,,,Kichler Lighting,Kichler,Kichler,45297BK,,General Supplies > General > General,"Kichler 45297BK Kichler Wall, 45297BK",45297BK KICHLER WALL,"Kichler 45297BK Kichler Wall, 45297BK","Kichler 45297BK Kichler Wall, Model 45297BK","Kichler 45297BK Kichler Wall, 45297BK",,,,,,,,,,,,,,,,,,,,,,,,,45297BK Kichler Wall,,45297BK Kichler Wall,,,,,,,,,,,,,,,,,,,,,,,,,,,,,,,,,,,,,,,,,,,,,,,,,,,,,,,,,,,,,,,,,,,,,,,,,,,,,,,,,,,,,,,,,,,,,,,,,,,,,,,,,,,,,,,,,,,,,,,,,,,,,,,,,,,,,,,,,,,,,,,,,,,,,,,,,,,,,,,,,,,,,,,,,,,,,,,,,,,,,,,,,,,,,,,,,,,,,
,,,,,,,General Supplies,General,General,,45573BK,45573BK Kichler Wall Light,,,,,Kichler Lighting,Kichler,Kichler,45573BK,,General Supplies > General > General,"Kichler 45573BK Kichler Wall, 45573BK",45573BK KICHLER WALL,"Kichler 45573BK Kichler Wall, 45573BK","Kichler 45573BK Kichler Wall, Model 45573BK","Kichler 45573BK Kichler Wall, 45573BK",,,,,,,,,,,,,,,,,,,,,,,,,45573BK Kichler Wall,,45573BK Kichler Wall,,,,,,,,,,,,,,,,,,,,,,,,,,,,,,,,,,,,,,,,,,,,,,,,,,,,,,,,,,,,,,,,,,,,,,,,,,,,,,,,,,,,,,,,,,,,,,,,,,,,,,,,,,,,,,,,,,,,,,,,,,,,,,,,,,,,,,,,,,,,,,,,,,,,,,,,,,,,,,,,,,,,,,,,,,,,,,,,,,,,,,,,,,,,,,,,,,,,,
,,,,,,,General Supplies,General,General,,37418A,37418A Kichler Bath Light,,,,,Kichler Lighting,Kichler,Kichler,37418A,,General Supplies > General > General,"Kichler 37418A Kichler Bath, 37418A, Amperage 18 A",37418A KICHLER BATH 18A,"Kichler 37418A Kichler Bath, 37418A","Kichler 37418A Kichler Bath, Model 37418A, Amperage 18 A","Kichler 37418A Kichler Bath, 37418A",,Amperage: 18 A,,,,,,,,,,,,,,,,,,,,,,,37418A Kichler Bath,,37418A Kichler Bath,Amperage,18,A,,,,,,,,,,,,,,,,,,,,,,,,,,,,,,,,,,,,,,,,,,,,,,,,,,,,,,,,,,,,,,,,,,,,,,,,,,,,,,,,,,,,,,,,,,,,,,,,,,,,,,,,,,,,,,,,,,,,,,,,,,,,,,,,,,,,,,,,,,,,,,,,,,,,,,,,,,,,,,,,,,,,,,,,,,,,,,,,,,,,,,,,,,,,,,,,,,
,,,,,,,General Supplies,General,General,,37423A,37423A Kichler Bath Light,,,,,Kichler Lighting,Kichler,Kichler,37423A,,General Supplies > General > General,"Kichler 37423A Kichler Bath, 37423A, Amperage 23 A",37423A KICHLER BATH 23A,"Kichler 37423A Kichler Bath, 37423A","Kichler 37423A Kichler Bath, Model 37423A, Amperage 23 A","Kichler 37423A Kichler Bath, 37423A",,Amperage: 23 A,,,,,,,,,,,,,,,,,,,,,,,37423A Kichler Bath,,37423A Kichler Bath,Amperage,23,A,,,,,,,,,,,,,,,,,,,,,,,,,,,,,,,,,,,,,,,,,,,,,,,,,,,,,,,,,,,,,,,,,,,,,,,,,,,,,,,,,,,,,,,,,,,,,,,,,,,,,,,,,,,,,,,,,,,,,,,,,,,,,,,,,,,,,,,,,,,,,,,,,,,,,,,,,,,,,,,,,,,,,,,,,,,,,,,,,,,,,,,,,,,,,,,,,,
,,,,,,,General Supplies,General,General,,45496BKCLR,45496BKCLR Kichler Bath Light,,,,,Kichler Lighting,Kichler,Kichler,45496BKCLR,,General Supplies > General > General,"Kichler 45496BKCLR Kichler Bath, 45496BKCLR",45496BKCLR KICHLER BATH,"Kichler 45496BKCLR Kichler Bath, 45496BKCLR","Kichler 45496BKCLR Kichler Bath, Model 45496BKCLR","Kichler 45496BKCLR Kichler Bath, 45496BKCLR",,,,,,,,,,,,,,,,,,,,,,,,,45496BKCLR Kichler Bath,,45496BKCLR Kichler Bath,,,,,,,,,,,,,,,,,,,,,,,,,,,,,,,,,,,,,,,,,,,,,,,,,,,,,,,,,,,,,,,,,,,,,,,,,,,,,,,,,,,,,,,,,,,,,,,,,,,,,,,,,,,,,,,,,,,,,,,,,,,,,,,,,,,,,,,,,,,,,,,,,,,,,,,,,,,,,,,,,,,,,,,,,,,,,,,,,,,,,,,,,,,,,,,,,,,,,
,,,,,,,General Supplies,General,General,,45973BK,45973BK Kichler Wall Light,,,,,Kichler Lighting,Kichler,Kichler,45973BK,,General Supplies > General > General,"Kichler 45973BK Kichler Wall, 45973BK",45973BK KICHLER WALL,"Kichler 45973BK Kichler Wall, 45973BK","Kichler 45973BK Kichler Wall, Model 45973BK","Kichler 45973BK Kichler Wall, 45973BK",,,,,,,,,,,,,,,,,,,,,,,,,45973BK Kichler Wall,,45973BK Kichler Wall,,,,,,,,,,,,,,,,,,,,,,,,,,,,,,,,,,,,,,,,,,,,,,,,,,,,,,,,,,,,,,,,,,,,,,,,,,,,,,,,,,,,,,,,,,,,,,,,,,,,,,,,,,,,,,,,,,,,,,,,,,,,,,,,,,,,,,,,,,,,,,,,,,,,,,,,,,,,,,,,,,,,,,,,,,,,,,,,,,,,,,,,,,,,,,,,,,,,,
,,,,,,,General Supplies,General,General,,55155BK,55155BK Kichler Wall Lt,,,,,Kichler Lighting,Kichler,Kichler,55155BK,,General Supplies > General > General,"Kichler 55155BK Kichler Wall, 55155BK",55155BK KICHLER WALL,"Kichler 55155BK Kichler Wall, 55155BK","Kichler 55155BK Kichler Wall, Model 55155BK","Kichler 55155BK Kichler Wall, 55155BK",,,,,,,,,,,,,,,,,,,,,,,,,55155BK Kichler Wall,,55155BK Kichler Wall,,,,,,,,,,,,,,,,,,,,,,,,,,,,,,,,,,,,,,,,,,,,,,,,,,,,,,,,,,,,,,,,,,,,,,,,,,,,,,,,,,,,,,,,,,,,,,,,,,,,,,,,,,,,,,,,,,,,,,,,,,,,,,,,,,,,,,,,,,,,,,,,,,,,,,,,,,,,,,,,,,,,,,,,,,,,,,,,,,,,,,,,,,,,,,,,,,,,,
,,,,,,,General Supplies,General,General,,55157CPZ,55157CPZ Kichler Wall Light,,,,,Kichler Lighting,Kichler,Kichler,55157CPZ,,General Supplies > General > General,"Kichler 55157CPZ Kichler Wall, 55157CPZ",55157CPZ KICHLER WALL,"Kichler 55157CPZ Kichler Wall, 55157CPZ","Kichler 55157CPZ Kichler Wall, Model 55157CPZ","Kichler 55157CPZ Kichler Wall, 55157CPZ",,,,,,,,,,,,,,,,,,,,,,,,,55157CPZ Kichler Wall,,55157CPZ Kichler Wall,,,,,,,,,,,,,,,,,,,,,,,,,,,,,,,,,,,,,,,,,,,,,,,,,,,,,,,,,,,,,,,,,,,,,,,,,,,,,,,,,,,,,,,,,,,,,,,,,,,,,,,,,,,,,,,,,,,,,,,,,,,,,,,,,,,,,,,,,,,,,,,,,,,,,,,,,,,,,,,,,,,,,,,,,,,,,,,,,,,,,,,,,,,,,,,,,,,,,
,,,,,,,General Supplies,General,General,,55184BK,55184BK Kichler Wall Lt,,,,,Kichler Lighting,Kichler,Kichler,55184BK,,General Supplies > General > General,"Kichler 55184BK Kichler Wall, 55184BK",55184BK KICHLER WALL,"Kichler 55184BK Kichler Wall, 55184BK","Kichler 55184BK Kichler Wall, Model 55184BK","Kichler 55184BK Kichler Wall, 55184BK",,,,,,,,,,,,,,,,,,,,,,,,,55184BK Kichler Wall,,55184BK Kichler Wall,,,,,,,,,,,,,,,,,,,,,,,,,,,,,,,,,,,,,,,,,,,,,,,,,,,,,,,,,,,,,,,,,,,,,,,,,,,,,,,,,,,,,,,,,,,,,,,,,,,,,,,,,,,,,,,,,,,,,,,,,,,,,,,,,,,,,,,,,,,,,,,,,,,,,,,,,,,,,,,,,,,,,,,,,,,,,,,,,,,,,,,,,,,,,,,,,,,,,
,,,,,,,General Supplies,General,General,,55185BK,55185BK Kichler Wall Lt,,,,,Kichler Lighting,Kichler,Kichler,55185BK,,General Supplies > General > General,"Kichler 55185BK Kichler Wall, 55185BK",55185BK KICHLER WALL,"Kichler 55185BK Kichler Wall, 55185BK","Kichler 55185BK Kichler Wall, Model 55185BK","Kichler 55185BK Kichler Wall, 55185BK",,,,,,,,,,,,,,,,,,,,,,,,,55185BK Kichler Wall,,55185BK Kichler Wall,,,,,,,,,,,,,,,,,,,,,,,,,,,,,,,,,,,,,,,,,,,,,,,,,,,,,,,,,,,,,,,,,,,,,,,,,,,,,,,,,,,,,,,,,,,,,,,,,,,,,,,,,,,,,,,,,,,,,,,,,,,,,,,,,,,,,,,,,,,,,,,,,,,,,,,,,,,,,,,,,,,,,,,,,,,,,,,,,,,,,,,,,,,,,,,,,,,,,
,,,,,,,General Supplies,General,General,,55186CH,55186CH Kichler Wall Lt,,,,,Kichler Lighting,Kichler,Kichler,55186CH,,General Supplies > General > General,"Kichler 55186CH Kichler Wall, 55186CH",55186CH KICHLER WALL,"Kichler 55186CH Kichler Wall, 55186CH","Kichler 55186CH Kichler Wall, Model 55186CH","Kichler 55186CH Kichler Wall, 55186CH",,,,,,,,,,,,,,,,,,,,,,,,,55186CH Kichler Wall,,55186CH Kichler Wall,,,,,,,,,,,,,,,,,,,,,,,,,,,,,,,,,,,,,,,,,,,,,,,,,,,,,,,,,,,,,,,,,,,,,,,,,,,,,,,,,,,,,,,,,,,,,,,,,,,,,,,,,,,,,,,,,,,,,,,,,,,,,,,,,,,,,,,,,,,,,,,,,,,,,,,,,,,,,,,,,,,,,,,,,,,,,,,,,,,,,,,,,,,,,,,,,,,,,
,,,,,,,General Supplies,General,General,,55210NI,55210NI Kichler Wall Light,,,,,Kichler Lighting,Kichler,Kichler,55210NI,,General Supplies > General > General,"Kichler 55210NI Kichler Wall, 55210NI",55210NI KICHLER WALL,"Kichler 55210NI Kichler Wall, 55210NI","Kichler 55210NI Kichler Wall, Model 55210NI","Kichler 55210NI Kichler Wall, 55210NI",,,,,,,,,,,,,,,,,,,,,,,,,55210NI Kichler Wall,,55210NI Kichler Wall,,,,,,,,,,,,,,,,,,,,,,,,,,,,,,,,,,,,,,,,,,,,,,,,,,,,,,,,,,,,,,,,,,,,,,,,,,,,,,,,,,,,,,,,,,,,,,,,,,,,,,,,,,,,,,,,,,,,,,,,,,,,,,,,,,,,,,,,,,,,,,,,,,,,,,,,,,,,,,,,,,,,,,,,,,,,,,,,,,,,,,,,,,,,,,,,,,,,,
,,,,,,,General Supplies,General,General,,55211BK,55211BK Kichler Wall Light,,,,,Kichler Lighting,Kichler,Kichler,55211BK,,General Supplies > General > General,"Kichler 55211BK Kichler Wall, 55211BK",55211BK KICHLER WALL,"Kichler 55211BK Kichler Wall, 55211BK","Kichler 55211BK Kichler Wall, Model 55211BK","Kichler 55211BK Kichler Wall, 55211BK",,,,,,,,,,,,,,,,,,,,,,,,,55211BK Kichler Wall,,55211BK Kichler Wall,,,,,,,,,,,,,,,,,,,,,,,,,,,,,,,,,,,,,,,,,,,,,,,,,,,,,,,,,,,,,,,,,,,,,,,,,,,,,,,,,,,,,,,,,,,,,,,,,,,,,,,,,,,,,,,,,,,,,,,,,,,,,,,,,,,,,,,,,,,,,,,,,,,,,,,,,,,,,,,,,,,,,,,,,,,,,,,,,,,,,,,,,,,,,,,,,,,,,
,,,,,,,General Supplies,General,General,,55211NI,55211NI Kichler Wall Light,,,,,Kichler Lighting,Kichler,Kichler,55211NI,,General Supplies > General > General,"Kichler 55211NI Kichler Wall, 55211NI",55211NI KICHLER WALL,"Kichler 55211NI Kichler Wall, 55211NI","Kichler 55211NI Kichler Wall, Model 55211NI","Kichler 55211NI Kichler Wall, 55211NI",,,,,,,,,,,,,,,,,,,,,,,,,55211NI Kichler Wall,,55211NI Kichler Wall,,,,,,,,,,,,,,,,,,,,,,,,,,,,,,,,,,,,,,,,,,,,,,,,,,,,,,,,,,,,,,,,,,,,,,,,,,,,,,,,,,,,,,,,,,,,,,,,,,,,,,,,,,,,,,,,,,,,,,,,,,,,,,,,,,,,,,,,,,,,,,,,,,,,,,,,,,,,,,,,,,,,,,,,,,,,,,,,,,,,,,,,,,,,,,,,,,,,,
,,,,,,,General Supplies,General,General,,55212NI,55212NI Kichler Wall Light,,,,,Kichler Lighting,Kichler,Kichler,55212NI,,General Supplies > General > General,"Kichler 55212NI Kichler Wall, 55212NI",55212NI KICHLER WALL,"Kichler 55212NI Kichler Wall, 55212NI","Kichler 55212NI Kichler Wall, Model 55212NI","Kichler 55212NI Kichler Wall, 55212NI",,,,,,,,,,,,,,,,,,,,,,,,,55212NI Kichler Wall,,55212NI Kichler Wall,,,,,,,,,,,,,,,,,,,,,,,,,,,,,,,,,,,,,,,,,,,,,,,,,,,,,,,,,,,,,,,,,,,,,,,,,,,,,,,,,,,,,,,,,,,,,,,,,,,,,,,,,,,,,,,,,,,,,,,,,,,,,,,,,,,,,,,,,,,,,,,,,,,,,,,,,,,,,,,,,,,,,,,,,,,,,,,,,,,,,,,,,,,,,,,,,,,,,
,,,,,,,General Supplies,General,General,,55226BKLFU,55226BKFLU Kichler Wall Lt,,,,,Kichler Lighting,Kichler,Kichler,55226BKLFU,,General Supplies > General > General,"Kichler 55226BKFLU Kichler Wall, 55226BKLFU",55226BKFLU KICHLER WALL,"Kichler 55226BKFLU Kichler Wall, 55226BKLFU","Kichler 55226BKFLU Kichler Wall, Model 55226BKLFU","Kichler 55226BKFLU Kichler Wall, 55226BKLFU",,,,,,,,,,,,,,,,,,,,,,,,,55226BKFLU Kichler Wall,,55226BKFLU Kichler Wall,,,,,,,,,,,,,,,,,,,,,,,,,,,,,,,,,,,,,,,,,,,,,,,,,,,,,,,,,,,,,,,,,,,,,,,,,,,,,,,,,,,,,,,,,,,,,,,,,,,,,,,,,,,,,,,,,,,,,,,,,,,,,,,,,,,,,,,,,,,,,,,,,,,,,,,,,,,,,,,,,,,,,,,,,,,,,,,,,,,,,,,,,,,,,,,,,,,,,
,,,,,,,General Supplies,General,General,,55239CPZLED,55239CPZLED Kichler Wall Lt,,,,,Kichler Lighting,Kichler,Kichler,55239CPZLED,,General Supplies > General > General,"Kichler 55239CPZLED Kichler Wall, 55239CPZLED",55239CPZLED KICHLER WALL,"Kichler 55239CPZLED Kichler Wall, 55239CPZLED","Kichler 55239CPZLED Kichler Wall, Model 55239CPZLED","Kichler 55239CPZLED Kichler Wall, 55239CPZLED",,,,,,,,,,,,,,,,,,,,,,,,,55239CPZLED Kichler Wall,,55239CPZLED Kichler Wall,,,,,,,,,,,,,,,,,,,,,,,,,,,,,,,,,,,,,,,,,,,,,,,,,,,,,,,,,,,,,,,,,,,,,,,,,,,,,,,,,,,,,,,,,,,,,,,,,,,,,,,,,,,,,,,,,,,,,,,,,,,,,,,,,,,,,,,,,,,,,,,,,,,,,,,,,,,,,,,,,,,,,,,,,,,,,,,,,,,,,,,,,,,,,,,,,,,,,
,,,,,,,Electrical,Lighting,Lighting Fixtures,,44072DBK,44072DBK Kichler Chandelier Lt,,,,,Kichler Lighting,Kichler,Kichler,44072DBK,,Electrical > Lighting > Lighting Fixtures,"Kichler Light Fixture, 44072DBK",LIGHT FIXTURE,"Kichler Light Fixture, 44072DBK","Kichler Light Fixture, Model 44072DBK","Kichler Light Fixture, 44072DBK",,,,,,,,,,,,,,,,,,,,,,,,,Light Fixture,,Light Fixture,,,,,,,,,,,,,,,,,,,,,,,,,,,,,,,,,,,,,,,,,,,,,,,,,,,,,,,,,,,,,,,,,,,,,,,,,,,,,,,,,,,,,,,,,,,,,,,,,,,,,,,,,,,,,,,,,,,,,,,,,,,,,,,,,,,,,,,,,,,,,,,,,,,,,,,,,,39111500,,,,,,,,,,,,,,,,,,,,,,,,,,,,,,,,,,,,,,,,,,,
,,,,,,,Electrical,Lighting,Lighting Fixtures,,44073NI,44073NI Kichler Chandelier Lt,,,,,Kichler Lighting,Kichler,Kichler,44073NI,,Electrical > Lighting > Lighting Fixtures,"Kichler Light Fixture, 44073NI",LIGHT FIXTURE,"Kichler Light Fixture, 44073NI","Kichler Light Fixture, Model 44073NI","Kichler Light Fixture, 44073NI",,,,,,,,,,,,,,,,,,,,,,,,,Light Fixture,,Light Fixture,,,,,,,,,,,,,,,,,,,,,,,,,,,,,,,,,,,,,,,,,,,,,,,,,,,,,,,,,,,,,,,,,,,,,,,,,,,,,,,,,,,,,,,,,,,,,,,,,,,,,,,,,,,,,,,,,,,,,,,,,,,,,,,,,,,,,,,,,,,,,,,,,,,,,,,,,,39111500,,,,,,,,,,,,,,,,,,,,,,,,,,,,,,,,,,,,,,,,,,,
,,,,,,,Electrical,Lighting,Lighting Fixtures,,52033BK,52033BK Kichler Chandelier Lt,,,,,Kichler Lighting,Kichler,Kichler,52033BK,,Electrical > Lighting > Lighting Fixtures,"Kichler Light Fixture, 52033BK",LIGHT FIXTURE,"Kichler Light Fixture, 52033BK","Kichler Light Fixture, Model 52033BK","Kichler Light Fixture, 52033BK",,,,,,,,,,,,,,,,,,,,,,,,,Light Fixture,,Light Fixture,,,,,,,,,,,,,,,,,,,,,,,,,,,,,,,,,,,,,,,,,,,,,,,,,,,,,,,,,,,,,,,,,,,,,,,,,,,,,,,,,,,,,,,,,,,,,,,,,,,,,,,,,,,,,,,,,,,,,,,,,,,,,,,,,,,,,,,,,,,,,,,,,,,,,,,,,,39111500,,,,,,,,,,,,,,,,,,,,,,,,,,,,,,,,,,,,,,,,,,,
,,,,,,,Electrical,Lighting,Lighting Fixtures,,84322WH,84322WH Kichler Chandelier Lt,,,,,Kichler Lighting,Kichler,Kichler,84322WH,,Electrical > Lighting > Lighting Fixtures,"Kichler Light Fixture, 84322WH",LIGHT FIXTURE,"Kichler Light Fixture, 84322WH","Kichler Light Fixture, Model 84322WH","Kichler Light Fixture, 84322WH",,,,,,,,,,,,,,,,,,,,,,,,,Light Fixture,,Light Fixture,,,,,,,,,,,,,,,,,,,,,,,,,,,,,,,,,,,,,,,,,,,,,,,,,,,,,,,,,,,,,,,,,,,,,,,,,,,,,,,,,,,,,,,,,,,,,,,,,,,,,,,,,,,,,,,,,,,,,,,,,,,,,,,,,,,,,,,,,,,,,,,,,,,,,,,,,,39111500,,,,,,,,,,,,,,,,,,,,,,,,,,,,,,,,,,,,,,,,,,,
,,,,,,,Electrical,Lighting,Lighting Fixtures,,52404BK,52404BK Kichler Chandelier Lt,,,,,Kichler Lighting,Kichler,Kichler,52404BK,,Electrical > Lighting > Lighting Fixtures,"Kichler Light Fixture, 52404BK",LIGHT FIXTURE,"Kichler Light Fixture, 52404BK","Kichler Light Fixture, Model 52404BK","Kichler Light Fixture, 52404BK",,,,,,,,,,,,,,,,,,,,,,,,,Light Fixture,,Light Fixture,,,,,,,,,,,,,,,,,,,,,,,,,,,,,,,,,,,,,,,,,,,,,,,,,,,,,,,,,,,,,,,,,,,,,,,,,,,,,,,,,,,,,,,,,,,,,,,,,,,,,,,,,,,,,,,,,,,,,,,,,,,,,,,,,,,,,,,,,,,,,,,,,,,,,,,,,,39111500,,,,,,,,,,,,,,,,,,,,,,,,,,,,,,,,,,,,,,,,,,,
,,,,,,,Electrical,Lighting,Lighting Fixtures,,34686A,34686A Kichler Chandelier Lt,,,,,Kichler Lighting,Kichler,Kichler,34686A,,Electrical > Lighting > Lighting Fixtures,"Kichler Light Fixture, 34686A, Amperage 86 A",LIGHT FIXTURE 86A,"Kichler Light Fixture, 34686A","Kichler Light Fixture, Model 34686A, Amperage 86 A","Kichler Light Fixture, 34686A",,Amperage: 86 A,,,,,,,,,,,,,,,,,,,,,,,Light Fixture,,Light Fixture,Amperage,86,A,,,,,,,,,,,,,,,,,,,,,,,,,,,,,,,,,,,,,,,,,,,,,,,,,,,,,,,,,,,,,,,,,,,,,,,,,,,,,,,,,,,,,,,,,,,,,,,,,,,,,,,,,,,,,,,,,,,,,,,,,,,,,,,,,,,,,,,,,,,,,,,,,,,,,,,39111500,,,,,,,,,,,,,,,,,,,,,,,,,,,,,,,,,,,,,,,,,,,
,,,,,,,Electrical,Lighting,Lighting Fixtures,,34687A,34687A Kichler Chandelier Lt,,,,,Kichler Lighting,Kichler,Kichler,34687A,,Electrical > Lighting > Lighting Fixtures,"Kichler Light Fixture, 34687A, Amperage 87 A",LIGHT FIXTURE 87A,"Kichler Light Fixture, 34687A","Kichler Light Fixture, Model 34687A, Amperage 87 A","Kichler Light Fixture, 34687A",,Amperage: 87 A,,,,,,,,,,,,,,,,,,,,,,,Light Fixture,,Light Fixture,Amperage,87,A,,,,,,,,,,,,,,,,,,,,,,,,,,,,,,,,,,,,,,,,,,,,,,,,,,,,,,,,,,,,,,,,,,,,,,,,,,,,,,,,,,,,,,,,,,,,,,,,,,,,,,,,,,,,,,,,,,,,,,,,,,,,,,,,,,,,,,,,,,,,,,,,,,,,,,,39111500,,,,,,,,,,,,,,,,,,,,,,,,,,,,,,,,,,,,,,,,,,,
,,,,,,,Electrical,Lighting,Lighting Fixtures,,34688A,34688A Kichler Chandelier Lt,,,,,-,,,34688A,,Electrical > Lighting > Lighting Fixtures,"Light Fixture, 34688A, Amperage 88 A",LIGHT FIXTURE 88A,"Light Fixture, 34688A","Light Fixture, Model 34688A, Amperage 88 A","Light Fixture, 34688A",,Amperage: 88 A,,,,,,,,,,,,,,,,,,,,,,,Light Fixture,,Light Fixture,Amperage,88,A,,,,,,,,,,,,,,,,,,,,,,,,,,,,,,,,,,,,,,,,,,,,,,,,,,,,,,,,,,,,,,,,,,,,,,,,,,,,,,,,,,,,,,,,,,,,,,,,,,,,,,,,,,,,,,,,,,,,,,,,,,,,,,,,,,,,,,,,,,,,,,,,,,,,,,,39111500,,,,,,,,,,,,,,,,,,,,,,,,,,,,,,,,,,,,,,,,,,,
,,,,,,,General Supplies,General,General,,43671BKCLR,43671BKCLR Kichler Chand Lt,,,,,Kichler Lighting,Kichler,Kichler,43671BKCLR,,General Supplies > General > General,"Kichler 43671BKCLR Kichler Chand, 43671BKCLR",43671BKCLR KICHLER CHAND,"Kichler 43671BKCLR Kichler Chand, 43671BKCLR","Kichler 43671BKCLR Kichler Chand, Model 43671BKCLR","Kichler 43671BKCLR Kichler Chand, 43671BKCLR",,,,,,,,,,,,,,,,,,,,,,,,,43671BKCLR Kichler Chand,,43671BKCLR Kichler Chand,,,,,,,,,,,,,,,,,,,,,,,,,,,,,,,,,,,,,,,,,,,,,,,,,,,,,,,,,,,,,,,,,,,,,,,,,,,,,,,,,,,,,,,,,,,,,,,,,,,,,,,,,,,,,,,,,,,,,,,,,,,,,,,,,,,,,,,,,,,,,,,,,,,,,,,,,,,,,,,,,,,,,,,,,,,,,,,,,,,,,,,,,,,,,,,,,,,,,
,,,,,,,Electrical,Lighting,Lighting Fixtures,,52616BK,52616BK Kichler Chandelier Lt,,,,,Kichler Lighting,Kichler,Kichler,52616BK,,Electrical > Lighting > Lighting Fixtures,"Kichler Light Fixture, 52616BK",LIGHT FIXTURE,"Kichler Light Fixture, 52616BK","Kichler Light Fixture, Model 52616BK","Kichler Light Fixture, 52616BK",,,,,,,,,,,,,,,,,,,,,,,,,Light Fixture,,Light Fixture,,,,,,,,,,,,,,,,,,,,,,,,,,,,,,,,,,,,,,,,,,,,,,,,,,,,,,,,,,,,,,,,,,,,,,,,,,,,,,,,,,,,,,,,,,,,,,,,,,,,,,,,,,,,,,,,,,,,,,,,,,,,,,,,,,,,,,,,,,,,,,,,,,,,,,,,,,39111500,,,,,,,,,,,,,,,,,,,,,,,,,,,,,,,,,,,,,,,,,,,
,,,,,,,Electrical,Lighting,Lighting Fixtures,,52616NI,52616NI Kichler Chandelier Lt,,,,,Kichler Lighting,Kichler,Kichler,52616NI,,Electrical > Lighting > Lighting Fixtures,"Kichler Light Fixture, 52616NI",LIGHT FIXTURE,"Kichler Light Fixture, 52616NI","Kichler Light Fixture, Model 52616NI","Kichler Light Fixture, 52616NI",,,,,,,,,,,,,,,,,,,,,,,,,Light Fixture,,Light Fixture,,,,,,,,,,,,,,,,,,,,,,,,,,,,,,,,,,,,,,,,,,,,,,,,,,,,,,,,,,,,,,,,,,,,,,,,,,,,,,,,,,,,,,,,,,,,,,,,,,,,,,,,,,,,,,,,,,,,,,,,,,,,,,,,,,,,,,,,,,,,,,,,,,,,,,,,,,39111500,,,,,,,,,,,,,,,,,,,,,,,,,,,,,,,,,,,,,,,,,,,
,,,,,,,Electrical,Lighting,Lighting Fixtures,,52678BK,52678BK Kichler Chandelier Lt,,,,,Kichler Lighting,Kichler,Kichler,52678BK,,Electrical > Lighting > Lighting Fixtures,"Kichler Light Fixture, 52678BK",LIGHT FIXTURE,"Kichler Light Fixture, 52678BK","Kichler Light Fixture, Model 52678BK","Kichler Light Fixture, 52678BK",,,,,,,,,,,,,,,,,,,,,,,,,Light Fixture,,Light Fixture,,,,,,,,,,,,,,,,,,,,,,,,,,,,,,,,,,,,,,,,,,,,,,,,,,,,,,,,,,,,,,,,,,,,,,,,,,,,,,,,,,,,,,,,,,,,,,,,,,,,,,,,,,,,,,,,,,,,,,,,,,,,,,,,,,,,,,,,,,,,,,,,,,,,,,,,,,39111500,,,,,,,,,,,,,,,,,,,,,,,,,,,,,,,,,,,,,,,,,,,
,,,,,,,Electrical,Lighting,Lighting Fixtures,,52680CPZ,52680CPZ Kichler Chandelier Lt,,,,,Kichler Lighting,Kichler,Kichler,52680CPZ,,Electrical > Lighting > Lighting Fixtures,"Kichler Light Fixture, 52680CPZ",LIGHT FIXTURE,"Kichler Light Fixture, 52680CPZ","Kichler Light Fixture, Model 52680CPZ","Kichler Light Fixture, 52680CPZ",,,,,,,,,,,,,,,,,,,,,,,,,Light Fixture,,Light Fixture,,,,,,,,,,,,,,,,,,,,,,,,,,,,,,,,,,,,,,,,,,,,,,,,,,,,,,,,,,,,,,,,,,,,,,,,,,,,,,,,,,,,,,,,,,,,,,,,,,,,,,,,,,,,,,,,,,,,,,,,,,,,,,,,,,,,,,,,,,,,,,,,,,,,,,,,,,39111500,,,,,,,,,,,,,,,,,,,,,,,,,,,,,,,,,,,,,,,,,,,
,,,,,,,Electrical,Lighting,Lighting Fixtures,,52772BK,52772BK Kichler Chandelier Lt,,,,,Kichler Lighting,Kichler,Kichler,52772BK,,Electrical > Lighting > Lighting Fixtures,"Kichler Light Fixture, 52772BK",LIGHT FIXTURE,"Kichler Light Fixture, 52772BK","Kichler Light Fixture, Model 52772BK","Kichler Light Fixture, 52772BK",,,,,,,,,,,,,,,,,,,,,,,,,Light Fixture,,Light Fixture,,,,,,,,,,,,,,,,,,,,,,,,,,,,,,,,,,,,,,,,,,,,,,,,,,,,,,,,,,,,,,,,,,,,,,,,,,,,,,,,,,,,,,,,,,,,,,,,,,,,,,,,,,,,,,,,,,,,,,,,,,,,,,,,,,,,,,,,,,,,,,,,,,,,,,,,,,39111500,,,,,,,,,,,,,,,,,,,,,,,,,,,,,,,,,,,,,,,,,,,
,,,,,,,Electrical,Lighting,Lighting Fixtures,,82399,82399 Kichler Chandelier Lt,,,,,Kichler Lighting,Kichler,Kichler,82399,,Electrical > Lighting > Lighting Fixtures,"Kichler Light Fixture, 82399",LIGHT FIXTURE,"Kichler Light Fixture, 82399","Kichler Light Fixture, Model 82399","Kichler Light Fixture, 82399",,,,,,,,,,,,,,,,,,,,,,,,,Light Fixture,,Light Fixture,,,,,,,,,,,,,,,,,,,,,,,,,,,,,,,,,,,,,,,,,,,,,,,,,,,,,,,,,,,,,,,,,,,,,,,,,,,,,,,,,,,,,,,,,,,,,,,,,,,,,,,,,,,,,,,,,,,,,,,,,,,,,,,,,,,,,,,,,,,,,,,,,,,,,,,,,,39111500,,,,,,,,,,,,,,,,,,,,,,,,,,,,,,,,,,,,,,,,,,,
,,,,,,,General Supplies,General,General,,65-771R3,65-771R3 Nuvo Highbay Light,,,,,Satco Prod Inc,SATCO,SATCO,65-771R3,,General Supplies > General > General,"SATCO 65-771R3 Nuvo Highbay, 65-771R3",65-771R3 NUVO HIGHBAY,"SATCO 65-771R3 Nuvo Highbay, 65-771R3","SATCO 65-771R3 Nuvo Highbay, Model 65-771R3","SATCO 65-771R3 Nuvo Highbay, 65-771R3",,,,,,,,,,,,,,,,,,,,,,,,,65-771R3 Nuvo Highbay,,65-771R3 Nuvo Highbay,,,,,,,,,,,,,,,,,,,,,,,,,,,,,,,,,,,,,,,,,,,,,,,,,,,,,,,,,,,,,,,,,,,,,,,,,,,,,,,,,,,,,,,,,,,,,,,,,,,,,,,,,,,,,,,,,,,,,,,,,,,,,,,,,,,,,,,,,,,,,,,,,,,,,,,,,,,,,,,,,,,,,,,,,,,,,,,,,,,,,,,,,,,,,,,,,,,,,
,,,,,,,General Supplies,General,General,,42955BK,42955BK Kichler Ceiling Lt,,,,,Kichler Lighting,Kichler,Kichler,42955BK,,General Supplies > General > General,"Kichler 42955BK Kichler Ceiling, 42955BK",42955BK KICHLER CEILING,"Kichler 42955BK Kichler Ceiling, 42955BK","Kichler 42955BK Kichler Ceiling, Model 42955BK","Kichler 42955BK Kichler Ceiling, 42955BK",,,,,,,,,,,,,,,,,,,,,,,,,42955BK Kichler Ceiling,,42955BK Kichler Ceiling,,,,,,,,,,,,,,,,,,,,,,,,,,,,,,,,,,,,,,,,,,,,,,,,,,,,,,,,,,,,,,,,,,,,,,,,,,,,,,,,,,,,,,,,,,,,,,,,,,,,,,,,,,,,,,,,,,,,,,,,,,,,,,,,,,,,,,,,,,,,,,,,,,,,,,,,,,,,,,,,,,,,,,,,,,,,,,,,,,,,,,,,,,,,,,,,,,,,,
,,,,,,,General Supplies,General,General,,42275BK,42275BK Kichler Ceiling Lt,,,,,Kichler Lighting,Kichler,Kichler,42275BK,,General Supplies > General > General,"Kichler 42275BK Kichler Ceiling, 42275BK",42275BK KICHLER CEILING,"Kichler 42275BK Kichler Ceiling, 42275BK","Kichler 42275BK Kichler Ceiling, Model 42275BK","Kichler 42275BK Kichler Ceiling, 42275BK",,,,,,,,,,,,,,,,,,,,,,,,,42275BK Kichler Ceiling,,42275BK Kichler Ceiling,,,,,,,,,,,,,,,,,,,,,,,,,,,,,,,,,,,,,,,,,,,,,,,,,,,,,,,,,,,,,,,,,,,,,,,,,,,,,,,,,,,,,,,,,,,,,,,,,,,,,,,,,,,,,,,,,,,,,,,,,,,,,,,,,,,,,,,,,,,,,,,,,,,,,,,,,,,,,,,,,,,,,,,,,,,,,,,,,,,,,,,,,,,,,,,,,,,,,
,,,,,,,Electrical,Lighting,LED Lamps,,62-1850,"62-1850 11"" Led Ceiling Light",,,,,Satco Prod Inc,SATCO,SATCO,62-1850,,Electrical > Lighting > LED Lamps,"SATCO LED Lamp, 62-1850",LED LAMP,"SATCO LED Lamp, 62-1850","SATCO LED Lamp, Model 62-1850","SATCO LED Lamp, 62-1850",,,,,,,,,,,,,,,,,,,,,,,,,LED Lamp,,LED Lamp,,,,,,,,,,,,,,,,,,,,,,,,,,,,,,,,,,,,,,,,,,,,,,,,,,,,,,,,,,,,,,,,,,,,,,,,,,,,,,,,,,,,,,,,,,,,,,,,,,,,,,,,,,,,,,,,,,,,,,,,,,,,,,,,,,,,,,,,,,,,,,,,,,,,,,,,,,39101629,,,,,,,,,,,,,,,,,,,,,,,,,,,,,,,,,,,,,,,,,,,
,,,,,,,Electrical,Lighting,LED Lamps,,62-1852,"62-1852 14"" Satco Led Ceiling Lt",,,,,Satco Prod Inc,SATCO,SATCO,62-1852,,Electrical > Lighting > LED Lamps,"SATCO LED Lamp, 62-1852",LED LAMP,"SATCO LED Lamp, 62-1852","SATCO LED Lamp, Model 62-1852","SATCO LED Lamp, 62-1852",,,,,,,,,,,,,,,,,,,,,,,,,LED Lamp,,LED Lamp,,,,,,,,,,,,,,,,,,,,,,,,,,,,,,,,,,,,,,,,,,,,,,,,,,,,,,,,,,,,,,,,,,,,,,,,,,,,,,,,,,,,,,,,,,,,,,,,,,,,,,,,,,,,,,,,,,,,,,,,,,,,,,,,,,,,,,,,,,,,,,,,,,,,,,,,,,39101629,,,,,,,,,,,,,,,,,,,,,,,,,,,,,,,,,,,,,,,,,,,
,,,,,,,Electrical,Lighting,LED Lamps,,62-1875,"62-1875 10"" Led Ceiling Lt Bn",,,,,Satco Prod Inc,SATCO,SATCO,62-1875,,Electrical > Lighting > LED Lamps,"SATCO LED Lamp, 62-1875",LED LAMP,"SATCO LED Lamp, 62-1875","SATCO LED Lamp, Model 62-1875","SATCO LED Lamp, 62-1875",,,,,,,,,,,,,,,,,,,,,,,,,LED Lamp,,LED Lamp,,,,,,,,,,,,,,,,,,,,,,,,,,,,,,,,,,,,,,,,,,,,,,,,,,,,,,,,,,,,,,,,,,,,,,,,,,,,,,,,,,,,,,,,,,,,,,,,,,,,,,,,,,,,,,,,,,,,,,,,,,,,,,,,,,,,,,,,,,,,,,,,,,,,,,,,,,39101629,,,,,,,,,,,,,,,,,,,,,,,,,,,,,,,,,,,,,,,,,,,
,,,,,,,General Supplies,General,General,,62-1876,"62-1876 13"" Satco Ceiling Light BN",,,,,Satco Prod Inc,SATCO,SATCO,62-1876,,General Supplies > General > General,"SATCO Satco Ceiling Light, 62-1876",SATCO CEILING LIGHT,"SATCO Satco Ceiling Light, 62-1876","SATCO Satco Ceiling Light, Model 62-1876","SATCO Satco Ceiling Light, 62-1876",,,,,,,,,,,,,,,,,,,,,,,,,Satco Ceiling Light,,Satco Ceiling Light,,,,,,,,,,,,,,,,,,,,,,,,,,,,,,,,,,,,,,,,,,,,,,,,,,,,,,,,,,,,,,,,,,,,,,,,,,,,,,,,,,,,,,,,,,,,,,,,,,,,,,,,,,,,,,,,,,,,,,,,,,,,,,,,,,,,,,,,,,,,,,,,,,,,,,,,,,,,,,,,,,,,,,,,,,,,,,,,,,,,,,,,,,,,,,,,,,,,,
,,,,,,,General Supplies,General,General,,42296BK,42296BK Kichler Ceiling Lt,,,,,Kichler Lighting,Kichler,Kichler,42296BK,,General Supplies > General > General,"Kichler 42296BK Kichler Ceiling, 42296BK",42296BK KICHLER CEILING,"Kichler 42296BK Kichler Ceiling, 42296BK","Kichler 42296BK Kichler Ceiling, Model 42296BK","Kichler 42296BK Kichler Ceiling, 42296BK",,,,,,,,,,,,,,,,,,,,,,,,,42296BK Kichler Ceiling,,42296BK Kichler Ceiling,,,,,,,,,,,,,,,,,,,,,,,,,,,,,,,,,,,,,,,,,,,,,,,,,,,,,,,,,,,,,,,,,,,,,,,,,,,,,,,,,,,,,,,,,,,,,,,,,,,,,,,,,,,,,,,,,,,,,,,,,,,,,,,,,,,,,,,,,,,,,,,,,,,,,,,,,,,,,,,,,,,,,,,,,,,,,,,,,,,,,,,,,,,,,,,,,,,,,
,,,,,,,Electrical,Lighting,Lighting Fixtures,,43913BK,43913BK Kichler Pendant Lt,,,,,Kichler Lighting,Kichler,Kichler,43913BK,,Electrical > Lighting > Lighting Fixtures,"Kichler Light Fixture, 43913BK",LIGHT FIXTURE,"Kichler Light Fixture, 43913BK","Kichler Light Fixture, Model 43913BK","Kichler Light Fixture, 43913BK",,,,,,,,,,,,,,,,,,,,,,,,,Light Fixture,,Light Fixture,,,,,,,,,,,,,,,,,,,,,,,,,,,,,,,,,,,,,,,,,,,,,,,,,,,,,,,,,,,,,,,,,,,,,,,,,,,,,,,,,,,,,,,,,,,,,,,,,,,,,,,,,,,,,,,,,,,,,,,,,,,,,,,,,,,,,,,,,,,,,,,,,,,,,,,,,,39111500,,,,,,,,,,,,,,,,,,,,,,,,,,,,,,,,,,,,,,,,,,,
,,,,,,,General Supplies,General,General,,HLSMS9129FS1E,"HLSMS9129FS1E 9"" Motion Lt",,,,,Cooper Lighting,,,HLSMS9129FS1E,,General Supplies > General > General,"HLSMS9129FS1E Motion Lt, HLSMS9129FS1E",HLSMS9129FS1E MOTION LT,"HLSMS9129FS1E Motion Lt, HLSMS9129FS1E","HLSMS9129FS1E Motion Lt, Model HLSMS9129FS1E","HLSMS9129FS1E Motion Lt, HLSMS9129FS1E",,,,,,,,,,,,,,,,,,,,,,,,,HLSMS9129FS1E Motion Lt,,HLSMS9129FS1E Motion Lt,,,,,,,,,,,,,,,,,,,,,,,,,,,,,,,,,,,,,,,,,,,,,,,,,,,,,,,,,,,,,,,,,,,,,,,,,,,,,,,,,,,,,,,,,,,,,,,,,,,,,,,,,,,,,,,,,,,,,,,,,,,,,,,,,,,,,,,,,,,,,,,,,,,,,,,,,,,,,,,,,,,,,,,,,,,,,,,,,,,,,,,,,,,,,,,,,,,,,
,,,,,,,Building Materials,Adhesives,Tape,,64-110,64-110 Satco Tape Light 16',,,,,Satco Prod Inc,SATCO,SATCO,64-110,,Building Materials > Adhesives > Tape,"SATCO Tape, 64-110",TAPE,"SATCO Tape, 64-110","SATCO Tape, Model 64-110","SATCO Tape, 64-110",,,,,,,,,,,,,,,,,,,,,,,,,Tape,,Tape,,,,,,,,,,,,,,,,,,,,,,,,,,,,,,,,,,,,,,,,,,,,,,,,,,,,,,,,,,,,,,,,,,,,,,,,,,,,,,,,,,,,,,,,,,,,,,,,,,,,,,,,,,,,,,,,,,,,,,,,,,,,,,,,,,,,,,,,,,,,,,,,,,,,,,,,,,31201503,,,,,,,,,,,,,,,,,,,,,,,,,,,,,,,,,,,,,,,,,,,
,,,,,,,General Supplies,General,General,,603571,603571 3' Strip Light Ext,,,,,Phillips Lighting,Philips,Philips,603571,,General Supplies > General > General,"Philips 3' Strip Light, 603571",3' STRIP LIGHT,"Philips 3' Strip Light, 603571","Philips 3' Strip Light, Model 603571","Philips 3' Strip Light, 603571",,,,,,,,,,,,,,,,,,,,,,,,,3' Strip Light,,3' Strip Light,,,,,,,,,,,,,,,,,,,,,,,,,,,,,,,,,,,,,,,,,,,,,,,,,,,,,,,,,,,,,,,,,,,,,,,,,,,,,,,,,,,,,,,,,,,,,,,,,,,,,,,,,,,,,,,,,,,,,,,,,,,,,,,,,,,,,,,,,,,,,,,,,,,,,,,,,,,,,,,,,,,,,,,,,,,,,,,,,,,,,,,,,,,,,,,,,,,,,
,,,,,,,Electrical,Lighting,LED Lamps,,65-572R1,65572 Satco 2x4 Led Flat Panel,,,,,Satco Prod Inc,SATCO,SATCO,65-572R1,,Electrical > Lighting > LED Lamps,"SATCO LED Lamp, 65-572R1, Board Size 2x4",LED LAMP 2X4,"SATCO LED Lamp, 65-572R1","SATCO LED Lamp, Model 65-572R1, Board Size 2x4","SATCO LED Lamp, 65-572R1",,Board Size: 2x4,,,,,,,,,,,,,,,,,,,,,,,LED Lamp,,LED Lamp,Board Size,2x4,,,,,,,,,,,,,,,,,,,,,,,,,,,,,,,,,,,,,,,,,,,,,,,,,,,,,,,,,,,,,,,,,,,,,,,,,,,,,,,,,,,,,,,,,,,,,,,,,,,,,,,,,,,,,,,,,,,,,,,,,,,,,,,,,,,,,,,,,,,,,,,,,,,,,,,,39101629,,,,,,,,,,,,,,,,,,,,,,,,,,,,,,,,,,,,,,,,,,,
,,,,,,,Electrical,Lighting,Lighting Fixtures,,52476AVI,52476AVI Kichler Pendant Lt,,,,,Kichler Lighting,Kichler,Kichler,52476AVI,,Electrical > Lighting > Lighting Fixtures,"Kichler Light Fixture, 52476AVI",LIGHT FIXTURE,"Kichler Light Fixture, 52476AVI","Kichler Light Fixture, Model 52476AVI","Kichler Light Fixture, 52476AVI",,,,,,,,,,,,,,,,,,,,,,,,,Light Fixture,,Light Fixture,,,,,,,,,,,,,,,,,,,,,,,,,,,,,,,,,,,,,,,,,,,,,,,,,,,,,,,,,,,,,,,,,,,,,,,,,,,,,,,,,,,,,,,,,,,,,,,,,,,,,,,,,,,,,,,,,,,,,,,,,,,,,,,,,,,,,,,,,,,,,,,,,,,,,,,,,,39111500,,,,,,,,,,,,,,,,,,,,,,,,,,,,,,,,,,,,,,,,,,,
,,,,,,,Electrical,Lighting,Lighting Fixtures,,42199BK,42199BK Kichler Pendant Lt,,,,,Kichler Lighting,Kichler,Kichler,42199BK,,Electrical > Lighting > Lighting Fixtures,"Kichler Light Fixture, 42199BK",LIGHT FIXTURE,"Kichler Light Fixture, 42199BK","Kichler Light Fixture, Model 42199BK","Kichler Light Fixture, 42199BK",,,,,,,,,,,,,,,,,,,,,,,,,Light Fixture,,Light Fixture,,,,,,,,,,,,,,,,,,,,,,,,,,,,,,,,,,,,,,,,,,,,,,,,,,,,,,,,,,,,,,,,,,,,,,,,,,,,,,,,,,,,,,,,,,,,,,,,,,,,,,,,,,,,,,,,,,,,,,,,,,,,,,,,,,,,,,,,,,,,,,,,,,,,,,,,,,39111500,,,,,,,,,,,,,,,,,,,,,,,,,,,,,,,,,,,,,,,,,,,
,,,,,,,Electrical,Lighting,Lighting Fixtures,,42199BKCS,42199BKCS Kichler Pendant Lt,,,,,Kichler Lighting,Kichler,Kichler,42199BKCS,,Electrical > Lighting > Lighting Fixtures,"Kichler Light Fixture, 42199BKCS",LIGHT FIXTURE,"Kichler Light Fixture, 42199BKCS","Kichler Light Fixture, Model 42199BKCS","Kichler Light Fixture, 42199BKCS",,,,,,,,,,,,,,,,,,,,,,,,,Light Fixture,,Light Fixture,,,,,,,,,,,,,,,,,,,,,,,,,,,,,,,,,,,,,,,,,,,,,,,,,,,,,,,,,,,,,,,,,,,,,,,,,,,,,,,,,,,,,,,,,,,,,,,,,,,,,,,,,,,,,,,,,,,,,,,,,,,,,,,,,,,,,,,,,,,,,,,,,,,,,,,,,,39111500,,,,,,,,,,,,,,,,,,,,,,,,,,,,,,,,,,,,,,,,,,,
,,,,,,,Electrical,Lighting,Lighting Fixtures,,42200BK,42200BK Kichler Pendant Lt,,,,,Kichler Lighting,Kichler,Kichler,42200BK,,Electrical > Lighting > Lighting Fixtures,"Kichler Light Fixture, 42200BK",LIGHT FIXTURE,"Kichler Light Fixture, 42200BK","Kichler Light Fixture, Model 42200BK","Kichler Light Fixture, 42200BK",,,,,,,,,,,,,,,,,,,,,,,,,Light Fixture,,Light Fixture,,,,,,,,,,,,,,,,,,,,,,,,,,,,,,,,,,,,,,,,,,,,,,,,,,,,,,,,,,,,,,,,,,,,,,,,,,,,,,,,,,,,,,,,,,,,,,,,,,,,,,,,,,,,,,,,,,,,,,,,,,,,,,,,,,,,,,,,,,,,,,,,,,,,,,,,,,39111500,,,,,,,,,,,,,,,,,,,,,,,,,,,,,,,,,,,,,,,,,,,
,,,,,,,Electrical,Lighting,Lighting Fixtures,,42200BKCS,42200BKCS Kichler Pendant Lt,,,,,Kichler Lighting,Kichler,Kichler,42200BKCS,,Electrical > Lighting > Lighting Fixtures,"Kichler Light Fixture, 42200BKCS",LIGHT FIXTURE,"Kichler Light Fixture, 42200BKCS","Kichler Light Fixture, Model 42200BKCS","Kichler Light Fixture, 42200BKCS",,,,,,,,,,,,,,,,,,,,,,,,,Light Fixture,,Light Fixture,,,,,,,,,,,,,,,,,,,,,,,,,,,,,,,,,,,,,,,,,,,,,,,,,,,,,,,,,,,,,,,,,,,,,,,,,,,,,,,,,,,,,,,,,,,,,,,,,,,,,,,,,,,,,,,,,,,,,,,,,,,,,,,,,,,,,,,,,,,,,,,,,,,,,,,,,,39111500,,,,,,,,,,,,,,,,,,,,,,,,,,,,,,,,,,,,,,,,,,,
,,,,,,,Electrical,Lighting,Lighting Fixtures,,43851BK,43851BK Kichler Pendant Lt,,,,,Kichler Lighting,Kichler,Kichler,43851BK,,Electrical > Lighting > Lighting Fixtures,"Kichler Light Fixture, 43851BK",LIGHT FIXTURE,"Kichler Light Fixture, 43851BK","Kichler Light Fixture, Model 43851BK","Kichler Light Fixture, 43851BK",,,,,,,,,,,,,,,,,,,,,,,,,Light Fixture,,Light Fixture,,,,,,,,,,,,,,,,,,,,,,,,,,,,,,,,,,,,,,,,,,,,,,,,,,,,,,,,,,,,,,,,,,,,,,,,,,,,,,,,,,,,,,,,,,,,,,,,,,,,,,,,,,,,,,,,,,,,,,,,,,,,,,,,,,,,,,,,,,,,,,,,,,,,,,,,,,39111500,,,,,,,,,,,,,,,,,,,,,,,,,,,,,,,,,,,,,,,,,,,
,,,,,,,Electrical,Lighting,Lighting Fixtures,,43852BK,43852BK Kichler Pendant Lt,,,,,Kichler Lighting,Kichler,Kichler,43852BK,,Electrical > Lighting > Lighting Fixtures,"Kichler Light Fixture, 43852BK",LIGHT FIXTURE,"Kichler Light Fixture, 43852BK","Kichler Light Fixture, Model 43852BK","Kichler Light Fixture, 43852BK",,,,,,,,,,,,,,,,,,,,,,,,,Light Fixture,,Light Fixture,,,,,,,,,,,,,,,,,,,,,,,,,,,,,,,,,,,,,,,,,,,,,,,,,,,,,,,,,,,,,,,,,,,,,,,,,,,,,,,,,,,,,,,,,,,,,,,,,,,,,,,,,,,,,,,,,,,,,,,,,,,,,,,,,,,,,,,,,,,,,,,,,,,,,,,,,,39111500,,,,,,,,,,,,,,,,,,,,,,,,,,,,,,,,,,,,,,,,,,,
,,,,,,,Electrical,Lighting,Lighting Fixtures,,43853BK,43853BK Kichler Pendant Lt,,,,,Kichler Lighting,Kichler,Kichler,43853BK,,Electrical > Lighting > Lighting Fixtures,"Kichler Light Fixture, 43853BK",LIGHT FIXTURE,"Kichler Light Fixture, 43853BK","Kichler Light Fixture, Model 43853BK","Kichler Light Fixture, 43853BK",,,,,,,,,,,,,,,,,,,,,,,,,Light Fixture,,Light Fixture,,,,,,,,,,,,,,,,,,,,,,,,,,,,,,,,,,,,,,,,,,,,,,,,,,,,,,,,,,,,,,,,,,,,,,,,,,,,,,,,,,,,,,,,,,,,,,,,,,,,,,,,,,,,,,,,,,,,,,,,,,,,,,,,,,,,,,,,,,,,,,,,,,,,,,,,,,39111500,,,,,,,,,,,,,,,,,,,,,,,,,,,,,,,,,,,,,,,,,,,
,,,,,,,Electrical,Lighting,Lighting Fixtures,,43905BK,43905BK Kichler Pendant Lt,,,,,Kichler Lighting,Kichler,Kichler,43905BK,,Electrical > Lighting > Lighting Fixtures,"Kichler Light Fixture, 43905BK",LIGHT FIXTURE,"Kichler Light Fixture, 43905BK","Kichler Light Fixture, Model 43905BK","Kichler Light Fixture, 43905BK",,,,,,,,,,,,,,,,,,,,,,,,,Light Fixture,,Light Fixture,,,,,,,,,,,,,,,,,,,,,,,,,,,,,,,,,,,,,,,,,,,,,,,,,,,,,,,,,,,,,,,,,,,,,,,,,,,,,,,,,,,,,,,,,,,,,,,,,,,,,,,,,,,,,,,,,,,,,,,,,,,,,,,,,,,,,,,,,,,,,,,,,,,,,,,,,,39111500,,,,,,,,,,,,,,,,,,,,,,,,,,,,,,,,,,,,,,,,,,,
,,,,,,,Electrical,Lighting,Lighting Fixtures,,43911BK,43911BK Kichler Pendant Lt,,,,,Kichler Lighting,Kichler,Kichler,43911BK,,Electrical > Lighting > Lighting Fixtures,"Kichler Light Fixture, 43911BK",LIGHT FIXTURE,"Kichler Light Fixture, 43911BK","Kichler Light Fixture, Model 43911BK","Kichler Light Fixture, 43911BK",,,,,,,,,,,,,,,,,,,,,,,,,Light Fixture,,Light Fixture,,,,,,,,,,,,,,,,,,,,,,,,,,,,,,,,,,,,,,,,,,,,,,,,,,,,,,,,,,,,,,,,,,,,,,,,,,,,,,,,,,,,,,,,,,,,,,,,,,,,,,,,,,,,,,,,,,,,,,,,,,,,,,,,,,,,,,,,,,,,,,,,,,,,,,,,,,39111500,,,,,,,,,,,,,,,,,,,,,,,,,,,,,,,,,,,,,,,,,,,
,,,,,,,Electrical,Lighting,Lighting Fixtures,,52529BK,52529BK Kichler Pendant Light,,,,,Kichler Lighting,Kichler,Kichler,52529BK,,Electrical > Lighting > Lighting Fixtures,"Kichler Light Fixture, 52529BK",LIGHT FIXTURE,"Kichler Light Fixture, 52529BK","Kichler Light Fixture, Model 52529BK","Kichler Light Fixture, 52529BK",,,,,,,,,,,,,,,,,,,,,,,,,Light Fixture,,Light Fixture,,,,,,,,,,,,,,,,,,,,,,,,,,,,,,,,,,,,,,,,,,,,,,,,,,,,,,,,,,,,,,,,,,,,,,,,,,,,,,,,,,,,,,,,,,,,,,,,,,,,,,,,,,,,,,,,,,,,,,,,,,,,,,,,,,,,,,,,,,,,,,,,,,,,,,,,,,39111500,,,,,,,,,,,,,,,,,,,,,,,,,,,,,,,,,,,,,,,,,,,
,,,,,,,Electrical,Lighting,Lighting Fixtures,,52662BKCLR,52662BKCLR Kichler Pendant Lt,,,,,Kichler Lighting,Kichler,Kichler,52662BKCLR,,Electrical > Lighting > Lighting Fixtures,"Kichler Light Fixture, 52662BKCLR",LIGHT FIXTURE,"Kichler Light Fixture, 52662BKCLR","Kichler Light Fixture, Model 52662BKCLR","Kichler Light Fixture, 52662BKCLR",,,,,,,,,,,,,,,,,,,,,,,,,Light Fixture,,Light Fixture,,,,,,,,,,,,,,,,,,,,,,,,,,,,,,,,,,,,,,,,,,,,,,,,,,,,,,,,,,,,,,,,,,,,,,,,,,,,,,,,,,,,,,,,,,,,,,,,,,,,,,,,,,,,,,,,,,,,,,,,,,,,,,,,,,,,,,,,,,,,,,,,,,,,,,,,,,39111500,,,,,,,,,,,,,,,,,,,,,,,,,,,,,,,,,,,,,,,,,,,
,,,,,,,Electrical,Lighting,Lighting Fixtures,,52734CPZ,52734CPZ Kichler Pendant Light,,,,,Kichler Lighting,Kichler,Kichler,52734CPZ,,Electrical > Lighting > Lighting Fixtures,"Kichler Light Fixture, 52734CPZ",LIGHT FIXTURE,"Kichler Light Fixture, 52734CPZ","Kichler Light Fixture, Model 52734CPZ","Kichler Light Fixture, 52734CPZ",,,,,,,,,,,,,,,,,,,,,,,,,Light Fixture,,Light Fixture,,,,,,,,,,,,,,,,,,,,,,,,,,,,,,,,,,,,,,,,,,,,,,,,,,,,,,,,,,,,,,,,,,,,,,,,,,,,,,,,,,,,,,,,,,,,,,,,,,,,,,,,,,,,,,,,,,,,,,,,,,,,,,,,,,,,,,,,,,,,,,,,,,,,,,,,,,39111500,,,,,,,,,,,,,,,,,,,,,,,,,,,,,,,,,,,,,,,,,,,
,,,,,,,Electrical,Lighting,Lighting Fixtures,,82400,82400 Kichler Pendant Lt,,,,,Kichler Lighting,Kichler,Kichler,82400,,Electrical > Lighting > Lighting Fixtures,"Kichler Light Fixture, 82400",LIGHT FIXTURE,"Kichler Light Fixture, 82400","Kichler Light Fixture, Model 82400","Kichler Light Fixture, 82400",,,,,,,,,,,,,,,,,,,,,,,,,Light Fixture,,Light Fixture,,,,,,,,,,,,,,,,,,,,,,,,,,,,,,,,,,,,,,,,,,,,,,,,,,,,,,,,,,,,,,,,,,,,,,,,,,,,,,,,,,,,,,,,,,,,,,,,,,,,,,,,,,,,,,,,,,,,,,,,,,,,,,,,,,,,,,,,,,,,,,,,,,,,,,,,,,39111500,,,,,,,,,,,,,,,,,,,,,,,,,,,,,,,,,,,,,,,,,,,
,,,,,,,General Supplies,General,General,,S11606,"S11606 8"" Round Down Lt 30K",,,,,Satco Prod Inc,SATCO,SATCO,S11606,,General Supplies > General > General,"SATCO S11606 Round Down, S11606",S11606 ROUND DOWN,"SATCO S11606 Round Down, S11606","SATCO S11606 Round Down, Model S11606","SATCO S11606 Round Down, S11606",,,,,,,,,,,,,,,,,,,,,,,,,S11606 Round Down,,S11606 Round Down,,,,,,,,,,,,,,,,,,,,,,,,,,,,,,,,,,,,,,,,,,,,,,,,,,,,,,,,,,,,,,,,,,,,,,,,,,,,,,,,,,,,,,,,,,,,,,,,,,,,,,,,,,,,,,,,,,,,,,,,,,,,,,,,,,,,,,,,,,,,,,,,,,,,,,,,,,,,,,,,,,,,,,,,,,,,,,,,,,,,,,,,,,,,,,,,,,,,,
,,,,,,,Electrical,Lighting,LED Lamps,,S11828,"S11828 8"" Led Down Light",,,,,Satco Prod Inc,SATCO,SATCO,S11828,,Electrical > Lighting > LED Lamps,"SATCO LED Lamp, S11828",LED LAMP,"SATCO LED Lamp, S11828","SATCO LED Lamp, Model S11828","SATCO LED Lamp, S11828",,,,,,,,,,,,,,,,,,,,,,,,,LED Lamp,,LED Lamp,,,,,,,,,,,,,,,,,,,,,,,,,,,,,,,,,,,,,,,,,,,,,,,,,,,,,,,,,,,,,,,,,,,,,,,,,,,,,,,,,,,,,,,,,,,,,,,,,,,,,,,,,,,,,,,,,,,,,,,,,,,,,,,,,,,,,,,,,,,,,,,,,,,,,,,,,,39101629,,,,,,,,,,,,,,,,,,,,,,,,,,,,,,,,,,,,,,,,,,,
,,,,,,,Electrical,Lighting,LED Lamps,,801274,"801274 10w LED 6"" Retro 50k",,,,,Phillips Lighting,Philips,Philips,801274,,Electrical > Lighting > LED Lamps,"Philips LED Lamp, 801274, Wattage 10 W",LED LAMP 10W,"Philips LED Lamp, 801274","Philips LED Lamp, Model 801274, Wattage 10 W","Philips LED Lamp, 801274",,Wattage: 10 W,,,,,,,,,,,,,,,,,,,,,,,LED Lamp,,LED Lamp,Wattage,10,W,,,,,,,,,,,,,,,,,,,,,,,,,,,,,,,,,,,,,,,,,,,,,,,,,,,,,,,,,,,,,,,,,,,,,,,,,,,,,,,,,,,,,,,,,,,,,,,,,,,,,,,,,,,,,,,,,,,,,,,,,,,,,,,,,,,,,,,,,,,,,,,,,,,,,,,39101629,,,,,,,,,,,,,,,,,,,,,,,,,,,,,,,,,,,,,,,,,,,
,,,,,,,Electrical,Lighting,LED Lamps,,S11860,"S11860 6"" Downlight White 5 CCT",,,,,Satco Prod Inc,SATCO,SATCO,S11860,,Electrical > Lighting > LED Lamps,"SATCO LED Lamp, S11860, Color White",LED LAMP WHITE,"SATCO LED Lamp, S11860","SATCO LED Lamp, Model S11860, Color White","SATCO LED Lamp, S11860",,Color: White,,,,,,,,,,,,,,,,,,,,,,,LED Lamp,,LED Lamp,Color,White,,,,,,,,,,,,,,,,,,,,,,,,,,,,,,,,,,,,,,,,,,,,,,,,,,,,,,,,,,,,,,,,,,,,,,,,,,,,,,,,,,,,,,,,,,,,,,,,,,,,,,,,,,,,,,,,,,,,,,,,,,,,,,,,,,,,,,,,,,,,,,,,,,,,,,,,39101629,,,,,,,,,,,,,,,,,,,,,,,,,,,,,,,,,,,,,,,,,,,
,,,,,,,Electrical,Lighting,LED Lamps,,S11562,"S11562 Starfish 6"" D/W Downlight",,,,,Satco Prod Inc,SATCO,SATCO,S11562,,Electrical > Lighting > LED Lamps,"SATCO LED Lamp, S11562",LED LAMP,"SATCO LED Lamp, S11562","SATCO LED Lamp, Model S11562","SATCO LED Lamp, S11562",,,,,,,,,,,,,,,,,,,,,,,,,LED Lamp,,LED Lamp,,,,,,,,,,,,,,,,,,,,,,,,,,,,,,,,,,,,,,,,,,,,,,,,,,,,,,,,,,,,,,,,,,,,,,,,,,,,,,,,,,,,,,,,,,,,,,,,,,,,,,,,,,,,,,,,,,,,,,,,,,,,,,,,,,,,,,,,,,,,,,,,,,,,,,,,,,39101629,,,,,,,,,,,,,,,,,,,,,,,,,,,,,,,,,,,,,,,,,,,
,,,,,,,Electrical,Lighting,LED Lamps,,S11646,"S11646 6"" Downlight Wh",,,,,Satco Prod Inc,SATCO,SATCO,S11646,,Electrical > Lighting > LED Lamps,"SATCO LED Lamp, S11646",LED LAMP,"SATCO LED Lamp, S11646","SATCO LED Lamp, Model S11646","SATCO LED Lamp, S11646",,,,,,,,,,,,,,,,,,,,,,,,,LED Lamp,,LED Lamp,,,,,,,,,,,,,,,,,,,,,,,,,,,,,,,,,,,,,,,,,,,,,,,,,,,,,,,,,,,,,,,,,,,,,,,,,,,,,,,,,,,,,,,,,,,,,,,,,,,,,,,,,,,,,,,,,,,,,,,,,,,,,,,,,,,,,,,,,,,,,,,,,,,,,,,,,,39101629,,,,,,,,,,,,,,,,,,,,,,,,,,,,,,,,,,,,,,,,,,,
,,,,,,,Electrical,Lighting,LED Lamps,,S11801R1,"S11801R1 6"" Led Downlight Wh",,,,,Satco Prod Inc,SATCO,SATCO,S11801R1,,Electrical > Lighting > LED Lamps,"SATCO LED Lamp, S11801R1",LED LAMP,"SATCO LED Lamp, S11801R1","SATCO LED Lamp, Model S11801R1","SATCO LED Lamp, S11801R1",,,,,,,,,,,,,,,,,,,,,,,,,LED Lamp,,LED Lamp,,,,,,,,,,,,,,,,,,,,,,,,,,,,,,,,,,,,,,,,,,,,,,,,,,,,,,,,,,,,,,,,,,,,,,,,,,,,,,,,,,,,,,,,,,,,,,,,,,,,,,,,,,,,,,,,,,,,,,,,,,,,,,,,,,,,,,,,,,,,,,,,,,,,,,,,,,39101629,,,,,,,,,,,,,,,,,,,,,,,,,,,,,,,,,,,,,,,,,,,
,,,,,,,General Supplies,General,General,,S11848,"S11848 10"" Down Light Wh",,,,,Satco Prod Inc,SATCO,SATCO,S11848,,General Supplies > General > General,"SATCO S11848 Down Light, S11848",S11848 DOWN LIGHT,"SATCO S11848 Down Light, S11848","SATCO S11848 Down Light, Model S11848","SATCO S11848 Down Light, S11848",,,,,,,,,,,,,,,,,,,,,,,,,S11848 Down Light,,S11848 Down Light,,,,,,,,,,,,,,,,,,,,,,,,,,,,,,,,,,,,,,,,,,,,,,,,,,,,,,,,,,,,,,,,,,,,,,,,,,,,,,,,,,,,,,,,,,,,,,,,,,,,,,,,,,,,,,,,,,,,,,,,,,,,,,,,,,,,,,,,,,,,,,,,,,,,,,,,,,,,,,,,,,,,,,,,,,,,,,,,,,,,,,,,,,,,,,,,,,,,,
,,,,,,,General Supplies,General,General,,S11849,"S11849 12"" Down Light Wh",,,,,Satco Prod Inc,SATCO,SATCO,S11849,,General Supplies > General > General,"SATCO S11849 Down Light, S11849",S11849 DOWN LIGHT,"SATCO S11849 Down Light, S11849","SATCO S11849 Down Light, Model S11849","SATCO S11849 Down Light, S11849",,,,,,,,,,,,,,,,,,,,,,,,,S11849 Down Light,,S11849 Down Light,,,,,,,,,,,,,,,,,,,,,,,,,,,,,,,,,,,,,,,,,,,,,,,,,,,,,,,,,,,,,,,,,,,,,,,,,,,,,,,,,,,,,,,,,,,,,,,,,,,,,,,,,,,,,,,,,,,,,,,,,,,,,,,,,,,,,,,,,,,,,,,,,,,,,,,,,,,,,,,,,,,,,,,,,,,,,,,,,,,,,,,,,,,,,,,,,,,,,
,,,,,,,General Supplies,General,General,,HLBSL609FS5,"HLBSL609FS5 6"" Down Light",,,,,Cooper Lighting,,,HLBSL609FS5,,General Supplies > General > General,"HLBSL609FS5 Down Light, HLBSL609FS5",HLBSL609FS5 DOWN LIGHT,"HLBSL609FS5 Down Light, HLBSL609FS5","HLBSL609FS5 Down Light, Model HLBSL609FS5","HLBSL609FS5 Down Light, HLBSL609FS5",,,,,,,,,,,,,,,,,,,,,,,,,HLBSL609FS5 Down Light,,HLBSL609FS5 Down Light,,,,,,,,,,,,,,,,,,,,,,,,,,,,,,,,,,,,,,,,,,,,,,,,,,,,,,,,,,,,,,,,,,,,,,,,,,,,,,,,,,,,,,,,,,,,,,,,,,,,,,,,,,,,,,,,,,,,,,,,,,,,,,,,,,,,,,,,,,,,,,,,,,,,,,,,,,,,,,,,,,,,,,,,,,,,,,,,,,,,,,,,,,,,,,,,,,,,,
,,,,,,,General Supplies,General,General,,WF4REGSWW590CRIMW,"WF4REGSWW590CRIMW 4"" Down Light",,,,,Lithonia Lighting,,,WF4REGSWW590CRIMW,,General Supplies > General > General,"WF4REGSWW590CRIMW Down Light, WF4REGSWW590CRIMW",WF4REGSWW590CRIMW DOWN LIGHT,"WF4REGSWW590CRIMW Down Light, WF4REGSWW590CRIMW","WF4REGSWW590CRIMW Down Light, Model WF4REGSWW590CRIMW","WF4REGSWW590CRIMW Down Light, WF4REGSWW590CRIMW",,,,,,,,,,,,,,,,,,,,,,,,,WF4REGSWW590CRIMW Down Light,,WF4REGSWW590CRIMW Down Light,,,,,,,,,,,,,,,,,,,,,,,,,,,,,,,,,,,,,,,,,,,,,,,,,,,,,,,,,,,,,,,,,,,,,,,,,,,,,,,,,,,,,,,,,,,,,,,,,,,,,,,,,,,,,,,,,,,,,,,,,,,,,,,,,,,,,,,,,,,,,,,,,,,,,,,,,,,,,,,,,,,,,,,,,,,,,,,,,,,,,,,,,,,,,,,,,,,,,
,,,,,,,General Supplies,General,General,,43849WH5CCT,43849WH5CCT Kichler Ceiling Lt,,,,,Kichler Lighting,Kichler,Kichler,43849WH5CCT,,General Supplies > General > General,"Kichler 43849WH5CCT Kichler Ceiling, 43849WH5CCT",43849WH5CCT KICHLER CEILING,"Kichler 43849WH5CCT Kichler Ceiling, 43849WH5CCT","Kichler 43849WH5CCT Kichler Ceiling, Model 43849WH5CCT","Kichler 43849WH5CCT Kichler Ceiling, 43849WH5CCT",,,,,,,,,,,,,,,,,,,,,,,,,43849WH5CCT Kichler Ceiling,,43849WH5CCT Kichler Ceiling,,,,,,,,,,,,,,,,,,,,,,,,,,,,,,,,,,,,,,,,,,,,,,,,,,,,,,,,,,,,,,,,,,,,,,,,,,,,,,,,,,,,,,,,,,,,,,,,,,,,,,,,,,,,,,,,,,,,,,,,,,,,,,,,,,,,,,,,,,,,,,,,,,,,,,,,,,,,,,,,,,,,,,,,,,,,,,,,,,,,,,,,,,,,,,,,,,,,,
,,,,,,,General Supplies,General,General,,62-1777,"62-1777 15"" Ceiling Lt Wh",,,,,Satco Prod Inc,SATCO,SATCO,62-1777,,General Supplies > General > General,"SATCO Ceiling Lt Wh, 62-1777",CEILING LT WH,"SATCO Ceiling Lt Wh, 62-1777","SATCO Ceiling Lt Wh, Model 62-1777","SATCO Ceiling Lt Wh, 62-1777",,,,,,,,,,,,,,,,,,,,,,,,,Ceiling Lt Wh,,Ceiling Lt Wh,,,,,,,,,,,,,,,,,,,,,,,,,,,,,,,,,,,,,,,,,,,,,,,,,,,,,,,,,,,,,,,,,,,,,,,,,,,,,,,,,,,,,,,,,,,,,,,,,,,,,,,,,,,,,,,,,,,,,,,,,,,,,,,,,,,,,,,,,,,,,,,,,,,,,,,,,,,,,,,,,,,,,,,,,,,,,,,,,,,,,,,,,,,,,,,,,,,,,
,,,,,,,General Supplies,General,General,,62-1778,"62-1778 19"" Ceiling Lt Wh",,,,,Satco Prod Inc,SATCO,SATCO,62-1778,,General Supplies > General > General,"SATCO Ceiling Lt Wh, 62-1778",CEILING LT WH,"SATCO Ceiling Lt Wh, 62-1778","SATCO Ceiling Lt Wh, Model 62-1778","SATCO Ceiling Lt Wh, 62-1778",,,,,,,,,,,,,,,,,,,,,,,,,Ceiling Lt Wh,,Ceiling Lt Wh,,,,,,,,,,,,,,,,,,,,,,,,,,,,,,,,,,,,,,,,,,,,,,,,,,,,,,,,,,,,,,,,,,,,,,,,,,,,,,,,,,,,,,,,,,,,,,,,,,,,,,,,,,,,,,,,,,,,,,,,,,,,,,,,,,,,,,,,,,,,,,,,,,,,,,,,,,,,,,,,,,,,,,,,,,,,,,,,,,,,,,,,,,,,,,,,,,,,,
,,,,,,,Electrical,Lighting,LED Lamps,,62-1784,62-1784 24x24 Led Ceiling Lt,,,,,Satco Prod Inc,SATCO,SATCO,62-1784,,Electrical > Lighting > LED Lamps,"SATCO LED Lamp, 62-1784, Board Size 24x24",LED LAMP 24X24,"SATCO LED Lamp, 62-1784","SATCO LED Lamp, Model 62-1784, Board Size 24x24","SATCO LED Lamp, 62-1784",,Board Size: 24x24,,,,,,,,,,,,,,,,,,,,,,,LED Lamp,,LED Lamp,Board Size,24x24,,,,,,,,,,,,,,,,,,,,,,,,,,,,,,,,,,,,,,,,,,,,,,,,,,,,,,,,,,,,,,,,,,,,,,,,,,,,,,,,,,,,,,,,,,,,,,,,,,,,,,,,,,,,,,,,,,,,,,,,,,,,,,,,,,,,,,,,,,,,,,,,,,,,,,,,39101629,,,,,,,,,,,,,,,,,,,,,,,,,,,,,,,,,,,,,,,,,,,
,,,,,,,General Supplies,General,General,,62-1787,"62-1787 15"" Ceiling Lt Bk",,,,,Satco Prod Inc,SATCO,SATCO,62-1787,,General Supplies > General > General,"SATCO Ceiling Lt Bk, 62-1787",CEILING LT BK,"SATCO Ceiling Lt Bk, 62-1787","SATCO Ceiling Lt Bk, Model 62-1787","SATCO Ceiling Lt Bk, 62-1787",,,,,,,,,,,,,,,,,,,,,,,,,Ceiling Lt Bk,,Ceiling Lt Bk,,,,,,,,,,,,,,,,,,,,,,,,,,,,,,,,,,,,,,,,,,,,,,,,,,,,,,,,,,,,,,,,,,,,,,,,,,,,,,,,,,,,,,,,,,,,,,,,,,,,,,,,,,,,,,,,,,,,,,,,,,,,,,,,,,,,,,,,,,,,,,,,,,,,,,,,,,,,,,,,,,,,,,,,,,,,,,,,,,,,,,,,,,,,,,,,,,,,,
,,,,,,,General Supplies,General,General,,62-1788,"62-1788 19"" Ceiling Lt Bk",,,,,Satco Prod Inc,SATCO,SATCO,62-1788,,General Supplies > General > General,"SATCO Ceiling Lt Bk, 62-1788",CEILING LT BK,"SATCO Ceiling Lt Bk, 62-1788","SATCO Ceiling Lt Bk, Model 62-1788","SATCO Ceiling Lt Bk, 62-1788",,,,,,,,,,,,,,,,,,,,,,,,,Ceiling Lt Bk,,Ceiling Lt Bk,,,,,,,,,,,,,,,,,,,,,,,,,,,,,,,,,,,,,,,,,,,,,,,,,,,,,,,,,,,,,,,,,,,,,,,,,,,,,,,,,,,,,,,,,,,,,,,,,,,,,,,,,,,,,,,,,,,,,,,,,,,,,,,,,,,,,,,,,,,,,,,,,,,,,,,,,,,,,,,,,,,,,,,,,,,,,,,,,,,,,,,,,,,,,,,,,,,,,
,,,,,,,General Supplies,General,General,,SHOP/4X2/840/V1,4' Feit Shop Light 4500L 40k,,,,,Feit Electric,Feit,Feit,SHOP/4X2/840/V1,,General Supplies > General > General,"Feit 4' Feit Shop, SHOP/4X2/840/V1",4' FEIT SHOP,"Feit 4' Feit Shop, SHOP/4X2/840/V1","Feit 4' Feit Shop, Model SHOP/4X2/840/V1","Feit 4' Feit Shop, SHOP/4X2/840/V1",,,,,,,,,,,,,,,,,,,,,,,,,4' Feit Shop,,4' Feit Shop,,,,,,,,,,,,,,,,,,,,,,,,,,,,,,,,,,,,,,,,,,,,,,,,,,,,,,,,,,,,,,,,,,,,,,,,,,,,,,,,,,,,,,,,,,,,,,,,,,,,,,,,,,,,,,,,,,,,,,,,,,,,,,,,,,,,,,,,,,,,,,,,,,,,,,,,,,,,,,,,,,,,,,,,,,,,,,,,,,,,,,,,,,,,,,,,,,,,,
,,,,,,,General Supplies,General,General,,45495BKCLR,45495BKCLR Kichler Wall Lt,,,,,Kichler Lighting,Kichler,Kichler,45495BKCLR,,General Supplies > General > General,"Kichler 45495BKCLR Kichler Wall, 45495BKCLR",45495BKCLR KICHLER WALL,"Kichler 45495BKCLR Kichler Wall, 45495BKCLR","Kichler 45495BKCLR Kichler Wall, Model 45495BKCLR","Kichler 45495BKCLR Kichler Wall, 45495BKCLR",,,,,,,,,,,,,,,,,,,,,,,,,45495BKCLR Kichler Wall,,45495BKCLR Kichler Wall,,,,,,,,,,,,,,,,,,,,,,,,,,,,,,,,,,,,,,,,,,,,,,,,,,,,,,,,,,,,,,,,,,,,,,,,,,,,,,,,,,,,,,,,,,,,,,,,,,,,,,,,,,,,,,,,,,,,,,,,,,,,,,,,,,,,,,,,,,,,,,,,,,,,,,,,,,,,,,,,,,,,,,,,,,,,,,,,,,,,,,,,,,,,,,,,,,,,,
,,,,,,,Electrical,Lighting,Lighting Fixtures,,55209NI,55209NI Kichler Wall Sconce,,,,,Kichler Lighting,Kichler,Kichler,55209NI,,Electrical > Lighting > Lighting Fixtures,"Kichler Light Fixture, 55209NI",LIGHT FIXTURE,"Kichler Light Fixture, 55209NI","Kichler Light Fixture, Model 55209NI","Kichler Light Fixture, 55209NI",,,,,,,,,,,,,,,,,,,,,,,,,Light Fixture,,Light Fixture,,,,,,,,,,,,,,,,,,,,,,,,,,,,,,,,,,,,,,,,,,,,,,,,,,,,,,,,,,,,,,,,,,,,,,,,,,,,,,,,,,,,,,,,,,,,,,,,,,,,,,,,,,,,,,,,,,,,,,,,,,,,,,,,,,,,,,,,,,,,,,,,,,,,,,,,,,39111500,,,,,,,,,,,,,,,,,,,,,,,,,,,,,,,,,,,,,,,,,,,
,,,,,,,Electrical,Lighting,LED Lamps,,65-1210,65-1210 2' LED Wrap Lt,,,,,Satco Prod Inc,SATCO,SATCO,65-1210,,Electrical > Lighting > LED Lamps,"SATCO LED Lamp, 65-1210",LED LAMP,"SATCO LED Lamp, 65-1210","SATCO LED Lamp, Model 65-1210","SATCO LED Lamp, 65-1210",,,,,,,,,,,,,,,,,,,,,,,,,LED Lamp,,LED Lamp,,,,,,,,,,,,,,,,,,,,,,,,,,,,,,,,,,,,,,,,,,,,,,,,,,,,,,,,,,,,,,,,,,,,,,,,,,,,,,,,,,,,,,,,,,,,,,,,,,,,,,,,,,,,,,,,,,,,,,,,,,,,,,,,,,,,,,,,,,,,,,,,,,,,,,,,,,39101629,,,,,,,,,,,,,,,,,,,,,,,,,,,,,,,,,,,,,,,,,,,
,,,,,,,Electrical,Lighting,LED Lamps,,65-1211,65-1211 4' Led Wrap Light,,,,,Satco Prod Inc,SATCO,SATCO,65-1211,,Electrical > Lighting > LED Lamps,"SATCO LED Lamp, 65-1211",LED LAMP,"SATCO LED Lamp, 65-1211","SATCO LED Lamp, Model 65-1211","SATCO LED Lamp, 65-1211",,,,,,,,,,,,,,,,,,,,,,,,,LED Lamp,,LED Lamp,,,,,,,,,,,,,,,,,,,,,,,,,,,,,,,,,,,,,,,,,,,,,,,,,,,,,,,,,,,,,,,,,,,,,,,,,,,,,,,,,,,,,,,,,,,,,,,,,,,,,,,,,,,,,,,,,,,,,,,,,,,,,,,,,,,,,,,,,,,,,,,,,,,,,,,,,,39101629,,,,,,,,,,,,,,,,,,,,,,,,,,,,,,,,,,,,,,,,,,,
,,,,,,,General Supplies,General,General,,141465,"141465 15W Flor 18"" T12 27k",,,,,Phillips Lighting,Philips,Philips,141465,,General Supplies > General > General,"Philips 15W Flor T12, 141465, Wattage 15 W",15W FLOR T12 15W,"Philips 15W Flor T12, 141465","Philips 15W Flor T12, Model 141465, Wattage 15 W","Philips 15W Flor T12, 141465",,Wattage: 15 W,,,,,,,,,,,,,,,,,,,,,,,15W Flor T12,,15W Flor T12,Wattage,15,W,,,,,,,,,,,,,,,,,,,,,,,,,,,,,,,,,,,,,,,,,,,,,,,,,,,,,,,,,,,,,,,,,,,,,,,,,,,,,,,,,,,,,,,,,,,,,,,,,,,,,,,,,,,,,,,,,,,,,,,,,,,,,,,,,,,,,,,,,,,,,,,,,,,,,,,,,,,,,,,,,,,,,,,,,,,,,,,,,,,,,,,,,,,,,,,,,,
,,,,,,,Electrical,Lighting,LED Lamps,,391227,"391227 32W Led 12"" T9 30K",,,,,Phillips Lighting,Philips,Philips,391227,,Electrical > Lighting > LED Lamps,"Philips LED Lamp, 391227, Wattage 32 W",LED LAMP 32W,"Philips LED Lamp, 391227","Philips LED Lamp, Model 391227, Wattage 32 W","Philips LED Lamp, 391227",,Wattage: 32 W,,,,,,,,,,,,,,,,,,,,,,,LED Lamp,,LED Lamp,Wattage,32,W,,,,,,,,,,,,,,,,,,,,,,,,,,,,,,,,,,,,,,,,,,,,,,,,,,,,,,,,,,,,,,,,,,,,,,,,,,,,,,,,,,,,,,,,,,,,,,,,,,,,,,,,,,,,,,,,,,,,,,,,,,,,,,,,,,,,,,,,,,,,,,,,,,,,,,,39101629,,,,,,,,,,,,,,,,,,,,,,,,,,,,,,,,,,,,,,,,,,,
,,,,,,,General Supplies,General,General,,392225,"392225 22W Flor 8"" T9 30k",,,,,Phillips Lighting,Philips,Philips,392225,,General Supplies > General > General,"Philips 22W Flor T9, 392225, Wattage 22 W",22W FLOR T9 22W,"Philips 22W Flor T9, 392225","Philips 22W Flor T9, Model 392225, Wattage 22 W","Philips 22W Flor T9, 392225",,Wattage: 22 W,,,,,,,,,,,,,,,,,,,,,,,22W Flor T9,,22W Flor T9,Wattage,22,W,,,,,,,,,,,,,,,,,,,,,,,,,,,,,,,,,,,,,,,,,,,,,,,,,,,,,,,,,,,,,,,,,,,,,,,,,,,,,,,,,,,,,,,,,,,,,,,,,,,,,,,,,,,,,,,,,,,,,,,,,,,,,,,,,,,,,,,,,,,,,,,,,,,,,,,,,,,,,,,,,,,,,,,,,,,,,,,,,,,,,,,,,,,,,,,,,,
,,,,,,,General Supplies,General,General,,S3539,S3539 20W Halogen Pin T4,,,,,Satco Prod Inc,SATCO,SATCO,S3539,,General Supplies > General > General,"SATCO S3539 20W Halogen, S3539, Wattage 20 W",S3539 20W HALOGEN 20W,"SATCO S3539 20W Halogen, S3539","SATCO S3539 20W Halogen, Model S3539, Wattage 20 W","SATCO S3539 20W Halogen, S3539",,Wattage: 20 W,,,,,,,,,,,,,,,,,,,,,,,S3539 20W Halogen,,S3539 20W Halogen,Wattage,20,W,,,,,,,,,,,,,,,,,,,,,,,,,,,,,,,,,,,,,,,,,,,,,,,,,,,,,,,,,,,,,,,,,,,,,,,,,,,,,,,,,,,,,,,,,,,,,,,,,,,,,,,,,,,,,,,,,,,,,,,,,,,,,,,,,,,,,,,,,,,,,,,,,,,,,,,,,,,,,,,,,,,,,,,,,,,,,,,,,,,,,,,,,,,,,,,,,,
,,,,,,,Electrical,Lighting,LED Lamps,,S3496,S3496 300W Halogen T3 Bulb,,,,,Satco Prod Inc,SATCO,SATCO,S3496,,Electrical > Lighting > LED Lamps,"SATCO LED Lamp, S3496, Wattage 300 W",LED LAMP 300W,"SATCO LED Lamp, S3496","SATCO LED Lamp, Model S3496, Wattage 300 W","SATCO LED Lamp, S3496",,Wattage: 300 W,,,,,,,,,,,,,,,,,,,,,,,LED Lamp,,LED Lamp,Wattage,300,W,,,,,,,,,,,,,,,,,,,,,,,,,,,,,,,,,,,,,,,,,,,,,,,,,,,,,,,,,,,,,,,,,,,,,,,,,,,,,,,,,,,,,,,,,,,,,,,,,,,,,,,,,,,,,,,,,,,,,,,,,,,,,,,,,,,,,,,,,,,,,,,,,,,,,,,39101629,,,,,,,,,,,,,,,,,,,,,,,,,,,,,,,,,,,,,,,,,,,
,,,,,,,General Supplies,General,General,,467316,467316 150W Sodium Med 21k,,,,,Phillips Lighting,Philips,Philips,467316,,General Supplies > General > General,"Philips 150W Sodium Med, 467316, Wattage 150 W",150W SODIUM MED 150W,"Philips 150W Sodium Med, 467316","Philips 150W Sodium Med, Model 467316, Wattage 150 W","Philips 150W Sodium Med, 467316",,Wattage: 150 W,,,,,,,,,,,,,,,,,,,,,,,150W Sodium Med,,150W Sodium Med,Wattage,150,W,,,,,,,,,,,,,,,,,,,,,,,,,,,,,,,,,,,,,,,,,,,,,,,,,,,,,,,,,,,,,,,,,,,,,,,,,,,,,,,,,,,,,,,,,,,,,,,,,,,,,,,,,,,,,,,,,,,,,,,,,,,,,,,,,,,,,,,,,,,,,,,,,,,,,,,,,,,,,,,,,,,,,,,,,,,,,,,,,,,,,,,,,,,,,,,,,,
,,,,,,,General Supplies,General,General,,S3709,S3709 25W Incan 27K,,,,,Satco Prod Inc,SATCO,SATCO,S3709,,General Supplies > General > General,"SATCO S3709 25W Incan, S3709, Wattage 25 W",S3709 25W INCAN 25W,"SATCO S3709 25W Incan, S3709","SATCO S3709 25W Incan, Model S3709, Wattage 25 W","SATCO S3709 25W Incan, S3709",,Wattage: 25 W,,,,,,,,,,,,,,,,,,,,,,,S3709 25W Incan,,S3709 25W Incan,Wattage,25,W,,,,,,,,,,,,,,,,,,,,,,,,,,,,,,,,,,,,,,,,,,,,,,,,,,,,,,,,,,,,,,,,,,,,,,,,,,,,,,,,,,,,,,,,,,,,,,,,,,,,,,,,,,,,,,,,,,,,,,,,,,,,,,,,,,,,,,,,,,,,,,,,,,,,,,,,,,,,,,,,,,,,,,,,,,,,,,,,,,,,,,,,,,,,,,,,,,
,,,,,,,General Supplies,General,General,,S4720,S4720 25W Incan 27K,,,,,Satco Prod Inc,SATCO,SATCO,S4720,,General Supplies > General > General,"SATCO S4720 25W Incan, S4720, Wattage 25 W",S4720 25W INCAN 25W,"SATCO S4720 25W Incan, S4720","SATCO S4720 25W Incan, Model S4720, Wattage 25 W","SATCO S4720 25W Incan, S4720",,Wattage: 25 W,,,,,,,,,,,,,,,,,,,,,,,S4720 25W Incan,,S4720 25W Incan,Wattage,25,W,,,,,,,,,,,,,,,,,,,,,,,,,,,,,,,,,,,,,,,,,,,,,,,,,,,,,,,,,,,,,,,,,,,,,,,,,,,,,,,,,,,,,,,,,,,,,,,,,,,,,,,,,,,,,,,,,,,,,,,,,,,,,,,,,,,,,,,,,,,,,,,,,,,,,,,,,,,,,,,,,,,,,,,,,,,,,,,,,,,,,,,,,,,,,,,,,,
,,,,,,,General Supplies,General,General,,S3720,S3720 40w Inc A15 Med 26k,,,,,Satco Prod Inc,SATCO,SATCO,S3720,,General Supplies > General > General,"SATCO S3720 40w Inc, S3720, Wattage 40 W",S3720 40W INC 40W,"SATCO S3720 40w Inc, S3720","SATCO S3720 40w Inc, Model S3720, Wattage 40 W","SATCO S3720 40w Inc, S3720",,Wattage: 40 W,,,,,,,,,,,,,,,,,,,,,,,S3720 40w Inc,,S3720 40w Inc,Wattage,40,W,,,,,,,,,,,,,,,,,,,,,,,,,,,,,,,,,,,,,,,,,,,,,,,,,,,,,,,,,,,,,,,,,,,,,,,,,,,,,,,,,,,,,,,,,,,,,,,,,,,,,,,,,,,,,,,,,,,,,,,,,,,,,,,,,,,,,,,,,,,,,,,,,,,,,,,,,,,,,,,,,,,,,,,,,,,,,,,,,,,,,,,,,,,,,,,,,,
,,,,,,,General Supplies,General,General,,S3702,S3702 40W Incan Med 27K,,,,,Satco Prod Inc,SATCO,SATCO,S3702,,General Supplies > General > General,"SATCO S3702 40W Incan, S3702, Wattage 40 W",S3702 40W INCAN 40W,"SATCO S3702 40W Incan, S3702","SATCO S3702 40W Incan, Model S3702, Wattage 40 W","SATCO S3702 40W Incan, S3702",,Wattage: 40 W,,,,,,,,,,,,,,,,,,,,,,,S3702 40W Incan,,S3702 40W Incan,Wattage,40,W,,,,,,,,,,,,,,,,,,,,,,,,,,,,,,,,,,,,,,,,,,,,,,,,,,,,,,,,,,,,,,,,,,,,,,,,,,,,,,,,,,,,,,,,,,,,,,,,,,,,,,,,,,,,,,,,,,,,,,,,,,,,,,,,,,,,,,,,,,,,,,,,,,,,,,,,,,,,,,,,,,,,,,,,,,,,,,,,,,,,,,,,,,,,,,,,,,
,,,,,,,General Supplies,General,General,,S3703,S3703 40W Incan Med 27K,,,,,Satco Prod Inc,SATCO,SATCO,S3703,,General Supplies > General > General,"SATCO S3703 40W Incan, S3703, Wattage 40 W",S3703 40W INCAN 40W,"SATCO S3703 40W Incan, S3703","SATCO S3703 40W Incan, Model S3703, Wattage 40 W","SATCO S3703 40W Incan, S3703",,Wattage: 40 W,,,,,,,,,,,,,,,,,,,,,,,S3703 40W Incan,,S3703 40W Incan,Wattage,40,W,,,,,,,,,,,,,,,,,,,,,,,,,,,,,,,,,,,,,,,,,,,,,,,,,,,,,,,,,,,,,,,,,,,,,,,,,,,,,,,,,,,,,,,,,,,,,,,,,,,,,,,,,,,,,,,,,,,,,,,,,,,,,,,,,,,,,,,,,,,,,,,,,,,,,,,,,,,,,,,,,,,,,,,,,,,,,,,,,,,,,,,,,,,,,,,,,,
,,,,,,,General Supplies,General,General,,S3797,S3797 4W Incan Cand 27K 2pk,,,,,Satco Prod Inc,SATCO,SATCO,S3797,,General Supplies > General > General,"SATCO S3797 4W Incan, S3797, Wattage 4 W",S3797 4W INCAN 4W,"SATCO S3797 4W Incan, S3797","SATCO S3797 4W Incan, Model S3797, Wattage 4 W","SATCO S3797 4W Incan, S3797",,Wattage: 4 W,,,,,,,,,,,,,,,,,,,,,,,S3797 4W Incan,,S3797 4W Incan,Wattage,4,W,,,,,,,,,,,,,,,,,,,,,,,,,,,,,,,,,,,,,,,,,,,,,,,,,,,,,,,,,,,,,,,,,,,,,,,,,,,,,,,,,,,,,,,,,,,,,,,,,,,,,,,,,,,,,,,,,,,,,,,,,,,,,,,,,,,,,,,,,,,,,,,,,,,,,,,,,,,,,,,,,,,,,,,,,,,,,,,,,,,,,,,,,,,,,,,,,,
,,,,,,,General Supplies,General,General,,S4724,S4724 4W Incan Cand 27K 4pk,,,,,Satco Prod Inc,SATCO,SATCO,S4724,,General Supplies > General > General,"SATCO S4724 4W Incan, S4724, Wattage 4 W",S4724 4W INCAN 4W,"SATCO S4724 4W Incan, S4724","SATCO S4724 4W Incan, Model S4724, Wattage 4 W","SATCO S4724 4W Incan, S4724",,Wattage: 4 W,,,,,,,,,,,,,,,,,,,,,,,S4724 4W Incan,,S4724 4W Incan,Wattage,4,W,,,,,,,,,,,,,,,,,,,,,,,,,,,,,,,,,,,,,,,,,,,,,,,,,,,,,,,,,,,,,,,,,,,,,,,,,,,,,,,,,,,,,,,,,,,,,,,,,,,,,,,,,,,,,,,,,,,,,,,,,,,,,,,,,,,,,,,,,,,,,,,,,,,,,,,,,,,,,,,,,,,,,,,,,,,,,,,,,,,,,,,,,,,,,,,,,,
,,,,,,,General Supplies,General,General,,S4717,S4717 6W Incan Cand 27k 2pk,,,,,Satco Prod Inc,SATCO,SATCO,S4717,,General Supplies > General > General,"SATCO S4717 6W Incan, S4717, Wattage 6 W",S4717 6W INCAN 6W,"SATCO S4717 6W Incan, S4717","SATCO S4717 6W Incan, Model S4717, Wattage 6 W","SATCO S4717 6W Incan, S4717",,Wattage: 6 W,,,,,,,,,,,,,,,,,,,,,,,S4717 6W Incan,,S4717 6W Incan,Wattage,6,W,,,,,,,,,,,,,,,,,,,,,,,,,,,,,,,,,,,,,,,,,,,,,,,,,,,,,,,,,,,,,,,,,,,,,,,,,,,,,,,,,,,,,,,,,,,,,,,,,,,,,,,,,,,,,,,,,,,,,,,,,,,,,,,,,,,,,,,,,,,,,,,,,,,,,,,,,,,,,,,,,,,,,,,,,,,,,,,,,,,,,,,,,,,,,,,,,,
,,,,,,,General Supplies,General,General,,S3794,S3794 7W Incan Med 27K,,,,,Satco Prod Inc,SATCO,SATCO,S3794,,General Supplies > General > General,"SATCO S3794 7W Incan, S3794, Wattage 7 W",S3794 7W INCAN 7W,"SATCO S3794 7W Incan, S3794","SATCO S3794 7W Incan, Model S3794, Wattage 7 W","SATCO S3794 7W Incan, S3794",,Wattage: 7 W,,,,,,,,,,,,,,,,,,,,,,,S3794 7W Incan,,S3794 7W Incan,Wattage,7,W,,,,,,,,,,,,,,,,,,,,,,,,,,,,,,,,,,,,,,,,,,,,,,,,,,,,,,,,,,,,,,,,,,,,,,,,,,,,,,,,,,,,,,,,,,,,,,,,,,,,,,,,,,,,,,,,,,,,,,,,,,,,,,,,,,,,,,,,,,,,,,,,,,,,,,,,,,,,,,,,,,,,,,,,,,,,,,,,,,,,,,,,,,,,,,,,,,
,,,,,,,General Supplies,General,General,,S3795,S3795 7W Incan Med 27K,,,,,Satco Prod Inc,SATCO,SATCO,S3795,,General Supplies > General > General,"SATCO S3795 7W Incan, S3795, Wattage 7 W",S3795 7W INCAN 7W,"SATCO S3795 7W Incan, S3795","SATCO S3795 7W Incan, Model S3795, Wattage 7 W","SATCO S3795 7W Incan, S3795",,Wattage: 7 W,,,,,,,,,,,,,,,,,,,,,,,S3795 7W Incan,,S3795 7W Incan,Wattage,7,W,,,,,,,,,,,,,,,,,,,,,,,,,,,,,,,,,,,,,,,,,,,,,,,,,,,,,,,,,,,,,,,,,,,,,,,,,,,,,,,,,,,,,,,,,,,,,,,,,,,,,,,,,,,,,,,,,,,,,,,,,,,,,,,,,,,,,,,,,,,,,,,,,,,,,,,,,,,,,,,,,,,,,,,,,,,,,,,,,,,,,,,,,,,,,,,,,,
,,,,,,,General Supplies,General,General,,S4726,S4726 7W Incan Cand 27K 4pk,,,,,Satco Prod Inc,SATCO,SATCO,S4726,,General Supplies > General > General,"SATCO S4726 7W Incan, S4726, Wattage 7 W",S4726 7W INCAN 7W,"SATCO S4726 7W Incan, S4726","SATCO S4726 7W Incan, Model S4726, Wattage 7 W","SATCO S4726 7W Incan, S4726",,Wattage: 7 W,,,,,,,,,,,,,,,,,,,,,,,S4726 7W Incan,,S4726 7W Incan,Wattage,7,W,,,,,,,,,,,,,,,,,,,,,,,,,,,,,,,,,,,,,,,,,,,,,,,,,,,,,,,,,,,,,,,,,,,,,,,,,,,,,,,,,,,,,,,,,,,,,,,,,,,,,,,,,,,,,,,,,,,,,,,,,,,,,,,,,,,,,,,,,,,,,,,,,,,,,,,,,,,,,,,,,,,,,,,,,,,,,,,,,,,,,,,,,,,,,,,,,,
,,,,,,,Electrical,Lighting,LED Lamps,,S11429,S11429 60W Led Bulb 27K,,,,,Satco Prod Inc,SATCO,SATCO,S11429,,Electrical > Lighting > LED Lamps,"SATCO LED Lamp, S11429, Wattage 60 W",LED LAMP 60W,"SATCO LED Lamp, S11429","SATCO LED Lamp, Model S11429, Wattage 60 W","SATCO LED Lamp, S11429",,Wattage: 60 W,,,,,,,,,,,,,,,,,,,,,,,LED Lamp,,LED Lamp,Wattage,60,W,,,,,,,,,,,,,,,,,,,,,,,,,,,,,,,,,,,,,,,,,,,,,,,,,,,,,,,,,,,,,,,,,,,,,,,,,,,,,,,,,,,,,,,,,,,,,,,,,,,,,,,,,,,,,,,,,,,,,,,,,,,,,,,,,,,,,,,,,,,,,,,,,,,,,,,39101629,,,,,,,,,,,,,,,,,,,,,,,,,,,,,,,,,,,,,,,,,,,
,,,,,,,Electrical,Lighting,LED Lamps,,S21354,S21354 8W Led T9 Med 27k,,,,,Satco Prod Inc,SATCO,SATCO,S21354,,Electrical > Lighting > LED Lamps,"SATCO LED Lamp, S21354, Wattage 8 W",LED LAMP 8W,"SATCO LED Lamp, S21354","SATCO LED Lamp, Model S21354, Wattage 8 W","SATCO LED Lamp, S21354",,Wattage: 8 W,,,,,,,,,,,,,,,,,,,,,,,LED Lamp,,LED Lamp,Wattage,8,W,,,,,,,,,,,,,,,,,,,,,,,,,,,,,,,,,,,,,,,,,,,,,,,,,,,,,,,,,,,,,,,,,,,,,,,,,,,,,,,,,,,,,,,,,,,,,,,,,,,,,,,,,,,,,,,,,,,,,,,,,,,,,,,,,,,,,,,,,,,,,,,,,,,,,,,39101629,,,,,,,,,,,,,,,,,,,,,,,,,,,,,,,,,,,,,,,,,,,
,,,,,,,Electrical,Lighting,LED Lamps,,S21363,S21363 8W Led Edison ST19 27K,,,,,Satco Prod Inc,SATCO,SATCO,S21363,,Electrical > Lighting > LED Lamps,"SATCO LED Lamp, S21363, Wattage 8 W",LED LAMP 8W,"SATCO LED Lamp, S21363","SATCO LED Lamp, Model S21363, Wattage 8 W","SATCO LED Lamp, S21363",,Wattage: 8 W,,,,,,,,,,,,,,,,,,,,,,,LED Lamp,,LED Lamp,Wattage,8,W,,,,,,,,,,,,,,,,,,,,,,,,,,,,,,,,,,,,,,,,,,,,,,,,,,,,,,,,,,,,,,,,,,,,,,,,,,,,,,,,,,,,,,,,,,,,,,,,,,,,,,,,,,,,,,,,,,,,,,,,,,,,,,,,,,,,,,,,,,,,,,,,,,,,,,,39101629,,,,,,,,,,,,,,,,,,,,,,,,,,,,,,,,,,,,,,,,,,,
,,,,,,,Electrical,Lighting,LED Lamps,,S11445,S11445 12W Led Med 30k Motion,,,,,Satco Prod Inc,SATCO,SATCO,S11445,,Electrical > Lighting > LED Lamps,"SATCO LED Lamp, S11445, Wattage 12 W",LED LAMP 12W,"SATCO LED Lamp, S11445","SATCO LED Lamp, Model S11445, Wattage 12 W","SATCO LED Lamp, S11445",,Wattage: 12 W,,,,,,,,,,,,,,,,,,,,,,,LED Lamp,,LED Lamp,Wattage,12,W,,,,,,,,,,,,,,,,,,,,,,,,,,,,,,,,,,,,,,,,,,,,,,,,,,,,,,,,,,,,,,,,,,,,,,,,,,,,,,,,,,,,,,,,,,,,,,,,,,,,,,,,,,,,,,,,,,,,,,,,,,,,,,,,,,,,,,,,,,,,,,,,,,,,,,,39101629,,,,,,,,,,,,,,,,,,,,,,,,,,,,,,,,,,,,,,,,,,,
,,,,,,,Electrical,Lighting,LED Lamps,,567313,567313 50W Led MR16 30K 3pk,,,,,Phillips Lighting,Philips,Philips,567313,,Electrical > Lighting > LED Lamps,"Philips LED Lamp, 567313, Wattage 50 W",LED LAMP 50W,"Philips LED Lamp, 567313","Philips LED Lamp, Model 567313, Wattage 50 W","Philips LED Lamp, 567313",,Wattage: 50 W,,,,,,,,,,,,,,,,,,,,,,,LED Lamp,,LED Lamp,Wattage,50,W,,,,,,,,,,,,,,,,,,,,,,,,,,,,,,,,,,,,,,,,,,,,,,,,,,,,,,,,,,,,,,,,,,,,,,,,,,,,,,,,,,,,,,,,,,,,,,,,,,,,,,,,,,,,,,,,,,,,,,,,,,,,,,,,,,,,,,,,,,,,,,,,,,,,,,,39101629,,,,,,,,,,,,,,,,,,,,,,,,,,,,,,,,,,,,,,,,,,,
,,,,,,,Electrical,Lighting,LED Lamps,,586875,586875 60W Led Multi CCT 4pk,,,,,Phillips Lighting,Philips,Philips,586875,,Electrical > Lighting > LED Lamps,"Philips LED Lamp, 586875, Wattage 60 W",LED LAMP 60W,"Philips LED Lamp, 586875","Philips LED Lamp, Model 586875, Wattage 60 W","Philips LED Lamp, 586875",,Wattage: 60 W,,,,,,,,,,,,,,,,,,,,,,,LED Lamp,,LED Lamp,Wattage,60,W,,,,,,,,,,,,,,,,,,,,,,,,,,,,,,,,,,,,,,,,,,,,,,,,,,,,,,,,,,,,,,,,,,,,,,,,,,,,,,,,,,,,,,,,,,,,,,,,,,,,,,,,,,,,,,,,,,,,,,,,,,,,,,,,,,,,,,,,,,,,,,,,,,,,,,,39101629,,,,,,,,,,,,,,,,,,,,,,,,,,,,,,,,,,,,,,,,,,,
,,,,,,,Electrical,Lighting,LED Lamps,,576355,576355 60/100/150 Led Med 50k,,,,,Phillips Lighting,Philips,Philips,576355,,Electrical > Lighting > LED Lamps,"Philips LED Lamp, 576355",LED LAMP,"Philips LED Lamp, 576355","Philips LED Lamp, Model 576355","Philips LED Lamp, 576355",,,,,,,,,,,,,,,,,,,,,,,,,LED Lamp,,LED Lamp,,,,,,,,,,,,,,,,,,,,,,,,,,,,,,,,,,,,,,,,,,,,,,,,,,,,,,,,,,,,,,,,,,,,,,,,,,,,,,,,,,,,,,,,,,,,,,,,,,,,,,,,,,,,,,,,,,,,,,,,,,,,,,,,,,,,,,,,,,,,,,,,,,,,,,,,,,39101629,,,,,,,,,,,,,,,,,,,,,,,,,,,,,,,,,,,,,,,,,,,
,,,,,,,Electrical,Lighting,LED Lamps,,576363,576363 100/150/200 Led Med 27k,,,,,Phillips Lighting,Philips,Philips,576363,,Electrical > Lighting > LED Lamps,"Philips LED Lamp, 576363",LED LAMP,"Philips LED Lamp, 576363","Philips LED Lamp, Model 576363","Philips LED Lamp, 576363",,,,,,,,,,,,,,,,,,,,,,,,,LED Lamp,,LED Lamp,,,,,,,,,,,,,,,,,,,,,,,,,,,,,,,,,,,,,,,,,,,,,,,,,,,,,,,,,,,,,,,,,,,,,,,,,,,,,,,,,,,,,,,,,,,,,,,,,,,,,,,,,,,,,,,,,,,,,,,,,,,,,,,,,,,,,,,,,,,,,,,,,,,,,,,,,,39101629,,,,,,,,,,,,,,,,,,,,,,,,,,,,,,,,,,,,,,,,,,,
,,,,,,,Electrical,Lighting,LED Lamps,,565374,565374 75W Led A19 Med 27k 4pk,,,,,Phillips Lighting,Philips,Philips,565374,,Electrical > Lighting > LED Lamps,"Philips LED Lamp, 565374, Wattage 75 W",LED LAMP 75W,"Philips LED Lamp, 565374","Philips LED Lamp, Model 565374, Wattage 75 W","Philips LED Lamp, 565374",,Wattage: 75 W,,,,,,,,,,,,,,,,,,,,,,,LED Lamp,,LED Lamp,Wattage,75,W,,,,,,,,,,,,,,,,,,,,,,,,,,,,,,,,,,,,,,,,,,,,,,,,,,,,,,,,,,,,,,,,,,,,,,,,,,,,,,,,,,,,,,,,,,,,,,,,,,,,,,,,,,,,,,,,,,,,,,,,,,,,,,,,,,,,,,,,,,,,,,,,,,,,,,,39101629,,,,,,,,,,,,,,,,,,,,,,,,,,,,,,,,,,,,,,,,,,,
,,,,,,,Electrical,Lighting,LED Lamps,,565390,565390 75W Led A19 Med 50k 4pk,,,,,Phillips Lighting,Philips,Philips,565390,,Electrical > Lighting > LED Lamps,"Philips LED Lamp, 565390, Wattage 75 W",LED LAMP 75W,"Philips LED Lamp, 565390","Philips LED Lamp, Model 565390, Wattage 75 W","Philips LED Lamp, 565390",,Wattage: 75 W,,,,,,,,,,,,,,,,,,,,,,,LED Lamp,,LED Lamp,Wattage,75,W,,,,,,,,,,,,,,,,,,,,,,,,,,,,,,,,,,,,,,,,,,,,,,,,,,,,,,,,,,,,,,,,,,,,,,,,,,,,,,,,,,,,,,,,,,,,,,,,,,,,,,,,,,,,,,,,,,,,,,,,,,,,,,,,,,,,,,,,,,,,,,,,,,,,,,,39101629,,,,,,,,,,,,,,,,,,,,,,,,,,,,,,,,,,,,,,,,,,,
,,,,,,,Electrical,Lighting,LED Lamps,,576371,576371 100/150/200 Led Med 50k,,,,,Phillips Lighting,Philips,Philips,576371,,Electrical > Lighting > LED Lamps,"Philips LED Lamp, 576371",LED LAMP,"Philips LED Lamp, 576371","Philips LED Lamp, Model 576371","Philips LED Lamp, 576371",,,,,,,,,,,,,,,,,,,,,,,,,LED Lamp,,LED Lamp,,,,,,,,,,,,,,,,,,,,,,,,,,,,,,,,,,,,,,,,,,,,,,,,,,,,,,,,,,,,,,,,,,,,,,,,,,,,,,,,,,,,,,,,,,,,,,,,,,,,,,,,,,,,,,,,,,,,,,,,,,,,,,,,,,,,,,,,,,,,,,,,,,,,,,,,,,39101629,,,,,,,,,,,,,,,,,,,,,,,,,,,,,,,,,,,,,,,,,,,
,,,,,,,Electrical,Lighting,LED Lamps,,576496,576496 45W Led R20 Med 27k,,,,,Phillips Lighting,Philips,Philips,576496,,Electrical > Lighting > LED Lamps,"Philips LED Lamp, 576496, Wattage 45 W",LED LAMP 45W,"Philips LED Lamp, 576496","Philips LED Lamp, Model 576496, Wattage 45 W","Philips LED Lamp, 576496",,Wattage: 45 W,,,,,,,,,,,,,,,,,,,,,,,LED Lamp,,LED Lamp,Wattage,45,W,,,,,,,,,,,,,,,,,,,,,,,,,,,,,,,,,,,,,,,,,,,,,,,,,,,,,,,,,,,,,,,,,,,,,,,,,,,,,,,,,,,,,,,,,,,,,,,,,,,,,,,,,,,,,,,,,,,,,,,,,,,,,,,,,,,,,,,,,,,,,,,,,,,,,,,39101629,,,,,,,,,,,,,,,,,,,,,,,,,,,,,,,,,,,,,,,,,,,
,,,,,,,Electrical,Lighting,LED Lamps,,564856,564856 40W Led ST19 27k 2pk,,,,,Phillips Lighting,Philips,Philips,564856,,Electrical > Lighting > LED Lamps,"Philips LED Lamp, 564856, Wattage 40 W",LED LAMP 40W,"Philips LED Lamp, 564856","Philips LED Lamp, Model 564856, Wattage 40 W","Philips LED Lamp, 564856",,Wattage: 40 W,,,,,,,,,,,,,,,,,,,,,,,LED Lamp,,LED Lamp,Wattage,40,W,,,,,,,,,,,,,,,,,,,,,,,,,,,,,,,,,,,,,,,,,,,,,,,,,,,,,,,,,,,,,,,,,,,,,,,,,,,,,,,,,,,,,,,,,,,,,,,,,,,,,,,,,,,,,,,,,,,,,,,,,,,,,,,,,,,,,,,,,,,,,,,,,,,,,,,39101629,,,,,,,,,,,,,,,,,,,,,,,,,,,,,,,,,,,,,,,,,,,
,,,,,,,Electrical,Lighting,LED Lamps,,565796,565796 60W Led A19 Med 20k,,,,,Phillips Lighting,Philips,Philips,565796,,Electrical > Lighting > LED Lamps,"Philips LED Lamp, 565796, Wattage 60 W",LED LAMP 60W,"Philips LED Lamp, 565796","Philips LED Lamp, Model 565796, Wattage 60 W","Philips LED Lamp, 565796",,Wattage: 60 W,,,,,,,,,,,,,,,,,,,,,,,LED Lamp,,LED Lamp,Wattage,60,W,,,,,,,,,,,,,,,,,,,,,,,,,,,,,,,,,,,,,,,,,,,,,,,,,,,,,,,,,,,,,,,,,,,,,,,,,,,,,,,,,,,,,,,,,,,,,,,,,,,,,,,,,,,,,,,,,,,,,,,,,,,,,,,,,,,,,,,,,,,,,,,,,,,,,,,39101629,,,,,,,,,,,,,,,,,,,,,,,,,,,,,,,,,,,,,,,,,,,
,,,,,,,Electrical,Lighting,LED Lamps,,576389,576389 100/200/300 Led Med 27k,,,,,Phillips Lighting,Philips,Philips,576389,,Electrical > Lighting > LED Lamps,"Philips LED Lamp, 576389",LED LAMP,"Philips LED Lamp, 576389","Philips LED Lamp, Model 576389","Philips LED Lamp, 576389",,,,,,,,,,,,,,,,,,,,,,,,,LED Lamp,,LED Lamp,,,,,,,,,,,,,,,,,,,,,,,,,,,,,,,,,,,,,,,,,,,,,,,,,,,,,,,,,,,,,,,,,,,,,,,,,,,,,,,,,,,,,,,,,,,,,,,,,,,,,,,,,,,,,,,,,,,,,,,,,,,,,,,,,,,,,,,,,,,,,,,,,,,,,,,,,,39101629,,,,,,,,,,,,,,,,,,,,,,,,,,,,,,,,,,,,,,,,,,,
,,,,,,,General Supplies,General,General,,564492,564492 75W Adj Base 27k 3pk,,,,,Phillips Lighting,Philips,Philips,564492,,General Supplies > General > General,"Philips 75W Adj Base, 564492, Wattage 75 W",75W ADJ BASE 75W,"Philips 75W Adj Base, 564492","Philips 75W Adj Base, Model 564492, Wattage 75 W","Philips 75W Adj Base, 564492",,Wattage: 75 W,,,,,,,,,,,,,,,,,,,,,,,75W Adj Base,,75W Adj Base,Wattage,75,W,,,,,,,,,,,,,,,,,,,,,,,,,,,,,,,,,,,,,,,,,,,,,,,,,,,,,,,,,,,,,,,,,,,,,,,,,,,,,,,,,,,,,,,,,,,,,,,,,,,,,,,,,,,,,,,,,,,,,,,,,,,,,,,,,,,,,,,,,,,,,,,,,,,,,,,,,,,,,,,,,,,,,,,,,,,,,,,,,,,,,,,,,,,,,,,,,,
,,,,,,,Electrical,Lighting,LED Lamps,,603449,603449 Wiz 60W Led Med Clr Ch,,,,,Phillips Lighting,Philips,Philips,603449,,Electrical > Lighting > LED Lamps,"Philips LED Lamp, 603449, Wattage 60 W",LED LAMP 60W,"Philips LED Lamp, 603449","Philips LED Lamp, Model 603449, Wattage 60 W","Philips LED Lamp, 603449",,Wattage: 60 W,,,,,,,,,,,,,,,,,,,,,,,LED Lamp,,LED Lamp,Wattage,60,W,,,,,,,,,,,,,,,,,,,,,,,,,,,,,,,,,,,,,,,,,,,,,,,,,,,,,,,,,,,,,,,,,,,,,,,,,,,,,,,,,,,,,,,,,,,,,,,,,,,,,,,,,,,,,,,,,,,,,,,,,,,,,,,,,,,,,,,,,,,,,,,,,,,,,,,39101629,,,,,,,,,,,,,,,,,,,,,,,,,,,,,,,,,,,,,,,,,,,
,,,,,,,Electrical,Lighting,LED Lamps,,586909,586909 Led 60W Med A19 27K,,,,,Phillips Lighting,Philips,Philips,586909,,Electrical > Lighting > LED Lamps,"Philips LED Lamp, 586909, Wattage 60 W",LED LAMP 60W,"Philips LED Lamp, 586909","Philips LED Lamp, Model 586909, Wattage 60 W","Philips LED Lamp, 586909",,Wattage: 60 W,,,,,,,,,,,,,,,,,,,,,,,LED Lamp,,LED Lamp,Wattage,60,W,,,,,,,,,,,,,,,,,,,,,,,,,,,,,,,,,,,,,,,,,,,,,,,,,,,,,,,,,,,,,,,,,,,,,,,,,,,,,,,,,,,,,,,,,,,,,,,,,,,,,,,,,,,,,,,,,,,,,,,,,,,,,,,,,,,,,,,,,,,,,,,,,,,,,,,39101629,,,,,,,,,,,,,,,,,,,,,,,,,,,,,,,,,,,,,,,,,,,
,,,,,,,Electrical,Lighting,LED Lamps,,566364,566364 75W Led ST19 27k 4pk,,,,,Phillips Lighting,Philips,Philips,566364,,Electrical > Lighting > LED Lamps,"Philips LED Lamp, 566364, Wattage 75 W",LED LAMP 75W,"Philips LED Lamp, 566364","Philips LED Lamp, Model 566364, Wattage 75 W","Philips LED Lamp, 566364",,Wattage: 75 W,,,,,,,,,,,,,,,,,,,,,,,LED Lamp,,LED Lamp,Wattage,75,W,,,,,,,,,,,,,,,,,,,,,,,,,,,,,,,,,,,,,,,,,,,,,,,,,,,,,,,,,,,,,,,,,,,,,,,,,,,,,,,,,,,,,,,,,,,,,,,,,,,,,,,,,,,,,,,,,,,,,,,,,,,,,,,,,,,,,,,,,,,,,,,,,,,,,,,39101629,,,,,,,,,,,,,,,,,,,,,,,,,,,,,,,,,,,,,,,,,,,
,,,,,,,Electrical,Lighting,LED Lamps,,576397,576394 100/200/300 Led A23 50k,,,,,Phillips Lighting,Philips,Philips,576397,,Electrical > Lighting > LED Lamps,"Philips LED Lamp, 576397",LED LAMP,"Philips LED Lamp, 576397","Philips LED Lamp, Model 576397","Philips LED Lamp, 576397",,,,,,,,,,,,,,,,,,,,,,,,,LED Lamp,,LED Lamp,,,,,,,,,,,,,,,,,,,,,,,,,,,,,,,,,,,,,,,,,,,,,,,,,,,,,,,,,,,,,,,,,,,,,,,,,,,,,,,,,,,,,,,,,,,,,,,,,,,,,,,,,,,,,,,,,,,,,,,,,,,,,,,,,,,,,,,,,,,,,,,,,,,,,,,,,,39101629,,,,,,,,,,,,,,,,,,,,,,,,,,,,,,,,,,,,,,,,,,,
,,,,,,,Electrical,Lighting,LED Lamps,,571497,571497 150W Led Med 27k,,,,,Phillips Lighting,Philips,Philips,571497,,Electrical > Lighting > LED Lamps,"Philips LED Lamp, 571497, Wattage 150 W",LED LAMP 150W,"Philips LED Lamp, 571497","Philips LED Lamp, Model 571497, Wattage 150 W","Philips LED Lamp, 571497",,Wattage: 150 W,,,,,,,,,,,,,,,,,,,,,,,LED Lamp,,LED Lamp,Wattage,150,W,,,,,,,,,,,,,,,,,,,,,,,,,,,,,,,,,,,,,,,,,,,,,,,,,,,,,,,,,,,,,,,,,,,,,,,,,,,,,,,,,,,,,,,,,,,,,,,,,,,,,,,,,,,,,,,,,,,,,,,,,,,,,,,,,,,,,,,,,,,,,,,,,,,,,,,39101629,,,,,,,,,,,,,,,,,,,,,,,,,,,,,,,,,,,,,,,,,,,
,,,,,,,Electrical,Lighting,LED Lamps,,576306,576306 40W Led A19 5CCT 4pk,,,,,Phillips Lighting,Philips,Philips,576306,,Electrical > Lighting > LED Lamps,"Philips LED Lamp, 576306, Wattage 40 W",LED LAMP 40W,"Philips LED Lamp, 576306","Philips LED Lamp, Model 576306, Wattage 40 W","Philips LED Lamp, 576306",,Wattage: 40 W,,,,,,,,,,,,,,,,,,,,,,,LED Lamp,,LED Lamp,Wattage,40,W,,,,,,,,,,,,,,,,,,,,,,,,,,,,,,,,,,,,,,,,,,,,,,,,,,,,,,,,,,,,,,,,,,,,,,,,,,,,,,,,,,,,,,,,,,,,,,,,,,,,,,,,,,,,,,,,,,,,,,,,,,,,,,,,,,,,,,,,,,,,,,,,,,,,,,,39101629,,,,,,,,,,,,,,,,,,,,,,,,,,,,,,,,,,,,,,,,,,,
,,,,,,,Electrical,Lighting,LED Lamps,,588533,588533 40W Led Cand 3pk,,,,,Phillips Lighting,Philips,Philips,588533,,Electrical > Lighting > LED Lamps,"Philips LED Lamp, 588533, Wattage 40 W",LED LAMP 40W,"Philips LED Lamp, 588533","Philips LED Lamp, Model 588533, Wattage 40 W","Philips LED Lamp, 588533",,Wattage: 40 W,,,,,,,,,,,,,,,,,,,,,,,LED Lamp,,LED Lamp,Wattage,40,W,,,,,,,,,,,,,,,,,,,,,,,,,,,,,,,,,,,,,,,,,,,,,,,,,,,,,,,,,,,,,,,,,,,,,,,,,,,,,,,,,,,,,,,,,,,,,,,,,,,,,,,,,,,,,,,,,,,,,,,,,,,,,,,,,,,,,,,,,,,,,,,,,,,,,,,39101629,,,,,,,,,,,,,,,,,,,,,,,,,,,,,,,,,,,,,,,,,,,
,,,,,,,Electrical,Lighting,LED Lamps,,576520,576520 65W Led Med 27k,,,,,Phillips Lighting,Philips,Philips,576520,,Electrical > Lighting > LED Lamps,"Philips LED Lamp, 576520, Wattage 65 W",LED LAMP 65W,"Philips LED Lamp, 576520","Philips LED Lamp, Model 576520, Wattage 65 W","Philips LED Lamp, 576520",,Wattage: 65 W,,,,,,,,,,,,,,,,,,,,,,,LED Lamp,,LED Lamp,Wattage,65,W,,,,,,,,,,,,,,,,,,,,,,,,,,,,,,,,,,,,,,,,,,,,,,,,,,,,,,,,,,,,,,,,,,,,,,,,,,,,,,,,,,,,,,,,,,,,,,,,,,,,,,,,,,,,,,,,,,,,,,,,,,,,,,,,,,,,,,,,,,,,,,,,,,,,,,,39101629,,,,,,,,,,,,,,,,,,,,,,,,,,,,,,,,,,,,,,,,,,,
,,,,,,,Electrical,Lighting,LED Lamps,,574004,574004 75W Led ST19 27k 2pk,,,,,Phillips Lighting,Philips,Philips,574004,,Electrical > Lighting > LED Lamps,"Philips LED Lamp, 574004, Wattage 75 W",LED LAMP 75W,"Philips LED Lamp, 574004","Philips LED Lamp, Model 574004, Wattage 75 W","Philips LED Lamp, 574004",,Wattage: 75 W,,,,,,,,,,,,,,,,,,,,,,,LED Lamp,,LED Lamp,Wattage,75,W,,,,,,,,,,,,,,,,,,,,,,,,,,,,,,,,,,,,,,,,,,,,,,,,,,,,,,,,,,,,,,,,,,,,,,,,,,,,,,,,,,,,,,,,,,,,,,,,,,,,,,,,,,,,,,,,,,,,,,,,,,,,,,,,,,,,,,,,,,,,,,,,,,,,,,,39101629,,,,,,,,,,,,,,,,,,,,,,,,,,,,,,,,,,,,,,,,,,,
,,,,,,,Electrical,Lighting,LED Lamps,,574012,574012 75W Led ST19 50k 2pk,,,,,Phillips Lighting,Philips,Philips,574012,,Electrical > Lighting > LED Lamps,"Philips LED Lamp, 574012, Wattage 75 W",LED LAMP 75W,"Philips LED Lamp, 574012","Philips LED Lamp, Model 574012, Wattage 75 W","Philips LED Lamp, 574012",,Wattage: 75 W,,,,,,,,,,,,,,,,,,,,,,,LED Lamp,,LED Lamp,Wattage,75,W,,,,,,,,,,,,,,,,,,,,,,,,,,,,,,,,,,,,,,,,,,,,,,,,,,,,,,,,,,,,,,,,,,,,,,,,,,,,,,,,,,,,,,,,,,,,,,,,,,,,,,,,,,,,,,,,,,,,,,,,,,,,,,,,,,,,,,,,,,,,,,,,,,,,,,,39101629,,,,,,,,,,,,,,,,,,,,,,,,,,,,,,,,,,,,,,,,,,,
,,,,,,,Electrical,Lighting,LED Lamps,,573971,573971 75W Led ST19 20k 4pk,,,,,Phillips Lighting,Philips,Philips,573971,,Electrical > Lighting > LED Lamps,"Philips LED Lamp, 573971, Wattage 75 W",LED LAMP 75W,"Philips LED Lamp, 573971","Philips LED Lamp, Model 573971, Wattage 75 W","Philips LED Lamp, 573971",,Wattage: 75 W,,,,,,,,,,,,,,,,,,,,,,,LED Lamp,,LED Lamp,Wattage,75,W,,,,,,,,,,,,,,,,,,,,,,,,,,,,,,,,,,,,,,,,,,,,,,,,,,,,,,,,,,,,,,,,,,,,,,,,,,,,,,,,,,,,,,,,,,,,,,,,,,,,,,,,,,,,,,,,,,,,,,,,,,,,,,,,,,,,,,,,,,,,,,,,,,,,,,,39101629,,,,,,,,,,,,,,,,,,,,,,,,,,,,,,,,,,,,,,,,,,,
,,,,,,,Electrical,Lighting,LED Lamps,,573989,573989 40W Led Med 27K 4pk,,,,,Phillips Lighting,Philips,Philips,573989,,Electrical > Lighting > LED Lamps,"Philips LED Lamp, 573989, Wattage 40 W",LED LAMP 40W,"Philips LED Lamp, 573989","Philips LED Lamp, Model 573989, Wattage 40 W","Philips LED Lamp, 573989",,Wattage: 40 W,,,,,,,,,,,,,,,,,,,,,,,LED Lamp,,LED Lamp,Wattage,40,W,,,,,,,,,,,,,,,,,,,,,,,,,,,,,,,,,,,,,,,,,,,,,,,,,,,,,,,,,,,,,,,,,,,,,,,,,,,,,,,,,,,,,,,,,,,,,,,,,,,,,,,,,,,,,,,,,,,,,,,,,,,,,,,,,,,,,,,,,,,,,,,,,,,,,,,39101629,,,,,,,,,,,,,,,,,,,,,,,,,,,,,,,,,,,,,,,,,,,
,,,,,,,Electrical,Lighting,LED Lamps,,576769,576769 65W Led BR30 Med 27k,,,,,Phillips Lighting,Philips,Philips,576769,,Electrical > Lighting > LED Lamps,"Philips LED Lamp, 576769, Wattage 65 W",LED LAMP 65W,"Philips LED Lamp, 576769","Philips LED Lamp, Model 576769, Wattage 65 W","Philips LED Lamp, 576769",,Wattage: 65 W,,,,,,,,,,,,,,,,,,,,,,,LED Lamp,,LED Lamp,Wattage,65,W,,,,,,,,,,,,,,,,,,,,,,,,,,,,,,,,,,,,,,,,,,,,,,,,,,,,,,,,,,,,,,,,,,,,,,,,,,,,,,,,,,,,,,,,,,,,,,,,,,,,,,,,,,,,,,,,,,,,,,,,,,,,,,,,,,,,,,,,,,,,,,,,,,,,,,,39101629,,,,,,,,,,,,,,,,,,,,,,,,,,,,,,,,,,,,,,,,,,,
,,,,,,,Electrical,Lighting,LED Lamps,,567446,567446 60W Led Med 50K 3pk,,,,,Phillips Lighting,Philips,Philips,567446,,Electrical > Lighting > LED Lamps,"Philips LED Lamp, 567446, Wattage 60 W",LED LAMP 60W,"Philips LED Lamp, 567446","Philips LED Lamp, Model 567446, Wattage 60 W","Philips LED Lamp, 567446",,Wattage: 60 W,,,,,,,,,,,,,,,,,,,,,,,LED Lamp,,LED Lamp,Wattage,60,W,,,,,,,,,,,,,,,,,,,,,,,,,,,,,,,,,,,,,,,,,,,,,,,,,,,,,,,,,,,,,,,,,,,,,,,,,,,,,,,,,,,,,,,,,,,,,,,,,,,,,,,,,,,,,,,,,,,,,,,,,,,,,,,,,,,,,,,,,,,,,,,,,,,,,,,39101629,,,,,,,,,,,,,,,,,,,,,,,,,,,,,,,,,,,,,,,,,,,
,,,,,,,Electrical,Lighting,LED Lamps,,573997,573997 40W Led Med 50k 4pk,,,,,Phillips Lighting,Philips,Philips,573997,,Electrical > Lighting > LED Lamps,"Philips LED Lamp, 573997, Wattage 40 W",LED LAMP 40W,"Philips LED Lamp, 573997","Philips LED Lamp, Model 573997, Wattage 40 W","Philips LED Lamp, 573997",,Wattage: 40 W,,,,,,,,,,,,,,,,,,,,,,,LED Lamp,,LED Lamp,Wattage,40,W,,,,,,,,,,,,,,,,,,,,,,,,,,,,,,,,,,,,,,,,,,,,,,,,,,,,,,,,,,,,,,,,,,,,,,,,,,,,,,,,,,,,,,,,,,,,,,,,,,,,,,,,,,,,,,,,,,,,,,,,,,,,,,,,,,,,,,,,,,,,,,,,,,,,,,,39101629,,,,,,,,,,,,,,,,,,,,,,,,,,,,,,,,,,,,,,,,,,,
,,,,,,,Electrical,Lighting,LED Lamps,,571463,571463 100W Led BR30 Med 50k,,,,,Phillips Lighting,Philips,Philips,571463,,Electrical > Lighting > LED Lamps,"Philips LED Lamp, 571463, Wattage 100 W",LED LAMP 100W,"Philips LED Lamp, 571463","Philips LED Lamp, Model 571463, Wattage 100 W","Philips LED Lamp, 571463",,Wattage: 100 W,,,,,,,,,,,,,,,,,,,,,,,LED Lamp,,LED Lamp,Wattage,100,W,,,,,,,,,,,,,,,,,,,,,,,,,,,,,,,,,,,,,,,,,,,,,,,,,,,,,,,,,,,,,,,,,,,,,,,,,,,,,,,,,,,,,,,,,,,,,,,,,,,,,,,,,,,,,,,,,,,,,,,,,,,,,,,,,,,,,,,,,,,,,,,,,,,,,,,39101629,,,,,,,,,,,,,,,,,,,,,,,,,,,,,,,,,,,,,,,,,,,
,,,,,,,Electrical,Lighting,LED Lamps,,576512,576512 65W Led BR40 Med 27k,,,,,Phillips Lighting,Philips,Philips,576512,,Electrical > Lighting > LED Lamps,"Philips LED Lamp, 576512, Wattage 65 W",LED LAMP 65W,"Philips LED Lamp, 576512","Philips LED Lamp, Model 576512, Wattage 65 W","Philips LED Lamp, 576512",,Wattage: 65 W,,,,,,,,,,,,,,,,,,,,,,,LED Lamp,,LED Lamp,Wattage,65,W,,,,,,,,,,,,,,,,,,,,,,,,,,,,,,,,,,,,,,,,,,,,,,,,,,,,,,,,,,,,,,,,,,,,,,,,,,,,,,,,,,,,,,,,,,,,,,,,,,,,,,,,,,,,,,,,,,,,,,,,,,,,,,,,,,,,,,,,,,,,,,,,,,,,,,,39101629,,,,,,,,,,,,,,,,,,,,,,,,,,,,,,,,,,,,,,,,,,,
,,,,,,,Electrical,Lighting,LED Lamps,,581181,581181 40W Led Med 2pk,,,,,Phillips Lighting,Philips,Philips,581181,,Electrical > Lighting > LED Lamps,"Philips LED Lamp, 581181, Wattage 40 W",LED LAMP 40W,"Philips LED Lamp, 581181","Philips LED Lamp, Model 581181, Wattage 40 W","Philips LED Lamp, 581181",,Wattage: 40 W,,,,,,,,,,,,,,,,,,,,,,,LED Lamp,,LED Lamp,Wattage,40,W,,,,,,,,,,,,,,,,,,,,,,,,,,,,,,,,,,,,,,,,,,,,,,,,,,,,,,,,,,,,,,,,,,,,,,,,,,,,,,,,,,,,,,,,,,,,,,,,,,,,,,,,,,,,,,,,,,,,,,,,,,,,,,,,,,,,,,,,,,,,,,,,,,,,,,,39101629,,,,,,,,,,,,,,,,,,,,,,,,,,,,,,,,,,,,,,,,,,,
,,,,,,,Electrical,Lighting,LED Lamps,,GT-CB-100C,GTCB100C Led 100W Cob Bulb,,,,,Keystone,,,GT-CB-100C,,Electrical > Lighting > LED Lamps,"LED Lamp, GT-CB-100C, Wattage 100 W",LED LAMP 100W,"LED Lamp, GT-CB-100C","LED Lamp, Model GT-CB-100C, Wattage 100 W","LED Lamp, GT-CB-100C",,Wattage: 100 W,,,,,,,,,,,,,,,,,,,,,,,LED Lamp,,LED Lamp,Wattage,100,W,,,,,,,,,,,,,,,,,,,,,,,,,,,,,,,,,,,,,,,,,,,,,,,,,,,,,,,,,,,,,,,,,,,,,,,,,,,,,,,,,,,,,,,,,,,,,,,,,,,,,,,,,,,,,,,,,,,,,,,,,,,,,,,,,,,,,,,,,,,,,,,,,,,,,,,39101629,,,,,,,,,,,,,,,,,,,,,,,,,,,,,,,,,,,,,,,,,,,
,,,,,,,Electrical,Lighting,LED Lamps,,566430,566430 75W Led Med 50k 4pk,,,,,Phillips Lighting,Philips,Philips,566430,,Electrical > Lighting > LED Lamps,"Philips LED Lamp, 566430, Wattage 75 W",LED LAMP 75W,"Philips LED Lamp, 566430","Philips LED Lamp, Model 566430, Wattage 75 W","Philips LED Lamp, 566430",,Wattage: 75 W,,,,,,,,,,,,,,,,,,,,,,,LED Lamp,,LED Lamp,Wattage,75,W,,,,,,,,,,,,,,,,,,,,,,,,,,,,,,,,,,,,,,,,,,,,,,,,,,,,,,,,,,,,,,,,,,,,,,,,,,,,,,,,,,,,,,,,,,,,,,,,,,,,,,,,,,,,,,,,,,,,,,,,,,,,,,,,,,,,,,,,,,,,,,,,,,,,,,,39101629,,,,,,,,,,,,,,,,,,,,,,,,,,,,,,,,,,,,,,,,,,,
,,,,,,,Electrical,Lighting,LED Lamps,,568337,568337 120W Led Par38 Med 50k,,,,,Phillips Lighting,Philips,Philips,568337,,Electrical > Lighting > LED Lamps,"Philips LED Lamp, 568337, Wattage 120 W",LED LAMP 120W,"Philips LED Lamp, 568337","Philips LED Lamp, Model 568337, Wattage 120 W","Philips LED Lamp, 568337",,Wattage: 120 W,,,,,,,,,,,,,,,,,,,,,,,LED Lamp,,LED Lamp,Wattage,120,W,,,,,,,,,,,,,,,,,,,,,,,,,,,,,,,,,,,,,,,,,,,,,,,,,,,,,,,,,,,,,,,,,,,,,,,,,,,,,,,,,,,,,,,,,,,,,,,,,,,,,,,,,,,,,,,,,,,,,,,,,,,,,,,,,,,,,,,,,,,,,,,,,,,,,,,39101629,,,,,,,,,,,,,,,,,,,,,,,,,,,,,,,,,,,,,,,,,,,
,,,,,,,Electrical,Lighting,LED Lamps,,565788,565788 40W Led A19 Med 27k,,,,,Phillips Lighting,Philips,Philips,565788,,Electrical > Lighting > LED Lamps,"Philips LED Lamp, 565788, Wattage 40 W",LED LAMP 40W,"Philips LED Lamp, 565788","Philips LED Lamp, Model 565788, Wattage 40 W","Philips LED Lamp, 565788",,Wattage: 40 W,,,,,,,,,,,,,,,,,,,,,,,LED Lamp,,LED Lamp,Wattage,40,W,,,,,,,,,,,,,,,,,,,,,,,,,,,,,,,,,,,,,,,,,,,,,,,,,,,,,,,,,,,,,,,,,,,,,,,,,,,,,,,,,,,,,,,,,,,,,,,,,,,,,,,,,,,,,,,,,,,,,,,,,,,,,,,,,,,,,,,,,,,,,,,,,,,,,,,39101629,,,,,,,,,,,,,,,,,,,,,,,,,,,,,,,,,,,,,,,,,,,
,,,,,,,Electrical,Lighting,LED Lamps,,565770,565770 40W Led A19 Med 50k,,,,,Phillips Lighting,Philips,Philips,565770,,Electrical > Lighting > LED Lamps,"Philips LED Lamp, 565770, Wattage 40 W",LED LAMP 40W,"Philips LED Lamp, 565770","Philips LED Lamp, Model 565770, Wattage 40 W","Philips LED Lamp, 565770",,Wattage: 40 W,,,,,,,,,,,,,,,,,,,,,,,LED Lamp,,LED Lamp,Wattage,40,W,,,,,,,,,,,,,,,,,,,,,,,,,,,,,,,,,,,,,,,,,,,,,,,,,,,,,,,,,,,,,,,,,,,,,,,,,,,,,,,,,,,,,,,,,,,,,,,,,,,,,,,,,,,,,,,,,,,,,,,,,,,,,,,,,,,,,,,,,,,,,,,,,,,,,,,39101629,,,,,,,,,,,,,,,,,,,,,,,,,,,,,,,,,,,,,,,,,,,
,,,,,,,Electrical,Lighting,LED Lamps,,573436,573436 60W Led A19 Med 27k 2pk,,,,,Phillips Lighting,Philips,Philips,573436,,Electrical > Lighting > LED Lamps,"Philips LED Lamp, 573436, Wattage 60 W",LED LAMP 60W,"Philips LED Lamp, 573436","Philips LED Lamp, Model 573436, Wattage 60 W","Philips LED Lamp, 573436",,Wattage: 60 W,,,,,,,,,,,,,,,,,,,,,,,LED Lamp,,LED Lamp,Wattage,60,W,,,,,,,,,,,,,,,,,,,,,,,,,,,,,,,,,,,,,,,,,,,,,,,,,,,,,,,,,,,,,,,,,,,,,,,,,,,,,,,,,,,,,,,,,,,,,,,,,,,,,,,,,,,,,,,,,,,,,,,,,,,,,,,,,,,,,,,,,,,,,,,,,,,,,,,39101629,,,,,,,,,,,,,,,,,,,,,,,,,,,,,,,,,,,,,,,,,,,
,,,,,,,Electrical,Lighting,LED Lamps,,576538,576538 65W Led BR30 Med 50k,,,,,Phillips Lighting,Philips,Philips,576538,,Electrical > Lighting > LED Lamps,"Philips LED Lamp, 576538, Wattage 65 W",LED LAMP 65W,"Philips LED Lamp, 576538","Philips LED Lamp, Model 576538, Wattage 65 W","Philips LED Lamp, 576538",,Wattage: 65 W,,,,,,,,,,,,,,,,,,,,,,,LED Lamp,,LED Lamp,Wattage,65,W,,,,,,,,,,,,,,,,,,,,,,,,,,,,,,,,,,,,,,,,,,,,,,,,,,,,,,,,,,,,,,,,,,,,,,,,,,,,,,,,,,,,,,,,,,,,,,,,,,,,,,,,,,,,,,,,,,,,,,,,,,,,,,,,,,,,,,,,,,,,,,,,,,,,,,,39101629,,,,,,,,,,,,,,,,,,,,,,,,,,,,,,,,,,,,,,,,,,,
,,,,,,,Electrical,Lighting,LED Lamps,,573451,573451 40W Led Med 27k 2pk,,,,,Phillips Lighting,Philips,Philips,573451,,Electrical > Lighting > LED Lamps,"Philips LED Lamp, 573451, Wattage 40 W",LED LAMP 40W,"Philips LED Lamp, 573451","Philips LED Lamp, Model 573451, Wattage 40 W","Philips LED Lamp, 573451",,Wattage: 40 W,,,,,,,,,,,,,,,,,,,,,,,LED Lamp,,LED Lamp,Wattage,40,W,,,,,,,,,,,,,,,,,,,,,,,,,,,,,,,,,,,,,,,,,,,,,,,,,,,,,,,,,,,,,,,,,,,,,,,,,,,,,,,,,,,,,,,,,,,,,,,,,,,,,,,,,,,,,,,,,,,,,,,,,,,,,,,,,,,,,,,,,,,,,,,,,,,,,,,39101629,,,,,,,,,,,,,,,,,,,,,,,,,,,,,,,,,,,,,,,,,,,
,,,,,,,Electrical,Lighting,LED Lamps,,586883,586883 100W Led Multi CCT 2pk,,,,,Phillips Lighting,Philips,Philips,586883,,Electrical > Lighting > LED Lamps,"Philips LED Lamp, 586883, Wattage 100 W",LED LAMP 100W,"Philips LED Lamp, 586883","Philips LED Lamp, Model 586883, Wattage 100 W","Philips LED Lamp, 586883",,Wattage: 100 W,,,,,,,,,,,,,,,,,,,,,,,LED Lamp,,LED Lamp,Wattage,100,W,,,,,,,,,,,,,,,,,,,,,,,,,,,,,,,,,,,,,,,,,,,,,,,,,,,,,,,,,,,,,,,,,,,,,,,,,,,,,,,,,,,,,,,,,,,,,,,,,,,,,,,,,,,,,,,,,,,,,,,,,,,,,,,,,,,,,,,,,,,,,,,,,,,,,,,39101629,,,,,,,,,,,,,,,,,,,,,,,,,,,,,,,,,,,,,,,,,,,
,,,,,,,Electrical,Lighting,LED Lamps,,586859,586859 40W Led Med 27K Back Up,,,,,Phillips Lighting,Philips,Philips,586859,,Electrical > Lighting > LED Lamps,"Philips LED Lamp, 586859, Wattage 40 W",LED LAMP 40W,"Philips LED Lamp, 586859","Philips LED Lamp, Model 586859, Wattage 40 W","Philips LED Lamp, 586859",,Wattage: 40 W,,,,,,,,,,,,,,,,,,,,,,,LED Lamp,,LED Lamp,Wattage,40,W,,,,,,,,,,,,,,,,,,,,,,,,,,,,,,,,,,,,,,,,,,,,,,,,,,,,,,,,,,,,,,,,,,,,,,,,,,,,,,,,,,,,,,,,,,,,,,,,,,,,,,,,,,,,,,,,,,,,,,,,,,,,,,,,,,,,,,,,,,,,,,,,,,,,,,,39101629,,,,,,,,,,,,,,,,,,,,,,,,,,,,,,,,,,,,,,,,,,,
,,,,,,,Electrical,Lighting,LED Lamps,,576488,576488 45W Led R20 Med 50k,,,,,Phillips Lighting,Philips,Philips,576488,,Electrical > Lighting > LED Lamps,"Philips LED Lamp, 576488, Wattage 45 W",LED LAMP 45W,"Philips LED Lamp, 576488","Philips LED Lamp, Model 576488, Wattage 45 W","Philips LED Lamp, 576488",,Wattage: 45 W,,,,,,,,,,,,,,,,,,,,,,,LED Lamp,,LED Lamp,Wattage,45,W,,,,,,,,,,,,,,,,,,,,,,,,,,,,,,,,,,,,,,,,,,,,,,,,,,,,,,,,,,,,,,,,,,,,,,,,,,,,,,,,,,,,,,,,,,,,,,,,,,,,,,,,,,,,,,,,,,,,,,,,,,,,,,,,,,,,,,,,,,,,,,,,,,,,,,,39101629,,,,,,,,,,,,,,,,,,,,,,,,,,,,,,,,,,,,,,,,,,,
,,,,,,,Electrical,Lighting,LED Lamps,,575217,575217 60W Led Med 50k 2pk,,,,,Phillips Lighting,Philips,Philips,575217,,Electrical > Lighting > LED Lamps,"Philips LED Lamp, 575217, Wattage 60 W",LED LAMP 60W,"Philips LED Lamp, 575217","Philips LED Lamp, Model 575217, Wattage 60 W","Philips LED Lamp, 575217",,Wattage: 60 W,,,,,,,,,,,,,,,,,,,,,,,LED Lamp,,LED Lamp,Wattage,60,W,,,,,,,,,,,,,,,,,,,,,,,,,,,,,,,,,,,,,,,,,,,,,,,,,,,,,,,,,,,,,,,,,,,,,,,,,,,,,,,,,,,,,,,,,,,,,,,,,,,,,,,,,,,,,,,,,,,,,,,,,,,,,,,,,,,,,,,,,,,,,,,,,,,,,,,39101629,,,,,,,,,,,,,,,,,,,,,,,,,,,,,,,,,,,,,,,,,,,
,,,,,,,Electrical,Lighting,LED Lamps,,586479,586479 90W Led Med Multi CCT,,,,,Phillips Lighting,Philips,Philips,586479,,Electrical > Lighting > LED Lamps,"Philips LED Lamp, 586479, Wattage 90 W",LED LAMP 90W,"Philips LED Lamp, 586479","Philips LED Lamp, Model 586479, Wattage 90 W","Philips LED Lamp, 586479",,Wattage: 90 W,,,,,,,,,,,,,,,,,,,,,,,LED Lamp,,LED Lamp,Wattage,90,W,,,,,,,,,,,,,,,,,,,,,,,,,,,,,,,,,,,,,,,,,,,,,,,,,,,,,,,,,,,,,,,,,,,,,,,,,,,,,,,,,,,,,,,,,,,,,,,,,,,,,,,,,,,,,,,,,,,,,,,,,,,,,,,,,,,,,,,,,,,,,,,,,,,,,,,39101629,,,,,,,,,,,,,,,,,,,,,,,,,,,,,,,,,,,,,,,,,,,
,,,,,,,Electrical,Lighting,LED Lamps,,571471,571471 100W Led BR30 Med 27k,,,,,Phillips Lighting,Philips,Philips,571471,,Electrical > Lighting > LED Lamps,"Philips LED Lamp, 571471, Wattage 100 W",LED LAMP 100W,"Philips LED Lamp, 571471","Philips LED Lamp, Model 571471, Wattage 100 W","Philips LED Lamp, 571471",,Wattage: 100 W,,,,,,,,,,,,,,,,,,,,,,,LED Lamp,,LED Lamp,Wattage,100,W,,,,,,,,,,,,,,,,,,,,,,,,,,,,,,,,,,,,,,,,,,,,,,,,,,,,,,,,,,,,,,,,,,,,,,,,,,,,,,,,,,,,,,,,,,,,,,,,,,,,,,,,,,,,,,,,,,,,,,,,,,,,,,,,,,,,,,,,,,,,,,,,,,,,,,,39101629,,,,,,,,,,,,,,,,,,,,,,,,,,,,,,,,,,,,,,,,,,,
,,,,,,,Electrical,Lighting,LED Lamps,,570762,570762 50W Led Par16 30k 3pk,,,,,Phillips Lighting,Philips,Philips,570762,,Electrical > Lighting > LED Lamps,"Philips LED Lamp, 570762, Wattage 50 W",LED LAMP 50W,"Philips LED Lamp, 570762","Philips LED Lamp, Model 570762, Wattage 50 W","Philips LED Lamp, 570762",,Wattage: 50 W,,,,,,,,,,,,,,,,,,,,,,,LED Lamp,,LED Lamp,Wattage,50,W,,,,,,,,,,,,,,,,,,,,,,,,,,,,,,,,,,,,,,,,,,,,,,,,,,,,,,,,,,,,,,,,,,,,,,,,,,,,,,,,,,,,,,,,,,,,,,,,,,,,,,,,,,,,,,,,,,,,,,,,,,,,,,,,,,,,,,,,,,,,,,,,,,,,,,,39101629,,,,,,,,,,,,,,,,,,,,,,,,,,,,,,,,,,,,,,,,,,,
,,,,,,,Electrical,Lighting,LED Lamps,,533352,571505 150W Led Med 50k,,,,,Phillips Lighting,Philips,Philips,533352,,Electrical > Lighting > LED Lamps,"Philips LED Lamp, 533352, Wattage 150 W",LED LAMP 150W,"Philips LED Lamp, 533352","Philips LED Lamp, Model 533352, Wattage 150 W","Philips LED Lamp, 533352",,Wattage: 150 W,,,,,,,,,,,,,,,,,,,,,,,LED Lamp,,LED Lamp,Wattage,150,W,,,,,,,,,,,,,,,,,,,,,,,,,,,,,,,,,,,,,,,,,,,,,,,,,,,,,,,,,,,,,,,,,,,,,,,,,,,,,,,,,,,,,,,,,,,,,,,,,,,,,,,,,,,,,,,,,,,,,,,,,,,,,,,,,,,,,,,,,,,,,,,,,,,,,,,39101629,,,,,,,,,,,,,,,,,,,,,,,,,,,,,,,,,,,,,,,,,,,
,,,,,,,Electrical,Lighting,LED Lamps,,573519,573519 100W Led A21 27k 2pk,,,,,Phillips Lighting,Philips,Philips,573519,,Electrical > Lighting > LED Lamps,"Philips LED Lamp, 573519, Wattage 100 W",LED LAMP 100W,"Philips LED Lamp, 573519","Philips LED Lamp, Model 573519, Wattage 100 W","Philips LED Lamp, 573519",,Wattage: 100 W,,,,,,,,,,,,,,,,,,,,,,,LED Lamp,,LED Lamp,Wattage,100,W,,,,,,,,,,,,,,,,,,,,,,,,,,,,,,,,,,,,,,,,,,,,,,,,,,,,,,,,,,,,,,,,,,,,,,,,,,,,,,,,,,,,,,,,,,,,,,,,,,,,,,,,,,,,,,,,,,,,,,,,,,,,,,,,,,,,,,,,,,,,,,,,,,,,,,,39101629,,,,,,,,,,,,,,,,,,,,,,,,,,,,,,,,,,,,,,,,,,,
,,,,,,,Electrical,Lighting,LED Lamps,,573378,573378 60W Led Med 27k 3pk,,,,,Phillips Lighting,Philips,Philips,573378,,Electrical > Lighting > LED Lamps,"Philips LED Lamp, 573378, Wattage 60 W",LED LAMP 60W,"Philips LED Lamp, 573378","Philips LED Lamp, Model 573378, Wattage 60 W","Philips LED Lamp, 573378",,Wattage: 60 W,,,,,,,,,,,,,,,,,,,,,,,LED Lamp,,LED Lamp,Wattage,60,W,,,,,,,,,,,,,,,,,,,,,,,,,,,,,,,,,,,,,,,,,,,,,,,,,,,,,,,,,,,,,,,,,,,,,,,,,,,,,,,,,,,,,,,,,,,,,,,,,,,,,,,,,,,,,,,,,,,,,,,,,,,,,,,,,,,,,,,,,,,,,,,,,,,,,,,39101629,,,,,,,,,,,,,,,,,,,,,,,,,,,,,,,,,,,,,,,,,,,
,,,,,,,Electrical,Lighting,LED Lamps,,565622,565622 60W Led Med 20k,,,,,Phillips Lighting,Philips,Philips,565622,,Electrical > Lighting > LED Lamps,"Philips LED Lamp, 565622, Wattage 60 W",LED LAMP 60W,"Philips LED Lamp, 565622","Philips LED Lamp, Model 565622, Wattage 60 W","Philips LED Lamp, 565622",,Wattage: 60 W,,,,,,,,,,,,,,,,,,,,,,,LED Lamp,,LED Lamp,Wattage,60,W,,,,,,,,,,,,,,,,,,,,,,,,,,,,,,,,,,,,,,,,,,,,,,,,,,,,,,,,,,,,,,,,,,,,,,,,,,,,,,,,,,,,,,,,,,,,,,,,,,,,,,,,,,,,,,,,,,,,,,,,,,,,,,,,,,,,,,,,,,,,,,,,,,,,,,,39101629,,,,,,,,,,,,,,,,,,,,,,,,,,,,,,,,,,,,,,,,,,,
,,,,,,,Electrical,Lighting,LED Lamps,,586891,586891 Led 60W Med A19 27k,,,,,Phillips Lighting,Philips,Philips,586891,,Electrical > Lighting > LED Lamps,"Philips LED Lamp, 586891, Wattage 60 W",LED LAMP 60W,"Philips LED Lamp, 586891","Philips LED Lamp, Model 586891, Wattage 60 W","Philips LED Lamp, 586891",,Wattage: 60 W,,,,,,,,,,,,,,,,,,,,,,,LED Lamp,,LED Lamp,Wattage,60,W,,,,,,,,,,,,,,,,,,,,,,,,,,,,,,,,,,,,,,,,,,,,,,,,,,,,,,,,,,,,,,,,,,,,,,,,,,,,,,,,,,,,,,,,,,,,,,,,,,,,,,,,,,,,,,,,,,,,,,,,,,,,,,,,,,,,,,,,,,,,,,,,,,,,,,,39101629,,,,,,,,,,,,,,,,,,,,,,,,,,,,,,,,,,,,,,,,,,,
,,,,,,,Electrical,Lighting,LED Lamps,,585448,585448 120W Led Motion Bulb,,,,,Phillips Lighting,Philips,Philips,585448,,Electrical > Lighting > LED Lamps,"Philips LED Lamp, 585448, Wattage 120 W",LED LAMP 120W,"Philips LED Lamp, 585448","Philips LED Lamp, Model 585448, Wattage 120 W","Philips LED Lamp, 585448",,Wattage: 120 W,,,,,,,,,,,,,,,,,,,,,,,LED Lamp,,LED Lamp,Wattage,120,W,,,,,,,,,,,,,,,,,,,,,,,,,,,,,,,,,,,,,,,,,,,,,,,,,,,,,,,,,,,,,,,,,,,,,,,,,,,,,,,,,,,,,,,,,,,,,,,,,,,,,,,,,,,,,,,,,,,,,,,,,,,,,,,,,,,,,,,,,,,,,,,,,,,,,,,39101629,,,,,,,,,,,,,,,,,,,,,,,,,,,,,,,,,,,,,,,,,,,
,,,,,,,Electrical,Lighting,LED Lamps,,573444,573444 60W Led A19 Med 50k 2pk,,,,,Phillips Lighting,Philips,Philips,573444,,Electrical > Lighting > LED Lamps,"Philips LED Lamp, 573444, Wattage 60 W",LED LAMP 60W,"Philips LED Lamp, 573444","Philips LED Lamp, Model 573444, Wattage 60 W","Philips LED Lamp, 573444",,Wattage: 60 W,,,,,,,,,,,,,,,,,,,,,,,LED Lamp,,LED Lamp,Wattage,60,W,,,,,,,,,,,,,,,,,,,,,,,,,,,,,,,,,,,,,,,,,,,,,,,,,,,,,,,,,,,,,,,,,,,,,,,,,,,,,,,,,,,,,,,,,,,,,,,,,,,,,,,,,,,,,,,,,,,,,,,,,,,,,,,,,,,,,,,,,,,,,,,,,,,,,,,39101629,,,,,,,,,,,,,,,,,,,,,,,,,,,,,,,,,,,,,,,,,,,
,,,,,,,Electrical,Lighting,LED Lamps,,566687,566687 60W Cand Led 27k 3pk,,,,,Phillips Lighting,Philips,Philips,566687,,Electrical > Lighting > LED Lamps,"Philips LED Lamp, 566687, Wattage 60 W",LED LAMP 60W,"Philips LED Lamp, 566687","Philips LED Lamp, Model 566687, Wattage 60 W","Philips LED Lamp, 566687",,Wattage: 60 W,,,,,,,,,,,,,,,,,,,,,,,LED Lamp,,LED Lamp,Wattage,60,W,,,,,,,,,,,,,,,,,,,,,,,,,,,,,,,,,,,,,,,,,,,,,,,,,,,,,,,,,,,,,,,,,,,,,,,,,,,,,,,,,,,,,,,,,,,,,,,,,,,,,,,,,,,,,,,,,,,,,,,,,,,,,,,,,,,,,,,,,,,,,,,,,,,,,,,39101629,,,,,,,,,,,,,,,,,,,,,,,,,,,,,,,,,,,,,,,,,,,
,,,,,,,Electrical,Lighting,LED Lamps,,564385,564385 40w Led Med 27k 2pk,,,,,Phillips Lighting,Philips,Philips,564385,,Electrical > Lighting > LED Lamps,"Philips LED Lamp, 564385, Wattage 40 W",LED LAMP 40W,"Philips LED Lamp, 564385","Philips LED Lamp, Model 564385, Wattage 40 W","Philips LED Lamp, 564385",,Wattage: 40 W,,,,,,,,,,,,,,,,,,,,,,,LED Lamp,,LED Lamp,Wattage,40,W,,,,,,,,,,,,,,,,,,,,,,,,,,,,,,,,,,,,,,,,,,,,,,,,,,,,,,,,,,,,,,,,,,,,,,,,,,,,,,,,,,,,,,,,,,,,,,,,,,,,,,,,,,,,,,,,,,,,,,,,,,,,,,,,,,,,,,,,,,,,,,,,,,,,,,,39101629,,,,,,,,,,,,,,,,,,,,,,,,,,,,,,,,,,,,,,,,,,,
,,,,,,,Electrical,Lighting,LED Lamps,,566661,566661 40W LED Cand 27k 3pk,,,,,Phillips Lighting,Philips,Philips,566661,,Electrical > Lighting > LED Lamps,"Philips LED Lamp, 566661, Wattage 40 W",LED LAMP 40W,"Philips LED Lamp, 566661","Philips LED Lamp, Model 566661, Wattage 40 W","Philips LED Lamp, 566661",,Wattage: 40 W,,,,,,,,,,,,,,,,,,,,,,,LED Lamp,,LED Lamp,Wattage,40,W,,,,,,,,,,,,,,,,,,,,,,,,,,,,,,,,,,,,,,,,,,,,,,,,,,,,,,,,,,,,,,,,,,,,,,,,,,,,,,,,,,,,,,,,,,,,,,,,,,,,,,,,,,,,,,,,,,,,,,,,,,,,,,,,,,,,,,,,,,,,,,,,,,,,,,,39101629,,,,,,,,,,,,,,,,,,,,,,,,,,,,,,,,,,,,,,,,,,,
,,,,,,,Electrical,Lighting,LED Lamps,,564898,564898 60W Cand Led 50k 3pk,,,,,Phillips Lighting,Philips,Philips,564898,,Electrical > Lighting > LED Lamps,"Philips LED Lamp, 564898, Wattage 60 W",LED LAMP 60W,"Philips LED Lamp, 564898","Philips LED Lamp, Model 564898, Wattage 60 W","Philips LED Lamp, 564898",,Wattage: 60 W,,,,,,,,,,,,,,,,,,,,,,,LED Lamp,,LED Lamp,Wattage,60,W,,,,,,,,,,,,,,,,,,,,,,,,,,,,,,,,,,,,,,,,,,,,,,,,,,,,,,,,,,,,,,,,,,,,,,,,,,,,,,,,,,,,,,,,,,,,,,,,,,,,,,,,,,,,,,,,,,,,,,,,,,,,,,,,,,,,,,,,,,,,,,,,,,,,,,,39101629,,,,,,,,,,,,,,,,,,,,,,,,,,,,,,,,,,,,,,,,,,,
,,,,,,,Electrical,Lighting,LED Lamps,,538319,588525 40W Led Cand 3pk,,,,,Phillips Lighting,Philips,Philips,538319,,Electrical > Lighting > LED Lamps,"Philips LED Lamp, 538319, Wattage 40 W",LED LAMP 40W,"Philips LED Lamp, 538319","Philips LED Lamp, Model 538319, Wattage 40 W","Philips LED Lamp, 538319",,Wattage: 40 W,,,,,,,,,,,,,,,,,,,,,,,LED Lamp,,LED Lamp,Wattage,40,W,,,,,,,,,,,,,,,,,,,,,,,,,,,,,,,,,,,,,,,,,,,,,,,,,,,,,,,,,,,,,,,,,,,,,,,,,,,,,,,,,,,,,,,,,,,,,,,,,,,,,,,,,,,,,,,,,,,,,,,,,,,,,,,,,,,,,,,,,,,,,,,,,,,,,,,39101629,,,,,,,,,,,,,,,,,,,,,,,,,,,,,,,,,,,,,,,,,,,
,,,,,,,Electrical,Lighting,LED Lamps,,576009,576009 100W Led Par30L Med 50k,,,,,Phillips Lighting,Philips,Philips,576009,,Electrical > Lighting > LED Lamps,"Philips LED Lamp, 576009, Wattage 100 W",LED LAMP 100W,"Philips LED Lamp, 576009","Philips LED Lamp, Model 576009, Wattage 100 W","Philips LED Lamp, 576009",,Wattage: 100 W,,,,,,,,,,,,,,,,,,,,,,,LED Lamp,,LED Lamp,Wattage,100,W,,,,,,,,,,,,,,,,,,,,,,,,,,,,,,,,,,,,,,,,,,,,,,,,,,,,,,,,,,,,,,,,,,,,,,,,,,,,,,,,,,,,,,,,,,,,,,,,,,,,,,,,,,,,,,,,,,,,,,,,,,,,,,,,,,,,,,,,,,,,,,,,,,,,,,,39101629,,,,,,,,,,,,,,,,,,,,,,,,,,,,,,,,,,,,,,,,,,,
,,,,,,,Electrical,Lighting,LED Lamps,,564450,564450 40W Led Cand 27k 2pk,,,,,Phillips Lighting,Philips,Philips,564450,,Electrical > Lighting > LED Lamps,"Philips LED Lamp, 564450, Wattage 40 W",LED LAMP 40W,"Philips LED Lamp, 564450","Philips LED Lamp, Model 564450, Wattage 40 W","Philips LED Lamp, 564450",,Wattage: 40 W,,,,,,,,,,,,,,,,,,,,,,,LED Lamp,,LED Lamp,Wattage,40,W,,,,,,,,,,,,,,,,,,,,,,,,,,,,,,,,,,,,,,,,,,,,,,,,,,,,,,,,,,,,,,,,,,,,,,,,,,,,,,,,,,,,,,,,,,,,,,,,,,,,,,,,,,,,,,,,,,,,,,,,,,,,,,,,,,,,,,,,,,,,,,,,,,,,,,,39101629,,,,,,,,,,,,,,,,,,,,,,,,,,,,,,,,,,,,,,,,,,,
,,,,,,,Electrical,Lighting,LED Lamps,,572669,572669 60W Led F15 Med 27k,,,,,Phillips Lighting,Philips,Philips,572669,,Electrical > Lighting > LED Lamps,"Philips LED Lamp, 572669, Wattage 60 W",LED LAMP 60W,"Philips LED Lamp, 572669","Philips LED Lamp, Model 572669, Wattage 60 W","Philips LED Lamp, 572669",,Wattage: 60 W,,,,,,,,,,,,,,,,,,,,,,,LED Lamp,,LED Lamp,Wattage,60,W,,,,,,,,,,,,,,,,,,,,,,,,,,,,,,,,,,,,,,,,,,,,,,,,,,,,,,,,,,,,,,,,,,,,,,,,,,,,,,,,,,,,,,,,,,,,,,,,,,,,,,,,,,,,,,,,,,,,,,,,,,,,,,,,,,,,,,,,,,,,,,,,,,,,,,,39101629,,,,,,,,,,,,,,,,,,,,,,,,,,,,,,,,,,,,,,,,,,,
,,,,,,,Electrical,Lighting,LED Lamps,,564906,564906 60W Led Med 27k 2pk,,,,,Phillips Lighting,Philips,Philips,564906,,Electrical > Lighting > LED Lamps,"Philips LED Lamp, 564906, Wattage 60 W",LED LAMP 60W,"Philips LED Lamp, 564906","Philips LED Lamp, Model 564906, Wattage 60 W","Philips LED Lamp, 564906",,Wattage: 60 W,,,,,,,,,,,,,,,,,,,,,,,LED Lamp,,LED Lamp,Wattage,60,W,,,,,,,,,,,,,,,,,,,,,,,,,,,,,,,,,,,,,,,,,,,,,,,,,,,,,,,,,,,,,,,,,,,,,,,,,,,,,,,,,,,,,,,,,,,,,,,,,,,,,,,,,,,,,,,,,,,,,,,,,,,,,,,,,,,,,,,,,,,,,,,,,,,,,,,39101629,,,,,,,,,,,,,,,,,,,,,,,,,,,,,,,,,,,,,,,,,,,
,,,,,,,Electrical,Lighting,LED Lamps,,573410,573410 40W Led A19 Med 27k 2pk,,,,,Phillips Lighting,Philips,Philips,573410,,Electrical > Lighting > LED Lamps,"Philips LED Lamp, 573410, Wattage 40 W",LED LAMP 40W,"Philips LED Lamp, 573410","Philips LED Lamp, Model 573410, Wattage 40 W","Philips LED Lamp, 573410",,Wattage: 40 W,,,,,,,,,,,,,,,,,,,,,,,LED Lamp,,LED Lamp,Wattage,40,W,,,,,,,,,,,,,,,,,,,,,,,,,,,,,,,,,,,,,,,,,,,,,,,,,,,,,,,,,,,,,,,,,,,,,,,,,,,,,,,,,,,,,,,,,,,,,,,,,,,,,,,,,,,,,,,,,,,,,,,,,,,,,,,,,,,,,,,,,,,,,,,,,,,,,,,39101629,,,,,,,,,,,,,,,,,,,,,,,,,,,,,,,,,,,,,,,,,,,
,,,,,,,Electrical,Lighting,LED Lamps,,576504,576504 65W Led BR40 Med 50k,,,,,Phillips Lighting,Philips,Philips,576504,,Electrical > Lighting > LED Lamps,"Philips LED Lamp, 576504, Wattage 65 W",LED LAMP 65W,"Philips LED Lamp, 576504","Philips LED Lamp, Model 576504, Wattage 65 W","Philips LED Lamp, 576504",,Wattage: 65 W,,,,,,,,,,,,,,,,,,,,,,,LED Lamp,,LED Lamp,Wattage,65,W,,,,,,,,,,,,,,,,,,,,,,,,,,,,,,,,,,,,,,,,,,,,,,,,,,,,,,,,,,,,,,,,,,,,,,,,,,,,,,,,,,,,,,,,,,,,,,,,,,,,,,,,,,,,,,,,,,,,,,,,,,,,,,,,,,,,,,,,,,,,,,,,,,,,,,,39101629,,,,,,,,,,,,,,,,,,,,,,,,,,,,,,,,,,,,,,,,,,,
,,,,,,,Electrical,Lighting,LED Lamps,,576017,576017 100W Led Par30L Med 30k,,,,,Phillips Lighting,Philips,Philips,576017,,Electrical > Lighting > LED Lamps,"Philips LED Lamp, 576017, Wattage 100 W",LED LAMP 100W,"Philips LED Lamp, 576017","Philips LED Lamp, Model 576017, Wattage 100 W","Philips LED Lamp, 576017",,Wattage: 100 W,,,,,,,,,,,,,,,,,,,,,,,LED Lamp,,LED Lamp,Wattage,100,W,,,,,,,,,,,,,,,,,,,,,,,,,,,,,,,,,,,,,,,,,,,,,,,,,,,,,,,,,,,,,,,,,,,,,,,,,,,,,,,,,,,,,,,,,,,,,,,,,,,,,,,,,,,,,,,,,,,,,,,,,,,,,,,,,,,,,,,,,,,,,,,,,,,,,,,39101629,,,,,,,,,,,,,,,,,,,,,,,,,,,,,,,,,,,,,,,,,,,
,,,,,,,Electrical,Lighting,LED Lamps,,574392,574392 40W Led B11 Med 27k 3pk,,,,,Phillips Lighting,Philips,Philips,574392,,Electrical > Lighting > LED Lamps,"Philips LED Lamp, 574392, Wattage 40 W",LED LAMP 40W,"Philips LED Lamp, 574392","Philips LED Lamp, Model 574392, Wattage 40 W","Philips LED Lamp, 574392",,Wattage: 40 W,,,,,,,,,,,,,,,,,,,,,,,LED Lamp,,LED Lamp,Wattage,40,W,,,,,,,,,,,,,,,,,,,,,,,,,,,,,,,,,,,,,,,,,,,,,,,,,,,,,,,,,,,,,,,,,,,,,,,,,,,,,,,,,,,,,,,,,,,,,,,,,,,,,,,,,,,,,,,,,,,,,,,,,,,,,,,,,,,,,,,,,,,,,,,,,,,,,,,39101629,,,,,,,,,,,,,,,,,,,,,,,,,,,,,,,,,,,,,,,,,,,
,,,,,,,Electrical,Lighting,LED Lamps,,576751,576751 65W Led BR30 Med 3pk,,,,,Phillips Lighting,Philips,Philips,576751,,Electrical > Lighting > LED Lamps,"Philips LED Lamp, 576751, Wattage 65 W",LED LAMP 65W,"Philips LED Lamp, 576751","Philips LED Lamp, Model 576751, Wattage 65 W","Philips LED Lamp, 576751",,Wattage: 65 W,,,,,,,,,,,,,,,,,,,,,,,LED Lamp,,LED Lamp,Wattage,65,W,,,,,,,,,,,,,,,,,,,,,,,,,,,,,,,,,,,,,,,,,,,,,,,,,,,,,,,,,,,,,,,,,,,,,,,,,,,,,,,,,,,,,,,,,,,,,,,,,,,,,,,,,,,,,,,,,,,,,,,,,,,,,,,,,,,,,,,,,,,,,,,,,,,,,,,39101629,,,,,,,,,,,,,,,,,,,,,,,,,,,,,,,,,,,,,,,,,,,
,,,,,,,Electrical,Lighting,LED Lamps,,583161,583161 Led 65W Med BR30 3pk,,,,,Phillips Lighting,Philips,Philips,583161,,Electrical > Lighting > LED Lamps,"Philips LED Lamp, 583161, Wattage 65 W",LED LAMP 65W,"Philips LED Lamp, 583161","Philips LED Lamp, Model 583161, Wattage 65 W","Philips LED Lamp, 583161",,Wattage: 65 W,,,,,,,,,,,,,,,,,,,,,,,LED Lamp,,LED Lamp,Wattage,65,W,,,,,,,,,,,,,,,,,,,,,,,,,,,,,,,,,,,,,,,,,,,,,,,,,,,,,,,,,,,,,,,,,,,,,,,,,,,,,,,,,,,,,,,,,,,,,,,,,,,,,,,,,,,,,,,,,,,,,,,,,,,,,,,,,,,,,,,,,,,,,,,,,,,,,,,39101629,,,,,,,,,,,,,,,,,,,,,,,,,,,,,,,,,,,,,,,,,,,
,,,,,,,Electrical,Lighting,LED Lamps,,566695,566695 60W Led Med 27k 3pk,,,,,Phillips Lighting,Philips,Philips,566695,,Electrical > Lighting > LED Lamps,"Philips LED Lamp, 566695, Wattage 60 W",LED LAMP 60W,"Philips LED Lamp, 566695","Philips LED Lamp, Model 566695, Wattage 60 W","Philips LED Lamp, 566695",,Wattage: 60 W,,,,,,,,,,,,,,,,,,,,,,,LED Lamp,,LED Lamp,Wattage,60,W,,,,,,,,,,,,,,,,,,,,,,,,,,,,,,,,,,,,,,,,,,,,,,,,,,,,,,,,,,,,,,,,,,,,,,,,,,,,,,,,,,,,,,,,,,,,,,,,,,,,,,,,,,,,,,,,,,,,,,,,,,,,,,,,,,,,,,,,,,,,,,,,,,,,,,,39101629,,,,,,,,,,,,,,,,,,,,,,,,,,,,,,,,,,,,,,,,,,,
,,,,,,,Electrical,Lighting,LED Lamps,,577007,577007 125W Led Med 30k Flood,,,,,Phillips Lighting,Philips,Philips,577007,,Electrical > Lighting > LED Lamps,"Philips LED Lamp, 577007, Wattage 125 W",LED LAMP 125W,"Philips LED Lamp, 577007","Philips LED Lamp, Model 577007, Wattage 125 W","Philips LED Lamp, 577007",,Wattage: 125 W,,,,,,,,,,,,,,,,,,,,,,,LED Lamp,,LED Lamp,Wattage,125,W,,,,,,,,,,,,,,,,,,,,,,,,,,,,,,,,,,,,,,,,,,,,,,,,,,,,,,,,,,,,,,,,,,,,,,,,,,,,,,,,,,,,,,,,,,,,,,,,,,,,,,,,,,,,,,,,,,,,,,,,,,,,,,,,,,,,,,,,,,,,,,,,,,,,,,,39101629,,,,,,,,,,,,,,,,,,,,,,,,,,,,,,,,,,,,,,,,,,,
,,,,,,,Electrical,Lighting,LED Lamps,,566653,566653 25W Led Cand 27k 3pk,,,,,Phillips Lighting,Philips,Philips,566653,,Electrical > Lighting > LED Lamps,"Philips LED Lamp, 566653, Wattage 25 W",LED LAMP 25W,"Philips LED Lamp, 566653","Philips LED Lamp, Model 566653, Wattage 25 W","Philips LED Lamp, 566653",,Wattage: 25 W,,,,,,,,,,,,,,,,,,,,,,,LED Lamp,,LED Lamp,Wattage,25,W,,,,,,,,,,,,,,,,,,,,,,,,,,,,,,,,,,,,,,,,,,,,,,,,,,,,,,,,,,,,,,,,,,,,,,,,,,,,,,,,,,,,,,,,,,,,,,,,,,,,,,,,,,,,,,,,,,,,,,,,,,,,,,,,,,,,,,,,,,,,,,,,,,,,,,,39101629,,,,,,,,,,,,,,,,,,,,,,,,,,,,,,,,,,,,,,,,,,,
,,,,,,,Electrical,Lighting,LED Lamps,,566679,566679 40W Led Med 27k 3pk,,,,,Phillips Lighting,Philips,Philips,566679,,Electrical > Lighting > LED Lamps,"Philips LED Lamp, 566679, Wattage 40 W",LED LAMP 40W,"Philips LED Lamp, 566679","Philips LED Lamp, Model 566679, Wattage 40 W","Philips LED Lamp, 566679",,Wattage: 40 W,,,,,,,,,,,,,,,,,,,,,,,LED Lamp,,LED Lamp,Wattage,40,W,,,,,,,,,,,,,,,,,,,,,,,,,,,,,,,,,,,,,,,,,,,,,,,,,,,,,,,,,,,,,,,,,,,,,,,,,,,,,,,,,,,,,,,,,,,,,,,,,,,,,,,,,,,,,,,,,,,,,,,,,,,,,,,,,,,,,,,,,,,,,,,,,,,,,,,39101629,,,,,,,,,,,,,,,,,,,,,,,,,,,,,,,,,,,,,,,,,,,
,,,,,,,Electrical,Lighting,LED Lamps,,573311,573311 60W Led Med 27k 2pk,,,,,Phillips Lighting,Philips,Philips,573311,,Electrical > Lighting > LED Lamps,"Philips LED Lamp, 573311, Wattage 60 W",LED LAMP 60W,"Philips LED Lamp, 573311","Philips LED Lamp, Model 573311, Wattage 60 W","Philips LED Lamp, 573311",,Wattage: 60 W,,,,,,,,,,,,,,,,,,,,,,,LED Lamp,,LED Lamp,Wattage,60,W,,,,,,,,,,,,,,,,,,,,,,,,,,,,,,,,,,,,,,,,,,,,,,,,,,,,,,,,,,,,,,,,,,,,,,,,,,,,,,,,,,,,,,,,,,,,,,,,,,,,,,,,,,,,,,,,,,,,,,,,,,,,,,,,,,,,,,,,,,,,,,,,,,,,,,,39101629,,,,,,,,,,,,,,,,,,,,,,,,,,,,,,,,,,,,,,,,,,,
,,,,,,,Electrical,Lighting,LED Lamps,,573394,573394 60W Led Cand 27k 2pk,,,,,Phillips Lighting,Philips,Philips,573394,,Electrical > Lighting > LED Lamps,"Philips LED Lamp, 573394, Wattage 60 W",LED LAMP 60W,"Philips LED Lamp, 573394","Philips LED Lamp, Model 573394, Wattage 60 W","Philips LED Lamp, 573394",,Wattage: 60 W,,,,,,,,,,,,,,,,,,,,,,,LED Lamp,,LED Lamp,Wattage,60,W,,,,,,,,,,,,,,,,,,,,,,,,,,,,,,,,,,,,,,,,,,,,,,,,,,,,,,,,,,,,,,,,,,,,,,,,,,,,,,,,,,,,,,,,,,,,,,,,,,,,,,,,,,,,,,,,,,,,,,,,,,,,,,,,,,,,,,,,,,,,,,,,,,,,,,,39101629,,,,,,,,,,,,,,,,,,,,,,,,,,,,,,,,,,,,,,,,,,,
,,,,,,,Electrical,Lighting,LED Lamps,,573329,573329 60W Cand Led 27k 2pk,,,,,Phillips Lighting,Philips,Philips,573329,,Electrical > Lighting > LED Lamps,"Philips LED Lamp, 573329, Wattage 60 W",LED LAMP 60W,"Philips LED Lamp, 573329","Philips LED Lamp, Model 573329, Wattage 60 W","Philips LED Lamp, 573329",,Wattage: 60 W,,,,,,,,,,,,,,,,,,,,,,,LED Lamp,,LED Lamp,Wattage,60,W,,,,,,,,,,,,,,,,,,,,,,,,,,,,,,,,,,,,,,,,,,,,,,,,,,,,,,,,,,,,,,,,,,,,,,,,,,,,,,,,,,,,,,,,,,,,,,,,,,,,,,,,,,,,,,,,,,,,,,,,,,,,,,,,,,,,,,,,,,,,,,,,,,,,,,,39101629,,,,,,,,,,,,,,,,,,,,,,,,,,,,,,,,,,,,,,,,,,,
,,,,,,,Electrical,Lighting,LED Lamps,,564930,564930 40W Cand Led 50k 3pk,,,,,Phillips Lighting,Philips,Philips,564930,,Electrical > Lighting > LED Lamps,"Philips LED Lamp, 564930, Wattage 40 W",LED LAMP 40W,"Philips LED Lamp, 564930","Philips LED Lamp, Model 564930, Wattage 40 W","Philips LED Lamp, 564930",,Wattage: 40 W,,,,,,,,,,,,,,,,,,,,,,,LED Lamp,,LED Lamp,Wattage,40,W,,,,,,,,,,,,,,,,,,,,,,,,,,,,,,,,,,,,,,,,,,,,,,,,,,,,,,,,,,,,,,,,,,,,,,,,,,,,,,,,,,,,,,,,,,,,,,,,,,,,,,,,,,,,,,,,,,,,,,,,,,,,,,,,,,,,,,,,,,,,,,,,,,,,,,,39101629,,,,,,,,,,,,,,,,,,,,,,,,,,,,,,,,,,,,,,,,,,,
,,,,,,,Electrical,Lighting,LED Lamps,,565000,565000 60W Led Med 27k 2pk,,,,,Phillips Lighting,Philips,Philips,565000,,Electrical > Lighting > LED Lamps,"Philips LED Lamp, 565000, Wattage 60 W",LED LAMP 60W,"Philips LED Lamp, 565000","Philips LED Lamp, Model 565000, Wattage 60 W","Philips LED Lamp, 565000",,Wattage: 60 W,,,,,,,,,,,,,,,,,,,,,,,LED Lamp,,LED Lamp,Wattage,60,W,,,,,,,,,,,,,,,,,,,,,,,,,,,,,,,,,,,,,,,,,,,,,,,,,,,,,,,,,,,,,,,,,,,,,,,,,,,,,,,,,,,,,,,,,,,,,,,,,,,,,,,,,,,,,,,,,,,,,,,,,,,,,,,,,,,,,,,,,,,,,,,,,,,,,,,39101629,,,,,,,,,,,,,,,,,,,,,,,,,,,,,,,,,,,,,,,,,,,
,,,,,,,Electrical,Lighting,LED Lamps,,564922,564922 60W Led BA11 50k 3pk,,,,,Phillips Lighting,Philips,Philips,564922,,Electrical > Lighting > LED Lamps,"Philips LED Lamp, 564922, Wattage 60 W",LED LAMP 60W,"Philips LED Lamp, 564922","Philips LED Lamp, Model 564922, Wattage 60 W","Philips LED Lamp, 564922",,Wattage: 60 W,,,,,,,,,,,,,,,,,,,,,,,LED Lamp,,LED Lamp,Wattage,60,W,,,,,,,,,,,,,,,,,,,,,,,,,,,,,,,,,,,,,,,,,,,,,,,,,,,,,,,,,,,,,,,,,,,,,,,,,,,,,,,,,,,,,,,,,,,,,,,,,,,,,,,,,,,,,,,,,,,,,,,,,,,,,,,,,,,,,,,,,,,,,,,,,,,,,,,39101629,,,,,,,,,,,,,,,,,,,,,,,,,,,,,,,,,,,,,,,,,,,
,,,,,,,Electrical,Lighting,LED Lamps,,573295,573295 40W Led Med 27k 2pk,,,,,Phillips Lighting,Philips,Philips,573295,,Electrical > Lighting > LED Lamps,"Philips LED Lamp, 573295, Wattage 40 W",LED LAMP 40W,"Philips LED Lamp, 573295","Philips LED Lamp, Model 573295, Wattage 40 W","Philips LED Lamp, 573295",,Wattage: 40 W,,,,,,,,,,,,,,,,,,,,,,,LED Lamp,,LED Lamp,Wattage,40,W,,,,,,,,,,,,,,,,,,,,,,,,,,,,,,,,,,,,,,,,,,,,,,,,,,,,,,,,,,,,,,,,,,,,,,,,,,,,,,,,,,,,,,,,,,,,,,,,,,,,,,,,,,,,,,,,,,,,,,,,,,,,,,,,,,,,,,,,,,,,,,,,,,,,,,,39101629,,,,,,,,,,,,,,,,,,,,,,,,,,,,,,,,,,,,,,,,,,,
,,,,,,,Electrical,Lighting,LED Lamps,,564914,564914 60W Med Led 50k 2pk,,,,,Phillips Lighting,Philips,Philips,564914,,Electrical > Lighting > LED Lamps,"Philips LED Lamp, 564914, Wattage 60 W",LED LAMP 60W,"Philips LED Lamp, 564914","Philips LED Lamp, Model 564914, Wattage 60 W","Philips LED Lamp, 564914",,Wattage: 60 W,,,,,,,,,,,,,,,,,,,,,,,LED Lamp,,LED Lamp,Wattage,60,W,,,,,,,,,,,,,,,,,,,,,,,,,,,,,,,,,,,,,,,,,,,,,,,,,,,,,,,,,,,,,,,,,,,,,,,,,,,,,,,,,,,,,,,,,,,,,,,,,,,,,,,,,,,,,,,,,,,,,,,,,,,,,,,,,,,,,,,,,,,,,,,,,,,,,,,39101629,,,,,,,,,,,,,,,,,,,,,,,,,,,,,,,,,,,,,,,,,,,
,,,,,,,Electrical,Lighting,LED Lamps,,573485,573485 60W Led A19 Med 50k 2pk,,,,,Phillips Lighting,Philips,Philips,573485,,Electrical > Lighting > LED Lamps,"Philips LED Lamp, 573485, Wattage 60 W",LED LAMP 60W,"Philips LED Lamp, 573485","Philips LED Lamp, Model 573485, Wattage 60 W","Philips LED Lamp, 573485",,Wattage: 60 W,,,,,,,,,,,,,,,,,,,,,,,LED Lamp,,LED Lamp,Wattage,60,W,,,,,,,,,,,,,,,,,,,,,,,,,,,,,,,,,,,,,,,,,,,,,,,,,,,,,,,,,,,,,,,,,,,,,,,,,,,,,,,,,,,,,,,,,,,,,,,,,,,,,,,,,,,,,,,,,,,,,,,,,,,,,,,,,,,,,,,,,,,,,,,,,,,,,,,39101629,,,,,,,,,,,,,,,,,,,,,,,,,,,,,,,,,,,,,,,,,,,
,,,,,,,Electrical,Lighting,LED Lamps,,573337,573337 40W Led G25 Med 50k 2pk,,,,,Phillips Lighting,Philips,Philips,573337,,Electrical > Lighting > LED Lamps,"Philips LED Lamp, 573337, Wattage 40 W",LED LAMP 40W,"Philips LED Lamp, 573337","Philips LED Lamp, Model 573337, Wattage 40 W","Philips LED Lamp, 573337",,Wattage: 40 W,,,,,,,,,,,,,,,,,,,,,,,LED Lamp,,LED Lamp,Wattage,40,W,,,,,,,,,,,,,,,,,,,,,,,,,,,,,,,,,,,,,,,,,,,,,,,,,,,,,,,,,,,,,,,,,,,,,,,,,,,,,,,,,,,,,,,,,,,,,,,,,,,,,,,,,,,,,,,,,,,,,,,,,,,,,,,,,,,,,,,,,,,,,,,,,,,,,,,39101629,,,,,,,,,,,,,,,,,,,,,,,,,,,,,,,,,,,,,,,,,,,
,,,,,,,Electrical,Lighting,LED Lamps,,544874,544874 32W Led T8 UBulb 40k,,,,,Phillips Lighting,Philips,Philips,544874,,Electrical > Lighting > LED Lamps,"Philips LED Lamp, 544874, Wattage 32 W",LED LAMP 32W,"Philips LED Lamp, 544874","Philips LED Lamp, Model 544874, Wattage 32 W","Philips LED Lamp, 544874",,Wattage: 32 W,,,,,,,,,,,,,,,,,,,,,,,LED Lamp,,LED Lamp,Wattage,32,W,,,,,,,,,,,,,,,,,,,,,,,,,,,,,,,,,,,,,,,,,,,,,,,,,,,,,,,,,,,,,,,,,,,,,,,,,,,,,,,,,,,,,,,,,,,,,,,,,,,,,,,,,,,,,,,,,,,,,,,,,,,,,,,,,,,,,,,,,,,,,,,,,,,,,,,39101629,,,,,,,,,,,,,,,,,,,,,,,,,,,,,,,,,,,,,,,,,,,
,,,,,,,Electrical,Lighting,LED Lamps,,570846,570846 50W Led Med 22K 2pk,,,,,Phillips Lighting,Philips,Philips,570846,,Electrical > Lighting > LED Lamps,"Philips LED Lamp, 570846, Wattage 50 W",LED LAMP 50W,"Philips LED Lamp, 570846","Philips LED Lamp, Model 570846, Wattage 50 W","Philips LED Lamp, 570846",,Wattage: 50 W,,,,,,,,,,,,,,,,,,,,,,,LED Lamp,,LED Lamp,Wattage,50,W,,,,,,,,,,,,,,,,,,,,,,,,,,,,,,,,,,,,,,,,,,,,,,,,,,,,,,,,,,,,,,,,,,,,,,,,,,,,,,,,,,,,,,,,,,,,,,,,,,,,,,,,,,,,,,,,,,,,,,,,,,,,,,,,,,,,,,,,,,,,,,,,,,,,,,,39101629,,,,,,,,,,,,,,,,,,,,,,,,,,,,,,,,,,,,,,,,,,,
,,,,,,,Electrical,Lighting,LED Lamps,,565473,565473 60W Led A19 Bulb 2pk,,,,,Phillips Lighting,Philips,Philips,565473,,Electrical > Lighting > LED Lamps,"Philips LED Lamp, 565473, Wattage 60 W",LED LAMP 60W,"Philips LED Lamp, 565473","Philips LED Lamp, Model 565473, Wattage 60 W","Philips LED Lamp, 565473",,Wattage: 60 W,,,,,,,,,,,,,,,,,,,,,,,LED Lamp,,LED Lamp,Wattage,60,W,,,,,,,,,,,,,,,,,,,,,,,,,,,,,,,,,,,,,,,,,,,,,,,,,,,,,,,,,,,,,,,,,,,,,,,,,,,,,,,,,,,,,,,,,,,,,,,,,,,,,,,,,,,,,,,,,,,,,,,,,,,,,,,,,,,,,,,,,,,,,,,,,,,,,,,39101629,,,,,,,,,,,,,,,,,,,,,,,,,,,,,,,,,,,,,,,,,,,
,,,,,,,Electrical,Lighting,LED Lamps,,573402,573402 60W Led Med 50k 2pk,,,,,Phillips Lighting,Philips,Philips,573402,,Electrical > Lighting > LED Lamps,"Philips LED Lamp, 573402, Wattage 60 W",LED LAMP 60W,"Philips LED Lamp, 573402","Philips LED Lamp, Model 573402, Wattage 60 W","Philips LED Lamp, 573402",,Wattage: 60 W,,,,,,,,,,,,,,,,,,,,,,,LED Lamp,,LED Lamp,Wattage,60,W,,,,,,,,,,,,,,,,,,,,,,,,,,,,,,,,,,,,,,,,,,,,,,,,,,,,,,,,,,,,,,,,,,,,,,,,,,,,,,,,,,,,,,,,,,,,,,,,,,,,,,,,,,,,,,,,,,,,,,,,,,,,,,,,,,,,,,,,,,,,,,,,,,,,,,,39101629,,,,,,,,,,,,,,,,,,,,,,,,,,,,,,,,,,,,,,,,,,,
,,,,,,,Electrical,Lighting,LED Lamps,,573352,573352 40W Led Med 27k 2pk,,,,,Phillips Lighting,Philips,Philips,573352,,Electrical > Lighting > LED Lamps,"Philips LED Lamp, 573352, Wattage 40 W",LED LAMP 40W,"Philips LED Lamp, 573352","Philips LED Lamp, Model 573352, Wattage 40 W","Philips LED Lamp, 573352",,Wattage: 40 W,,,,,,,,,,,,,,,,,,,,,,,LED Lamp,,LED Lamp,Wattage,40,W,,,,,,,,,,,,,,,,,,,,,,,,,,,,,,,,,,,,,,,,,,,,,,,,,,,,,,,,,,,,,,,,,,,,,,,,,,,,,,,,,,,,,,,,,,,,,,,,,,,,,,,,,,,,,,,,,,,,,,,,,,,,,,,,,,,,,,,,,,,,,,,,,,,,,,,39101629,,,,,,,,,,,,,,,,,,,,,,,,,,,,,,,,,,,,,,,,,,,
,,,,,,,Electrical,Lighting,LED Lamps,,573428,573428 40W Med Led 50k 2pk,,,,,Phillips Lighting,Philips,Philips,573428,,Electrical > Lighting > LED Lamps,"Philips LED Lamp, 573428, Wattage 40 W",LED LAMP 40W,"Philips LED Lamp, 573428","Philips LED Lamp, Model 573428, Wattage 40 W","Philips LED Lamp, 573428",,Wattage: 40 W,,,,,,,,,,,,,,,,,,,,,,,LED Lamp,,LED Lamp,Wattage,40,W,,,,,,,,,,,,,,,,,,,,,,,,,,,,,,,,,,,,,,,,,,,,,,,,,,,,,,,,,,,,,,,,,,,,,,,,,,,,,,,,,,,,,,,,,,,,,,,,,,,,,,,,,,,,,,,,,,,,,,,,,,,,,,,,,,,,,,,,,,,,,,,,,,,,,,,39101629,,,,,,,,,,,,,,,,,,,,,,,,,,,,,,,,,,,,,,,,,,,
,,,,,,,Electrical,Lighting,LED Lamps,,573386,573386 60W Led Med 27k 2pk,,,,,Phillips Lighting,Philips,Philips,573386,,Electrical > Lighting > LED Lamps,"Philips LED Lamp, 573386, Wattage 60 W",LED LAMP 60W,"Philips LED Lamp, 573386","Philips LED Lamp, Model 573386, Wattage 60 W","Philips LED Lamp, 573386",,Wattage: 60 W,,,,,,,,,,,,,,,,,,,,,,,LED Lamp,,LED Lamp,Wattage,60,W,,,,,,,,,,,,,,,,,,,,,,,,,,,,,,,,,,,,,,,,,,,,,,,,,,,,,,,,,,,,,,,,,,,,,,,,,,,,,,,,,,,,,,,,,,,,,,,,,,,,,,,,,,,,,,,,,,,,,,,,,,,,,,,,,,,,,,,,,,,,,,,,,,,,,,,39101629,,,,,,,,,,,,,,,,,,,,,,,,,,,,,,,,,,,,,,,,,,,
,,,,,,,Electrical,Lighting,LED Lamps,,564948,564948 40W Led Med 50k 3pk,,,,,Phillips Lighting,Philips,Philips,564948,,Electrical > Lighting > LED Lamps,"Philips LED Lamp, 564948, Wattage 40 W",LED LAMP 40W,"Philips LED Lamp, 564948","Philips LED Lamp, Model 564948, Wattage 40 W","Philips LED Lamp, 564948",,Wattage: 40 W,,,,,,,,,,,,,,,,,,,,,,,LED Lamp,,LED Lamp,Wattage,40,W,,,,,,,,,,,,,,,,,,,,,,,,,,,,,,,,,,,,,,,,,,,,,,,,,,,,,,,,,,,,,,,,,,,,,,,,,,,,,,,,,,,,,,,,,,,,,,,,,,,,,,,,,,,,,,,,,,,,,,,,,,,,,,,,,,,,,,,,,,,,,,,,,,,,,,,39101629,,,,,,,,,,,,,,,,,,,,,,,,,,,,,,,,,,,,,,,,,,,
,,,,,,,Electrical,Lighting,LED Lamps,,573303,573303 40W Led Cand 27k 2pk,,,,,Phillips Lighting,Philips,Philips,573303,,Electrical > Lighting > LED Lamps,"Philips LED Lamp, 573303, Wattage 40 W",LED LAMP 40W,"Philips LED Lamp, 573303","Philips LED Lamp, Model 573303, Wattage 40 W","Philips LED Lamp, 573303",,Wattage: 40 W,,,,,,,,,,,,,,,,,,,,,,,LED Lamp,,LED Lamp,Wattage,40,W,,,,,,,,,,,,,,,,,,,,,,,,,,,,,,,,,,,,,,,,,,,,,,,,,,,,,,,,,,,,,,,,,,,,,,,,,,,,,,,,,,,,,,,,,,,,,,,,,,,,,,,,,,,,,,,,,,,,,,,,,,,,,,,,,,,,,,,,,,,,,,,,,,,,,,,39101629,,,,,,,,,,,,,,,,,,,,,,,,,,,,,,,,,,,,,,,,,,,
,,,,,,,Electrical,Lighting,LED Lamps,,573188,573188 250W Led Par38 Med 50k,,,,,Phillips Lighting,Philips,Philips,573188,,Electrical > Lighting > LED Lamps,"Philips LED Lamp, 573188, Wattage 250 W",LED LAMP 250W,"Philips LED Lamp, 573188","Philips LED Lamp, Model 573188, Wattage 250 W","Philips LED Lamp, 573188",,Wattage: 250 W,,,,,,,,,,,,,,,,,,,,,,,LED Lamp,,LED Lamp,Wattage,250,W,,,,,,,,,,,,,,,,,,,,,,,,,,,,,,,,,,,,,,,,,,,,,,,,,,,,,,,,,,,,,,,,,,,,,,,,,,,,,,,,,,,,,,,,,,,,,,,,,,,,,,,,,,,,,,,,,,,,,,,,,,,,,,,,,,,,,,,,,,,,,,,,,,,,,,,39101629,,,,,,,,,,,,,,,,,,,,,,,,,,,,,,,,,,,,,,,,,,,
,,,,,,,Electrical,Lighting,LED Lamps,,573469,573469 40W Led A19 Med 50k 2pk,,,,,Phillips Lighting,Philips,Philips,573469,,Electrical > Lighting > LED Lamps,"Philips LED Lamp, 573469, Wattage 40 W",LED LAMP 40W,"Philips LED Lamp, 573469","Philips LED Lamp, Model 573469, Wattage 40 W","Philips LED Lamp, 573469",,Wattage: 40 W,,,,,,,,,,,,,,,,,,,,,,,LED Lamp,,LED Lamp,Wattage,40,W,,,,,,,,,,,,,,,,,,,,,,,,,,,,,,,,,,,,,,,,,,,,,,,,,,,,,,,,,,,,,,,,,,,,,,,,,,,,,,,,,,,,,,,,,,,,,,,,,,,,,,,,,,,,,,,,,,,,,,,,,,,,,,,,,,,,,,,,,,,,,,,,,,,,,,,39101629,,,,,,,,,,,,,,,,,,,,,,,,,,,,,,,,,,,,,,,,,,,
,,,,,,,Electrical,Lighting,LED Lamps,,565671,565671 25W Led Med 20K,,,,,Phillips Lighting,Philips,Philips,565671,,Electrical > Lighting > LED Lamps,"Philips LED Lamp, 565671, Wattage 25 W",LED LAMP 25W,"Philips LED Lamp, 565671","Philips LED Lamp, Model 565671, Wattage 25 W","Philips LED Lamp, 565671",,Wattage: 25 W,,,,,,,,,,,,,,,,,,,,,,,LED Lamp,,LED Lamp,Wattage,25,W,,,,,,,,,,,,,,,,,,,,,,,,,,,,,,,,,,,,,,,,,,,,,,,,,,,,,,,,,,,,,,,,,,,,,,,,,,,,,,,,,,,,,,,,,,,,,,,,,,,,,,,,,,,,,,,,,,,,,,,,,,,,,,,,,,,,,,,,,,,,,,,,,,,,,,,39101629,,,,,,,,,,,,,,,,,,,,,,,,,,,,,,,,,,,,,,,,,,,
,,,,,,,Electrical,Lighting,LED Lamps,,573204,573204 75W Led Par20 Med 50k,,,,,Phillips Lighting,Philips,Philips,573204,,Electrical > Lighting > LED Lamps,"Philips LED Lamp, 573204, Wattage 75 W",LED LAMP 75W,"Philips LED Lamp, 573204","Philips LED Lamp, Model 573204, Wattage 75 W","Philips LED Lamp, 573204",,Wattage: 75 W,,,,,,,,,,,,,,,,,,,,,,,LED Lamp,,LED Lamp,Wattage,75,W,,,,,,,,,,,,,,,,,,,,,,,,,,,,,,,,,,,,,,,,,,,,,,,,,,,,,,,,,,,,,,,,,,,,,,,,,,,,,,,,,,,,,,,,,,,,,,,,,,,,,,,,,,,,,,,,,,,,,,,,,,,,,,,,,,,,,,,,,,,,,,,,,,,,,,,39101629,,,,,,,,,,,,,,,,,,,,,,,,,,,,,,,,,,,,,,,,,,,
,,,,,,,Electrical,Lighting,LED Lamps,,581199,581199 60W Led Med 2pk,,,,,Phillips Lighting,Philips,Philips,581199,,Electrical > Lighting > LED Lamps,"Philips LED Lamp, 581199, Wattage 60 W",LED LAMP 60W,"Philips LED Lamp, 581199","Philips LED Lamp, Model 581199, Wattage 60 W","Philips LED Lamp, 581199",,Wattage: 60 W,,,,,,,,,,,,,,,,,,,,,,,LED Lamp,,LED Lamp,Wattage,60,W,,,,,,,,,,,,,,,,,,,,,,,,,,,,,,,,,,,,,,,,,,,,,,,,,,,,,,,,,,,,,,,,,,,,,,,,,,,,,,,,,,,,,,,,,,,,,,,,,,,,,,,,,,,,,,,,,,,,,,,,,,,,,,,,,,,,,,,,,,,,,,,,,,,,,,,39101629,,,,,,,,,,,,,,,,,,,,,,,,,,,,,,,,,,,,,,,,,,,
,,,,,,,Electrical,Lighting,LED Lamps,,565887,565887 60W Led Med 20k,,,,,Phillips Lighting,Philips,Philips,565887,,Electrical > Lighting > LED Lamps,"Philips LED Lamp, 565887, Wattage 60 W",LED LAMP 60W,"Philips LED Lamp, 565887","Philips LED Lamp, Model 565887, Wattage 60 W","Philips LED Lamp, 565887",,Wattage: 60 W,,,,,,,,,,,,,,,,,,,,,,,LED Lamp,,LED Lamp,Wattage,60,W,,,,,,,,,,,,,,,,,,,,,,,,,,,,,,,,,,,,,,,,,,,,,,,,,,,,,,,,,,,,,,,,,,,,,,,,,,,,,,,,,,,,,,,,,,,,,,,,,,,,,,,,,,,,,,,,,,,,,,,,,,,,,,,,,,,,,,,,,,,,,,,,,,,,,,,39101629,,,,,,,,,,,,,,,,,,,,,,,,,,,,,,,,,,,,,,,,,,,
,,,,,,,Electrical,Lighting,LED Lamps,,586867,586867 60W Led Med 27K,,,,,Phillips Lighting,Philips,Philips,586867,,Electrical > Lighting > LED Lamps,"Philips LED Lamp, 586867, Wattage 60 W",LED LAMP 60W,"Philips LED Lamp, 586867","Philips LED Lamp, Model 586867, Wattage 60 W","Philips LED Lamp, 586867",,Wattage: 60 W,,,,,,,,,,,,,,,,,,,,,,,LED Lamp,,LED Lamp,Wattage,60,W,,,,,,,,,,,,,,,,,,,,,,,,,,,,,,,,,,,,,,,,,,,,,,,,,,,,,,,,,,,,,,,,,,,,,,,,,,,,,,,,,,,,,,,,,,,,,,,,,,,,,,,,,,,,,,,,,,,,,,,,,,,,,,,,,,,,,,,,,,,,,,,,,,,,,,,39101629,,,,,,,,,,,,,,,,,,,,,,,,,,,,,,,,,,,,,,,,,,,
,,,,,,,Electrical,Lighting,LED Lamps,,568451,5686451 50W Led Med 50k 2pk,,,,,Phillips Lighting,Philips,Philips,568451,,Electrical > Lighting > LED Lamps,"Philips LED Lamp, 568451, Wattage 50 W",LED LAMP 50W,"Philips LED Lamp, 568451","Philips LED Lamp, Model 568451, Wattage 50 W","Philips LED Lamp, 568451",,Wattage: 50 W,,,,,,,,,,,,,,,,,,,,,,,LED Lamp,,LED Lamp,Wattage,50,W,,,,,,,,,,,,,,,,,,,,,,,,,,,,,,,,,,,,,,,,,,,,,,,,,,,,,,,,,,,,,,,,,,,,,,,,,,,,,,,,,,,,,,,,,,,,,,,,,,,,,,,,,,,,,,,,,,,,,,,,,,,,,,,,,,,,,,,,,,,,,,,,,,,,,,,39101629,,,,,,,,,,,,,,,,,,,,,,,,,,,,,,,,,,,,,,,,,,,
,,,,,,,Electrical,Lighting,LED Lamps,,568444,568444 90W Led Par38 50k 2pk,,,,,Phillips Lighting,Philips,Philips,568444,,Electrical > Lighting > LED Lamps,"Philips LED Lamp, 568444, Wattage 90 W",LED LAMP 90W,"Philips LED Lamp, 568444","Philips LED Lamp, Model 568444, Wattage 90 W","Philips LED Lamp, 568444",,Wattage: 90 W,,,,,,,,,,,,,,,,,,,,,,,LED Lamp,,LED Lamp,Wattage,90,W,,,,,,,,,,,,,,,,,,,,,,,,,,,,,,,,,,,,,,,,,,,,,,,,,,,,,,,,,,,,,,,,,,,,,,,,,,,,,,,,,,,,,,,,,,,,,,,,,,,,,,,,,,,,,,,,,,,,,,,,,,,,,,,,,,,,,,,,,,,,,,,,,,,,,,,39101629,,,,,,,,,,,,,,,,,,,,,,,,,,,,,,,,,,,,,,,,,,,
,,,,,,,Electrical,Lighting,LED Lamps,,573196,573196 75W Led Med 30K,,,,,Phillips Lighting,Philips,Philips,573196,,Electrical > Lighting > LED Lamps,"Philips LED Lamp, 573196, Wattage 75 W",LED LAMP 75W,"Philips LED Lamp, 573196","Philips LED Lamp, Model 573196, Wattage 75 W","Philips LED Lamp, 573196",,Wattage: 75 W,,,,,,,,,,,,,,,,,,,,,,,LED Lamp,,LED Lamp,Wattage,75,W,,,,,,,,,,,,,,,,,,,,,,,,,,,,,,,,,,,,,,,,,,,,,,,,,,,,,,,,,,,,,,,,,,,,,,,,,,,,,,,,,,,,,,,,,,,,,,,,,,,,,,,,,,,,,,,,,,,,,,,,,,,,,,,,,,,,,,,,,,,,,,,,,,,,,,,39101629,,,,,,,,,,,,,,,,,,,,,,,,,,,,,,,,,,,,,,,,,,,
,,,,,,,General Supplies,General,General,,564500,564500 75W Adj Base 50k 3pk,,,,,Phillips Lighting,Philips,Philips,564500,,General Supplies > General > General,"Philips 75W Adj Base, 564500, Wattage 75 W",75W ADJ BASE 75W,"Philips 75W Adj Base, 564500","Philips 75W Adj Base, Model 564500, Wattage 75 W","Philips 75W Adj Base, 564500",,Wattage: 75 W,,,,,,,,,,,,,,,,,,,,,,,75W Adj Base,,75W Adj Base,Wattage,75,W,,,,,,,,,,,,,,,,,,,,,,,,,,,,,,,,,,,,,,,,,,,,,,,,,,,,,,,,,,,,,,,,,,,,,,,,,,,,,,,,,,,,,,,,,,,,,,,,,,,,,,,,,,,,,,,,,,,,,,,,,,,,,,,,,,,,,,,,,,,,,,,,,,,,,,,,,,,,,,,,,,,,,,,,,,,,,,,,,,,,,,,,,,,,,,,,,,
,,,,,,,Electrical,Lighting,LED Lamps,,571513,571513 40/60/100 Led Med 27k,,,,,Phillips Lighting,Philips,Philips,571513,,Electrical > Lighting > LED Lamps,"Philips LED Lamp, 571513",LED LAMP,"Philips LED Lamp, 571513","Philips LED Lamp, Model 571513","Philips LED Lamp, 571513",,,,,,,,,,,,,,,,,,,,,,,,,LED Lamp,,LED Lamp,,,,,,,,,,,,,,,,,,,,,,,,,,,,,,,,,,,,,,,,,,,,,,,,,,,,,,,,,,,,,,,,,,,,,,,,,,,,,,,,,,,,,,,,,,,,,,,,,,,,,,,,,,,,,,,,,,,,,,,,,,,,,,,,,,,,,,,,,,,,,,,,,,,,,,,,,,39101629,,,,,,,,,,,,,,,,,,,,,,,,,,,,,,,,,,,,,,,,,,,
,,,,,,,Electrical,Lighting,LED Lamps,,588566,588566 40W Led Med 55k 3pk,,,,,Phillips Lighting,Philips,Philips,588566,,Electrical > Lighting > LED Lamps,"Philips LED Lamp, 588566, Wattage 40 W",LED LAMP 40W,"Philips LED Lamp, 588566","Philips LED Lamp, Model 588566, Wattage 40 W","Philips LED Lamp, 588566",,Wattage: 40 W,,,,,,,,,,,,,,,,,,,,,,,LED Lamp,,LED Lamp,Wattage,40,W,,,,,,,,,,,,,,,,,,,,,,,,,,,,,,,,,,,,,,,,,,,,,,,,,,,,,,,,,,,,,,,,,,,,,,,,,,,,,,,,,,,,,,,,,,,,,,,,,,,,,,,,,,,,,,,,,,,,,,,,,,,,,,,,,,,,,,,,,,,,,,,,,,,,,,,39101629,,,,,,,,,,,,,,,,,,,,,,,,,,,,,,,,,,,,,,,,,,,
,,,,,,,Electrical,Lighting,LED Lamps,,565655,565655 25W Led A15 Med 20k,,,,,Phillips Lighting,Philips,Philips,565655,,Electrical > Lighting > LED Lamps,"Philips LED Lamp, 565655, Wattage 25 W",LED LAMP 25W,"Philips LED Lamp, 565655","Philips LED Lamp, Model 565655, Wattage 25 W","Philips LED Lamp, 565655",,Wattage: 25 W,,,,,,,,,,,,,,,,,,,,,,,LED Lamp,,LED Lamp,Wattage,25,W,,,,,,,,,,,,,,,,,,,,,,,,,,,,,,,,,,,,,,,,,,,,,,,,,,,,,,,,,,,,,,,,,,,,,,,,,,,,,,,,,,,,,,,,,,,,,,,,,,,,,,,,,,,,,,,,,,,,,,,,,,,,,,,,,,,,,,,,,,,,,,,,,,,,,,,39101629,,,,,,,,,,,,,,,,,,,,,,,,,,,,,,,,,,,,,,,,,,,
,,,,,,,Electrical,Lighting,LED Lamps,,565812,565812 60W Med Led 50k,,,,,Phillips Lighting,Philips,Philips,565812,,Electrical > Lighting > LED Lamps,"Philips LED Lamp, 565812, Wattage 60 W",LED LAMP 60W,"Philips LED Lamp, 565812","Philips LED Lamp, Model 565812, Wattage 60 W","Philips LED Lamp, 565812",,Wattage: 60 W,,,,,,,,,,,,,,,,,,,,,,,LED Lamp,,LED Lamp,Wattage,60,W,,,,,,,,,,,,,,,,,,,,,,,,,,,,,,,,,,,,,,,,,,,,,,,,,,,,,,,,,,,,,,,,,,,,,,,,,,,,,,,,,,,,,,,,,,,,,,,,,,,,,,,,,,,,,,,,,,,,,,,,,,,,,,,,,,,,,,,,,,,,,,,,,,,,,,,39101629,,,,,,,,,,,,,,,,,,,,,,,,,,,,,,,,,,,,,,,,,,,
,,,,,,,Electrical,Lighting,LED Lamps,,586917,586917 40W Led Cand 27K 2pk,,,,,Phillips Lighting,Philips,Philips,586917,,Electrical > Lighting > LED Lamps,"Philips LED Lamp, 586917, Wattage 40 W",LED LAMP 40W,"Philips LED Lamp, 586917","Philips LED Lamp, Model 586917, Wattage 40 W","Philips LED Lamp, 586917",,Wattage: 40 W,,,,,,,,,,,,,,,,,,,,,,,LED Lamp,,LED Lamp,Wattage,40,W,,,,,,,,,,,,,,,,,,,,,,,,,,,,,,,,,,,,,,,,,,,,,,,,,,,,,,,,,,,,,,,,,,,,,,,,,,,,,,,,,,,,,,,,,,,,,,,,,,,,,,,,,,,,,,,,,,,,,,,,,,,,,,,,,,,,,,,,,,,,,,,,,,,,,,,39101629,,,,,,,,,,,,,,,,,,,,,,,,,,,,,,,,,,,,,,,,,,,
,,,,,,,General Supplies,General,General,,46719,49719 Wall Light Motion Wh,,,,,Maxsa Innovations,,,46719,,General Supplies > General > General,"Wall Light Motion, 46719",WALL LIGHT MOTION,"Wall Light Motion, 46719","Wall Light Motion, Model 46719","Wall Light Motion, 46719",,,,,,,,,,,,,,,,,,,,,,,,,Wall Light Motion,,Wall Light Motion,,,,,,,,,,,,,,,,,,,,,,,,,,,,,,,,,,,,,,,,,,,,,,,,,,,,,,,,,,,,,,,,,,,,,,,,,,,,,,,,,,,,,,,,,,,,,,,,,,,,,,,,,,,,,,,,,,,,,,,,,,,,,,,,,,,,,,,,,,,,,,,,,,,,,,,,,,,,,,,,,,,,,,,,,,,,,,,,,,,,,,,,,,,,,,,,,,,,,
,,,,,,,General Supplies,General,General,,59061BSL,59061BSL Kichler Ext Wall Lt,,,,,Kichler Lighting,Kichler,Kichler,59061BSL,,General Supplies > General > General,"Kichler 59061BSL Kichler Ext, 59061BSL",59061BSL KICHLER EXT,"Kichler 59061BSL Kichler Ext, 59061BSL","Kichler 59061BSL Kichler Ext, Model 59061BSL","Kichler 59061BSL Kichler Ext, 59061BSL",,,,,,,,,,,,,,,,,,,,,,,,,59061BSL Kichler Ext,,59061BSL Kichler Ext,,,,,,,,,,,,,,,,,,,,,,,,,,,,,,,,,,,,,,,,,,,,,,,,,,,,,,,,,,,,,,,,,,,,,,,,,,,,,,,,,,,,,,,,,,,,,,,,,,,,,,,,,,,,,,,,,,,,,,,,,,,,,,,,,,,,,,,,,,,,,,,,,,,,,,,,,,,,,,,,,,,,,,,,,,,,,,,,,,,,,,,,,,,,,,,,,,,,,
,,,,,,,General Supplies,General,General,,59062BSL,59062BSL Kichler Ext Wall Lt,,,,,Kichler Lighting,Kichler,Kichler,59062BSL,,General Supplies > General > General,"Kichler 59062BSL Kichler Ext, 59062BSL",59062BSL KICHLER EXT,"Kichler 59062BSL Kichler Ext, 59062BSL","Kichler 59062BSL Kichler Ext, Model 59062BSL","Kichler 59062BSL Kichler Ext, 59062BSL",,,,,,,,,,,,,,,,,,,,,,,,,59062BSL Kichler Ext,,59062BSL Kichler Ext,,,,,,,,,,,,,,,,,,,,,,,,,,,,,,,,,,,,,,,,,,,,,,,,,,,,,,,,,,,,,,,,,,,,,,,,,,,,,,,,,,,,,,,,,,,,,,,,,,,,,,,,,,,,,,,,,,,,,,,,,,,,,,,,,,,,,,,,,,,,,,,,,,,,,,,,,,,,,,,,,,,,,,,,,,,,,,,,,,,,,,,,,,,,,,,,,,,,,
,,,,,,,General Supplies,General,General,,59124BKT,59124BKT Kichler Ext Wall Lt,,,,,Kichler Lighting,Kichler,Kichler,59124BKT,,General Supplies > General > General,"Kichler 59124BKT Kichler Ext, 59124BKT",59124BKT KICHLER EXT,"Kichler 59124BKT Kichler Ext, 59124BKT","Kichler 59124BKT Kichler Ext, Model 59124BKT","Kichler 59124BKT Kichler Ext, 59124BKT",,,,,,,,,,,,,,,,,,,,,,,,,59124BKT Kichler Ext,,59124BKT Kichler Ext,,,,,,,,,,,,,,,,,,,,,,,,,,,,,,,,,,,,,,,,,,,,,,,,,,,,,,,,,,,,,,,,,,,,,,,,,,,,,,,,,,,,,,,,,,,,,,,,,,,,,,,,,,,,,,,,,,,,,,,,,,,,,,,,,,,,,,,,,,,,,,,,,,,,,,,,,,,,,,,,,,,,,,,,,,,,,,,,,,,,,,,,,,,,,,,,,,,,,
,,,,,,,General Supplies,General,General,,59025BK,59025BK Kichler Post Lt,,,,,Kichler Lighting,Kichler,Kichler,59025BK,,General Supplies > General > General,"Kichler 59025BK Kichler Post, 59025BK",59025BK KICHLER POST,"Kichler 59025BK Kichler Post, 59025BK","Kichler 59025BK Kichler Post, Model 59025BK","Kichler 59025BK Kichler Post, 59025BK",,,,,,,,,,,,,,,,,,,,,,,,,59025BK Kichler Post,,59025BK Kichler Post,,,,,,,,,,,,,,,,,,,,,,,,,,,,,,,,,,,,,,,,,,,,,,,,,,,,,,,,,,,,,,,,,,,,,,,,,,,,,,,,,,,,,,,,,,,,,,,,,,,,,,,,,,,,,,,,,,,,,,,,,,,,,,,,,,,,,,,,,,,,,,,,,,,,,,,,,,,,,,,,,,,,,,,,,,,,,,,,,,,,,,,,,,,,,,,,,,,,,
,,,,,,,General Supplies,General,General,,DCL183,Dewalt DCL183 Light - Rechargeable,,,,,Black & Decker/dewlt,DEWALT,DEWALT,DCL183,,General Supplies > General > General,"DEWALT Dewalt DCL183 Light, DCL183",DEWALT DCL183 LIGHT,"DEWALT Dewalt DCL183 Light, DCL183","DEWALT Dewalt DCL183 Light, Model DCL183","DEWALT Dewalt DCL183 Light, DCL183",,,,,,,,,,,,,,,,,,,,,,,,,Dewalt DCL183 Light,,Dewalt DCL183 Light,,,,,,,,,,,,,,,,,,,,,,,,,,,,,,,,,,,,,,,,,,,,,,,,,,,,,,,,,,,,,,,,,,,,,,,,,,,,,,,,,,,,,,,,,,,,,,,,,,,,,,,,,,,,,,,,,,,,,,,,,,,,,,,,,,,,,,,,,,,,,,,,,,,,,,,,,,,,,,,,,,,,,,,,,,,,,,,,,,,,,,,,,,,,,,,,,,,,,
,,,,,,,General Supplies,General,General,,73020,73020 Nano Clip Light Bk,,,,,Streamlight,,,73020,,General Supplies > General > General,"Nano Clip Light, 73020",NANO CLIP LIGHT,"Nano Clip Light, 73020","Nano Clip Light, Model 73020","Nano Clip Light, 73020",,,,,,,,,,,,,,,,,,,,,,,,,Nano Clip Light,,Nano Clip Light,,,,,,,,,,,,,,,,,,,,,,,,,,,,,,,,,,,,,,,,,,,,,,,,,,,,,,,,,,,,,,,,,,,,,,,,,,,,,,,,,,,,,,,,,,,,,,,,,,,,,,,,,,,,,,,,,,,,,,,,,,,,,,,,,,,,,,,,,,,,,,,,,,,,,,,,,,,,,,,,,,,,,,,,,,,,,,,,,,,,,,,,,,,,,,,,,,,,,
,,,,,,,General Supplies,General,General,,NEB-FLT-1021,NEBFLT1021 Slyde King FlashLt,,,,,ACG Brands,,,NEB-FLT-1021,,General Supplies > General > General,"NEBFLT1021 Slyde King, NEB-FLT-1021",NEBFLT1021 SLYDE KING,"NEBFLT1021 Slyde King, NEB-FLT-1021","NEBFLT1021 Slyde King, Model NEB-FLT-1021","NEBFLT1021 Slyde King, NEB-FLT-1021",,,,,,,,,,,,,,,,,,,,,,,,,NEBFLT1021 Slyde King,,NEBFLT1021 Slyde King,,,,,,,,,,,,,,,,,,,,,,,,,,,,,,,,,,,,,,,,,,,,,,,,,,,,,,,,,,,,,,,,,,,,,,,,,,,,,,,,,,,,,,,,,,,,,,,,,,,,,,,,,,,,,,,,,,,,,,,,,,,,,,,,,,,,,,,,,,,,,,,,,,,,,,,,,,,,,,,,,,,,,,,,,,,,,,,,,,,,,,,,,,,,,,,,,,,,,
,,,,,,,General Supplies,General,General,,NEB-FLT-0053,NEBFLT0053 2600L Flash Light,,,,,ACG Brands,,,NEB-FLT-0053,,General Supplies > General > General,"NEBFLT0053 2600L Flash, NEB-FLT-0053",NEBFLT0053 2600L FLASH,"NEBFLT0053 2600L Flash, NEB-FLT-0053","NEBFLT0053 2600L Flash, Model NEB-FLT-0053","NEBFLT0053 2600L Flash, NEB-FLT-0053",,,,,,,,,,,,,,,,,,,,,,,,,NEBFLT0053 2600L Flash,,NEBFLT0053 2600L Flash,,,,,,,,,,,,,,,,,,,,,,,,,,,,,,,,,,,,,,,,,,,,,,,,,,,,,,,,,,,,,,,,,,,,,,,,,,,,,,,,,,,,,,,,,,,,,,,,,,,,,,,,,,,,,,,,,,,,,,,,,,,,,,,,,,,,,,,,,,,,,,,,,,,,,,,,,,,,,,,,,,,,,,,,,,,,,,,,,,,,,,,,,,,,,,,,,,,,,
,,,,,,,General Supplies,General,General,,97708,97708 Police 800L Headlight,,,,,Police Security,,,97708,,General Supplies > General > General,"Police 800L Headlight, 97708",POLICE 800L HEADLIGHT,"Police 800L Headlight, 97708","Police 800L Headlight, Model 97708","Police 800L Headlight, 97708",,,,,,,,,,,,,,,,,,,,,,,,,Police 800L Headlight,,Police 800L Headlight,,,,,,,,,,,,,,,,,,,,,,,,,,,,,,,,,,,,,,,,,,,,,,,,,,,,,,,,,,,,,,,,,,,,,,,,,,,,,,,,,,,,,,,,,,,,,,,,,,,,,,,,,,,,,,,,,,,,,,,,,,,,,,,,,,,,,,,,,,,,,,,,,,,,,,,,,,,,,,,,,,,,,,,,,,,,,,,,,,,,,,,,,,,,,,,,,,,,,
,,,,,,,General Supplies,General,General,,WORK6000XLTPPLUG,6000L Twin Head Work Light,,,,,Feit Electric,,,WORK6000XLTPPLUG,,General Supplies > General > General,"6000L Twin Head, WORK6000XLTPPLUG",6000L TWIN HEAD,"6000L Twin Head, WORK6000XLTPPLUG","6000L Twin Head, Model WORK6000XLTPPLUG","6000L Twin Head, WORK6000XLTPPLUG",,,,,,,,,,,,,,,,,,,,,,,,,6000L Twin Head,,6000L Twin Head,,,,,,,,,,,,,,,,,,,,,,,,,,,,,,,,,,,,,,,,,,,,,,,,,,,,,,,,,,,,,,,,,,,,,,,,,,,,,,,,,,,,,,,,,,,,,,,,,,,,,,,,,,,,,,,,,,,,,,,,,,,,,,,,,,,,,,,,,,,,,,,,,,,,,,,,,,,,,,,,,,,,,,,,,,,,,,,,,,,,,,,,,,,,,,,,,,,,,
,,,,,,,General Supplies,General,General,,HOM2040M200PRB,HOM2040M200PRB 200A Load Cntr,,,,,Square D Con Prod Dv,,,HOM2040M200PRB,,General Supplies > General > General,"HOM2040M200PRB 200A Load, HOM2040M200PRB, Amperage 00 A",HOM2040M200PRB 200A LOAD 00A,"HOM2040M200PRB 200A Load, HOM2040M200PRB","HOM2040M200PRB 200A Load, Model HOM2040M200PRB, Amperage 00 A","HOM2040M200PRB 200A Load, HOM2040M200PRB",,Amperage: 00 A,,,,,,,,,,,,,,,,,,,,,,,HOM2040M200PRB 200A Load,,HOM2040M200PRB 200A Load,Amperage,00,A,,,,,,,,,,,,,,,,,,,,,,,,,,,,,,,,,,,,,,,,,,,,,,,,,,,,,,,,,,,,,,,,,,,,,,,,,,,,,,,,,,,,,,,,,,,,,,,,,,,,,,,,,,,,,,,,,,,,,,,,,,,,,,,,,,,,,,,,,,,,,,,,,,,,,,,,,,,,,,,,,,,,,,,,,,,,,,,,,,,,,,,,,,,,,,,,,,
,,,,,,,General Supplies,General,General,,HOM3060L225PGC,HOM3060L225PGC 225 Load Center,,,,,Square D Con Prod Dv,,,HOM3060L225PGC,,General Supplies > General > General,"HOM3060L225PGC Load Center, HOM3060L225PGC",HOM3060L225PGC LOAD CENTER,"HOM3060L225PGC Load Center, HOM3060L225PGC","HOM3060L225PGC Load Center, Model HOM3060L225PGC","HOM3060L225PGC Load Center, HOM3060L225PGC",,,,,,,,,,,,,,,,,,,,,,,,,HOM3060L225PGC Load Center,,HOM3060L225PGC Load Center,,,,,,,,,,,,,,,,,,,,,,,,,,,,,,,,,,,,,,,,,,,,,,,,,,,,,,,,,,,,,,,,,,,,,,,,,,,,,,,,,,,,,,,,,,,,,,,,,,,,,,,,,,,,,,,,,,,,,,,,,,,,,,,,,,,,,,,,,,,,,,,,,,,,,,,,,,,,,,,,,,,,,,,,,,,,,,,,,,,,,,,,,,,,,,,,,,,,,
,,,,,,,General Supplies,General,General,,QO612L100RBCP,QO612L100RBCP 100A Load Center,,,,,Square D Con Prod Dv,,,QO612L100RBCP,,General Supplies > General > General,"QO612L100RBCP 100A Load, QO612L100RBCP, Amperage 00 A",QO612L100RBCP 100A LOAD 00A,"QO612L100RBCP 100A Load, QO612L100RBCP","QO612L100RBCP 100A Load, Model QO612L100RBCP, Amperage 00 A","QO612L100RBCP 100A Load, QO612L100RBCP",,Amperage: 00 A,,,,,,,,,,,,,,,,,,,,,,,QO612L100RBCP 100A Load,,QO612L100RBCP 100A Load,Amperage,00,A,,,,,,,,,,,,,,,,,,,,,,,,,,,,,,,,,,,,,,,,,,,,,,,,,,,,,,,,,,,,,,,,,,,,,,,,,,,,,,,,,,,,,,,,,,,,,,,,,,,,,,,,,,,,,,,,,,,,,,,,,,,,,,,,,,,,,,,,,,,,,,,,,,,,,,,,,,,,,,,,,,,,,,,,,,,,,,,,,,,,,,,,,,,,,,,,,,
,,,,,,,Electrical,Wire & Cable,Wire & Cable,,13093005,4/0 Aluminum Entrance Cable (Linear Foot),,,,,Southwire/g Turner,,,13093005,,Electrical > Wire & Cable > Wire & Cable,"Cable/Wire, 13093005, Material Aluminum",CABLE/WIRE ALUMINUM,"Cable/Wire, 13093005","Cable/Wire, Model 13093005, Material Aluminum","Cable/Wire, 13093005",,Material: Aluminum,,,,,,,,,,,,,,,,,,,,,,,Cable/Wire,,Cable/Wire,Material,Aluminum,,,,,,,,,,,,,,,,,,,,,,,,,,,,,,,,,,,,,,,,,,,,,,,,,,,,,,,,,,,,,,,,,,,,,,,,,,,,,,,,,,,,,,,,,,,,,,,,,,,,,,,,,,,,,,,,,,,,,,,,,,,,,,,,,,,,,,,,,,,,,,,,,,,,,,,,26121500,,,,,,,,,,,,,,,,,,,,,,,,,,,,,,,,,,,,,,,,,,,
,,,,,,,General Supplies,General,General,,12-4 SO,12-4 SO Cord (Linear Foot),,,,,-,,,12-4 SO,,General Supplies > General > General,"SO Cord Linear, 12-4 SO",SO CORD LINEAR,"SO Cord Linear, 12-4 SO","SO Cord Linear, Model 12-4 SO","SO Cord Linear, 12-4 SO",,,,,,,,,,,,,,,,,,,,,,,,,SO Cord Linear,,SO Cord Linear,,,,,,,,,,,,,,,,,,,,,,,,,,,,,,,,,,,,,,,,,,,,,,,,,,,,,,,,,,,,,,,,,,,,,,,,,,,,,,,,,,,,,,,,,,,,,,,,,,,,,,,,,,,,,,,,,,,,,,,,,,,,,,,,,,,,,,,,,,,,,,,,,,,,,,,,,,,,,,,,,,,,,,,,,,,,,,,,,,,,,,,,,,,,,,,,,,,,,
,,,,,,,Electrical,Wire & Cable,Wire & Cable,,96263-46-06,96263-46-06 CAT5E Wire (Linear Foot),,,,,Woods Wire Southwire,,,96263-46-06,,Electrical > Wire & Cable > Wire & Cable,"Cable/Wire, 96263-46-06",CABLE/WIRE,"Cable/Wire, 96263-46-06","Cable/Wire, Model 96263-46-06","Cable/Wire, 96263-46-06",,,,,,,,,,,,,,,,,,,,,,,,,Cable/Wire,,Cable/Wire,,,,,,,,,,,,,,,,,,,,,,,,,,,,,,,,,,,,,,,,,,,,,,,,,,,,,,,,,,,,,,,,,,,,,,,,,,,,,,,,,,,,,,,,,,,,,,,,,,,,,,,,,,,,,,,,,,,,,,,,,,,,,,,,,,,,,,,,,,,,,,,,,,,,,,,,,,26121500,,,,,,,,,,,,,,,,,,,,,,,,,,,,,,,,,,,,,,,,,,,
,,,,,,,Electrical,Wire & Cable,Wire & Cable,,R50003-ID,16-2 Stranded Wire CL3 500' (Linear Foot),,,,,Southwire/g Turner,,,R50003-ID,,Electrical > Wire & Cable > Wire & Cable,"Cable/Wire, R50003-ID",CABLE/WIRE,"Cable/Wire, R50003-ID","Cable/Wire, Model R50003-ID","Cable/Wire, R50003-ID",,,,,,,,,,,,,,,,,,,,,,,,,Cable/Wire,,Cable/Wire,,,,,,,,,,,,,,,,,,,,,,,,,,,,,,,,,,,,,,,,,,,,,,,,,,,,,,,,,,,,,,,,,,,,,,,,,,,,,,,,,,,,,,,,,,,,,,,,,,,,,,,,,,,,,,,,,,,,,,,,,,,,,,,,,,,,,,,,,,,,,,,,,,,,,,,,,,26121500,,,,,,,,,,,,,,,,,,,,,,,,,,,,,,,,,,,,,,,,,,,
,,,,,,,General Supplies,General,General,,10-4 SO,10-4 SO Cord (Linear Foot),,,,,Southwire/g Turner,,,10-4 SO,,General Supplies > General > General,"SO Cord Linear, 10-4 SO",SO CORD LINEAR,"SO Cord Linear, 10-4 SO","SO Cord Linear, Model 10-4 SO","SO Cord Linear, 10-4 SO",,,,,,,,,,,,,,,,,,,,,,,,,SO Cord Linear,,SO Cord Linear,,,,,,,,,,,,,,,,,,,,,,,,,,,,,,,,,,,,,,,,,,,,,,,,,,,,,,,,,,,,,,,,,,,,,,,,,,,,,,,,,,,,,,,,,,,,,,,,,,,,,,,,,,,,,,,,,,,,,,,,,,,,,,,,,,,,,,,,,,,,,,,,,,,,,,,,,,,,,,,,,,,,,,,,,,,,,,,,,,,,,,,,,,,,,,,,,,,,,
,,,,,,,Electrical,Wire & Cable,Wire & Cable,,23346-0408,23346-0408 Wire 16/3 SJEWA 250 (Linear Foot),,,,,-,,,23346-0408,,Electrical > Wire & Cable > Wire & Cable,"Cable/Wire, 23346-0408",CABLE/WIRE,"Cable/Wire, 23346-0408","Cable/Wire, Model 23346-0408","Cable/Wire, 23346-0408",,,,,,,,,,,,,,,,,,,,,,,,,Cable/Wire,,Cable/Wire,,,,,,,,,,,,,,,,,,,,,,,,,,,,,,,,,,,,,,,,,,,,,,,,,,,,,,,,,,,,,,,,,,,,,,,,,,,,,,,,,,,,,,,,,,,,,,,,,,,,,,,,,,,,,,,,,,,,,,,,,,,,,,,,,,,,,,,,,,,,,,,,,,,,,,,,,,26121500,,,,,,,,,,,,,,,,,,,,,,,,,,,,,,,,,,,,,,,,,,,
,,,,,,,Electrical,Wire & Cable,Wire & Cable,,2/2/4 UD ALUM,2/2/4 UD Aluminum Triplex Wire (Linear Foot),,,,,Southwire/g Turner,,,2/2/4 UD ALUM,,Electrical > Wire & Cable > Wire & Cable,"Cable/Wire, 2/2/4 UD ALUM, Material Aluminum",CABLE/WIRE ALUMINUM,"Cable/Wire, 2/2/4 UD ALUM","Cable/Wire, Model 2/2/4 UD ALUM, Material Aluminum","Cable/Wire, 2/2/4 UD ALUM",,Material: Aluminum,,,,,,,,,,,,,,,,,,,,,,,Cable/Wire,,Cable/Wire,Material,Aluminum,,,,,,,,,,,,,,,,,,,,,,,,,,,,,,,,,,,,,,,,,,,,,,,,,,,,,,,,,,,,,,,,,,,,,,,,,,,,,,,,,,,,,,,,,,,,,,,,,,,,,,,,,,,,,,,,,,,,,,,,,,,,,,,,,,,,,,,,,,,,,,,,,,,,,,,,26121500,,,,,,,,,,,,,,,,,,,,,,,,,,,,,,,,,,,,,,,,,,,
,,,,,,,Electrical,Wire & Cable,Wire & Cable,,55418901,6/6/6 UD Triplex Aluminum Wire,,,,,Southwire/g Turner,,,55418901,,Electrical > Wire & Cable > Wire & Cable,"Cable/Wire, 55418901, Material Aluminum",CABLE/WIRE ALUMINUM,"Cable/Wire, 55418901","Cable/Wire, Model 55418901, Material Aluminum","Cable/Wire, 55418901",,Material: Aluminum,,,,,,,,,,,,,,,,,,,,,,,Cable/Wire,,Cable/Wire,Material,Aluminum,,,,,,,,,,,,,,,,,,,,,,,,,,,,,,,,,,,,,,,,,,,,,,,,,,,,,,,,,,,,,,,,,,,,,,,,,,,,,,,,,,,,,,,,,,,,,,,,,,,,,,,,,,,,,,,,,,,,,,,,,,,,,,,,,,,,,,,,,,,,,,,,,,,,,,,,26121500,,,,,,,,,,,,,,,,,,,,,,,,,,,,,,,,,,,,,,,,,,,
,,,,,,,Tools,Hand Tools,Pliers,,CG50K,"CG50K 1/2"" Cord Grip Kit",,,,,Fenton Bros Electric Inc,,,CG50K,,Tools > Hand Tools > Pliers,"Pliers, CG50K",PLIERS,"Pliers, CG50K","Pliers, Model CG50K","Pliers, CG50K",,,,,,,,,,,,,,,,,,,,,,,,,Pliers,,Pliers,,,,,,,,,,,,,,,,,,,,,,,,,,,,,,,,,,,,,,,,,,,,,,,,,,,,,,,,,,,,,,,,,,,,,,,,,,,,,,,,,,,,,,,,,,,,,,,,,,,,,,,,,,,,,,,,,,,,,,,,,,,,,,,,,,,,,,,,,,,,,,,,,,,,,,,,,,27111504,,,,,,,,,,,,,,,,,,,,,,,,,,,,,,,,,,,,,,,,,,,
,,,,,,,Electrical,Wiring Devices,Receptacles,,R02-D215P-1RW,R02D215P1RW 15A Mini Outlet Wh,,,,,Leviton Mfg Co,,,R02-D215P-1RW,,Electrical > Wiring Devices > Receptacles,"Receptacle, R02-D215P-1RW, Amperage 15 A",RECEPTACLE 15A,"Receptacle, R02-D215P-1RW","Receptacle, Model R02-D215P-1RW, Amperage 15 A","Receptacle, R02-D215P-1RW",,Amperage: 15 A,,,,,,,,,,,,,,,,,,,,,,,Receptacle,,Receptacle,Amperage,15,A,,,,,,,,,,,,,,,,,,,,,,,,,,,,,,,,,,,,,,,,,,,,,,,,,,,,,,,,,,,,,,,,,,,,,,,,,,,,,,,,,,,,,,,,,,,,,,,,,,,,,,,,,,,,,,,,,,,,,,,,,,,,,,,,,,,,,,,,,,,,,,,,,,,,,,,39121404,,,,,,,,,,,,,,,,,,,,,,,,,,,,,,,,,,,,,,,,,,,
,,,,,,,General Supplies,General,General,,PBUC013,PBUC013 15A Wall Tap w/USB,,,,,Prime Wire & Cable,,,PBUC013,,General Supplies > General > General,"PBUC013 15A Wall, PBUC013, Amperage 15 A",PBUC013 15A WALL 15A,"PBUC013 15A Wall, PBUC013","PBUC013 15A Wall, Model PBUC013, Amperage 15 A","PBUC013 15A Wall, PBUC013",,Amperage: 15 A,,,,,,,,,,,,,,,,,,,,,,,PBUC013 15A Wall,,PBUC013 15A Wall,Amperage,15,A,,,,,,,,,,,,,,,,,,,,,,,,,,,,,,,,,,,,,,,,,,,,,,,,,,,,,,,,,,,,,,,,,,,,,,,,,,,,,,,,,,,,,,,,,,,,,,,,,,,,,,,,,,,,,,,,,,,,,,,,,,,,,,,,,,,,,,,,,,,,,,,,,,,,,,,,,,,,,,,,,,,,,,,,,,,,,,,,,,,,,,,,,,,,,,,,,,
,,,,,,,Electrical,Wiring Devices,Receptacles,,R00-GFNT1-00K,R00GFNT100K 15A Outlet Br,,,,,Leviton Mfg Co,,,R00-GFNT1-00K,,Electrical > Wiring Devices > Receptacles,"Receptacle, R00-GFNT1-00K, Amperage 15 A",RECEPTACLE 15A,"Receptacle, R00-GFNT1-00K","Receptacle, Model R00-GFNT1-00K, Amperage 15 A","Receptacle, R00-GFNT1-00K",,Amperage: 15 A,,,,,,,,,,,,,,,,,,,,,,,Receptacle,,Receptacle,Amperage,15,A,,,,,,,,,,,,,,,,,,,,,,,,,,,,,,,,,,,,,,,,,,,,,,,,,,,,,,,,,,,,,,,,,,,,,,,,,,,,,,,,,,,,,,,,,,,,,,,,,,,,,,,,,,,,,,,,,,,,,,,,,,,,,,,,,,,,,,,,,,,,,,,,,,,,,,,39121404,,,,,,,,,,,,,,,,,,,,,,,,,,,,,,,,,,,,,,,,,,,
,,,,,,,Electrical,Wiring Devices,Receptacles,,R92-GFWT1-0KW,R92GFWT10KW 15A GFCI Outlet Wh,,,,,Leviton Mfg Co,,,R92-GFWT1-0KW,,Electrical > Wiring Devices > Receptacles,"Receptacle, R92-GFWT1-0KW, Amperage 15 A",RECEPTACLE 15A,"Receptacle, R92-GFWT1-0KW","Receptacle, Model R92-GFWT1-0KW, Amperage 15 A","Receptacle, R92-GFWT1-0KW",,Amperage: 15 A,,,,,,,,,,,,,,,,,,,,,,,Receptacle,,Receptacle,Amperage,15,A,,,,,,,,,,,,,,,,,,,,,,,,,,,,,,,,,,,,,,,,,,,,,,,,,,,,,,,,,,,,,,,,,,,,,,,,,,,,,,,,,,,,,,,,,,,,,,,,,,,,,,,,,,,,,,,,,,,,,,,,,,,,,,,,,,,,,,,,,,,,,,,,,,,,,,,39121404,,,,,,,,,,,,,,,,,,,,,,,,,,,,,,,,,,,,,,,,,,,
,,,,,,,General Supplies,General,General,,R12-AGTR1-0KW,R12AGTR10KW 15A GFCI Outler Wh,,,,,Leviton Mfg Co,,,R12-AGTR1-0KW,,General Supplies > General > General,"R12AGTR10KW 15A GFCI, R12-AGTR1-0KW, Amperage 15 A",R12AGTR10KW 15A GFCI 15A,"R12AGTR10KW 15A GFCI, R12-AGTR1-0KW","R12AGTR10KW 15A GFCI, Model R12-AGTR1-0KW, Amperage 15 A","R12AGTR10KW 15A GFCI, R12-AGTR1-0KW",,Amperage: 15 A,,,,,,,,,,,,,,,,,,,,,,,R12AGTR10KW 15A GFCI,,R12AGTR10KW 15A GFCI,Amperage,15,A,,,,,,,,,,,,,,,,,,,,,,,,,,,,,,,,,,,,,,,,,,,,,,,,,,,,,,,,,,,,,,,,,,,,,,,,,,,,,,,,,,,,,,,,,,,,,,,,,,,,,,,,,,,,,,,,,,,,,,,,,,,,,,,,,,,,,,,,,,,,,,,,,,,,,,,,,,,,,,,,,,,,,,,,,,,,,,,,,,,,,,,,,,,,,,,,,,
,,,,,,,Electrical,Wiring Devices,Receptacles,,R62-GFTA1-0KW,R92GFTA10KW 15A GFCI Outlet Wh,,,,,Leviton Mfg Co,,,R62-GFTA1-0KW,,Electrical > Wiring Devices > Receptacles,"Receptacle, R62-GFTA1-0KW, Amperage 15 A",RECEPTACLE 15A,"Receptacle, R62-GFTA1-0KW","Receptacle, Model R62-GFTA1-0KW, Amperage 15 A","Receptacle, R62-GFTA1-0KW",,Amperage: 15 A,,,,,,,,,,,,,,,,,,,,,,,Receptacle,,Receptacle,Amperage,15,A,,,,,,,,,,,,,,,,,,,,,,,,,,,,,,,,,,,,,,,,,,,,,,,,,,,,,,,,,,,,,,,,,,,,,,,,,,,,,,,,,,,,,,,,,,,,,,,,,,,,,,,,,,,,,,,,,,,,,,,,,,,,,,,,,,,,,,,,,,,,,,,,,,,,,,,39121404,,,,,,,,,,,,,,,,,,,,,,,,,,,,,,,,,,,,,,,,,,,
,,,,,,,General Supplies,General,General,,165-04729-00C,1650472900C 15A 125V Cord Conn,,,,,Leviton Mfg Co,,,165-04729-00C,,General Supplies > General > General,"1650472900C 15A 125V, 165-04729-00C, Voltage 125 V, Amperage 15 A",1650472900C 15A 125V 125V 15A,"1650472900C 15A 125V, 165-04729-00C","1650472900C 15A 125V, Model 165-04729-00C, Voltage 125 V, Amperage 15 A","1650472900C 15A 125V, 165-04729-00C",,Voltage: 125 V,Amperage: 15 A,,,,,,,,,,,,,,,,,,,,,,1650472900C 15A 125V,,1650472900C 15A 125V,Voltage,125,V,Amperage,15,A,,,,,,,,,,,,,,,,,,,,,,,,,,,,,,,,,,,,,,,,,,,,,,,,,,,,,,,,,,,,,,,,,,,,,,,,,,,,,,,,,,,,,,,,,,,,,,,,,,,,,,,,,,,,,,,,,,,,,,,,,,,,,,,,,,,,,,,,,,,,,,,,,,,,,,,,,,,,,,,,,,,,,,,,,,,,,,,,,,,,,,,,,,,,,,,
,,,,,,,General Supplies,General,General,,161-04720-00C,1610472000C 15A 125V Cord Conn,,,,,Leviton Mfg Co,,,161-04720-00C,,General Supplies > General > General,"1610472000C 15A 125V, 161-04720-00C, Voltage 125 V, Amperage 15 A",1610472000C 15A 125V 125V 15A,"1610472000C 15A 125V, 161-04720-00C","1610472000C 15A 125V, Model 161-04720-00C, Voltage 125 V, Amperage 15 A","1610472000C 15A 125V, 161-04720-00C",,Voltage: 125 V,Amperage: 15 A,,,,,,,,,,,,,,,,,,,,,,1610472000C 15A 125V,,1610472000C 15A 125V,Voltage,125,V,Amperage,15,A,,,,,,,,,,,,,,,,,,,,,,,,,,,,,,,,,,,,,,,,,,,,,,,,,,,,,,,,,,,,,,,,,,,,,,,,,,,,,,,,,,,,,,,,,,,,,,,,,,,,,,,,,,,,,,,,,,,,,,,,,,,,,,,,,,,,,,,,,,,,,,,,,,,,,,,,,,,,,,,,,,,,,,,,,,,,,,,,,,,,,,,,,,,,,,,
,,,,,,,Electrical,Wiring Devices,Receptacles,,R02-GUAC1-0BW,R02GUAC10BW 15A/USB Outlet Wh,,,,,Leviton Mfg Co,,,R02-GUAC1-0BW,,Electrical > Wiring Devices > Receptacles,"Receptacle, R02-GUAC1-0BW, Amperage 15 A",RECEPTACLE 15A,"Receptacle, R02-GUAC1-0BW","Receptacle, Model R02-GUAC1-0BW, Amperage 15 A","Receptacle, R02-GUAC1-0BW",,Amperage: 15 A,,,,,,,,,,,,,,,,,,,,,,,Receptacle,,Receptacle,Amperage,15,A,,,,,,,,,,,,,,,,,,,,,,,,,,,,,,,,,,,,,,,,,,,,,,,,,,,,,,,,,,,,,,,,,,,,,,,,,,,,,,,,,,,,,,,,,,,,,,,,,,,,,,,,,,,,,,,,,,,,,,,,,,,,,,,,,,,,,,,,,,,,,,,,,,,,,,,39121404,,,,,,,,,,,,,,,,,,,,,,,,,,,,,,,,,,,,,,,,,,,
,,,,,,,Electrical,Lighting,LED Lamps,,R56-CBR15-00T,R56CBR1500T 15A Outlet LA,,,,,Leviton Mfg Co,,,R56-CBR15-00T,,Electrical > Lighting > LED Lamps,"LED Lamp, R56-CBR15-00T, Amperage 15 A, Teeth 500",LED LAMP 15A 500,"LED Lamp, R56-CBR15-00T","LED Lamp, Model R56-CBR15-00T, Amperage 15 A, Teeth 500","LED Lamp, R56-CBR15-00T",,Amperage: 15 A,Teeth: 500,,,,,,,,,,,,,,,,,,,,,,LED Lamp,,LED Lamp,Amperage,15,A,Teeth,500,,,,,,,,,,,,,,,,,,,,,,,,,,,,,,,,,,,,,,,,,,,,,,,,,,,,,,,,,,,,,,,,,,,,,,,,,,,,,,,,,,,,,,,,,,,,,,,,,,,,,,,,,,,,,,,,,,,,,,,,,,,,,,,,,,,,,,,,,,,,,,,,,,,,,39101629,,,,,,,,,,,,,,,,,,,,,,,,,,,,,,,,,,,,,,,,,,,
,,,,,,,General Supplies,General,General,,R20-05378-P00,R2005378P00 6-50R Welder Outet,,,,,Leviton Mfg Co,,,R20-05378-P00,,General Supplies > General > General,"R2005378P00 6-50R Welder, R20-05378-P00",R2005378P00 6-50R WELDER,"R2005378P00 6-50R Welder, R20-05378-P00","R2005378P00 6-50R Welder, Model R20-05378-P00","R2005378P00 6-50R Welder, R20-05378-P00",,,,,,,,,,,,,,,,,,,,,,,,,R2005378P00 6-50R Welder,,R2005378P00 6-50R Welder,,,,,,,,,,,,,,,,,,,,,,,,,,,,,,,,,,,,,,,,,,,,,,,,,,,,,,,,,,,,,,,,,,,,,,,,,,,,,,,,,,,,,,,,,,,,,,,,,,,,,,,,,,,,,,,,,,,,,,,,,,,,,,,,,,,,,,,,,,,,,,,,,,,,,,,,,,,,,,,,,,,,,,,,,,,,,,,,,,,,,,,,,,,,,,,,,,,,,
,,,,,,,General Supplies,General,General,,WC1V12W-SG-UPC,WC1V12WSGUPC 1G Cover Wh,,,,,Southwire/g Turner,,,WC1V12W-SG-UPC,,General Supplies > General > General,"WC1V12WSGUPC 1G Cover, WC1V12W-SG-UPC",WC1V12WSGUPC 1G COVER,"WC1V12WSGUPC 1G Cover, WC1V12W-SG-UPC","WC1V12WSGUPC 1G Cover, Model WC1V12W-SG-UPC","WC1V12WSGUPC 1G Cover, WC1V12W-SG-UPC",,,,,,,,,,,,,,,,,,,,,,,,,WC1V12WSGUPC 1G Cover,,WC1V12WSGUPC 1G Cover,,,,,,,,,,,,,,,,,,,,,,,,,,,,,,,,,,,,,,,,,,,,,,,,,,,,,,,,,,,,,,,,,,,,,,,,,,,,,,,,,,,,,,,,,,,,,,,,,,,,,,,,,,,,,,,,,,,,,,,,,,,,,,,,,,,,,,,,,,,,,,,,,,,,,,,,,,,,,,,,,,,,,,,,,,,,,,,,,,,,,,,,,,,,,,,,,,,,,
,,,,,,,General Supplies,General,General,,R51-GSRA1-THD,R5GSRA1THD 15A GFCI Plug,,,,,Leviton Mfg Co,,,R51-GSRA1-THD,,General Supplies > General > General,"R5GSRA1THD 15A GFCI, R51-GSRA1-THD, Amperage 15 A",R5GSRA1THD 15A GFCI 15A,"R5GSRA1THD 15A GFCI, R51-GSRA1-THD","R5GSRA1THD 15A GFCI, Model R51-GSRA1-THD, Amperage 15 A","R5GSRA1THD 15A GFCI, R51-GSRA1-THD",,Amperage: 15 A,,,,,,,,,,,,,,,,,,,,,,,R5GSRA1THD 15A GFCI,,R5GSRA1THD 15A GFCI,Amperage,15,A,,,,,,,,,,,,,,,,,,,,,,,,,,,,,,,,,,,,,,,,,,,,,,,,,,,,,,,,,,,,,,,,,,,,,,,,,,,,,,,,,,,,,,,,,,,,,,,,,,,,,,,,,,,,,,,,,,,,,,,,,,,,,,,,,,,,,,,,,,,,,,,,,,,,,,,,,,,,,,,,,,,,,,,,,,,,,,,,,,,,,,,,,,,,,,,,,,
,,,,,,,Electrical,Lighting,LED Lamps,,R62-CBR15-00W,R62CBR1500W 15A Outlet Wh,,,,,Leviton Mfg Co,,,R62-CBR15-00W,,Electrical > Lighting > LED Lamps,"LED Lamp, R62-CBR15-00W, Amperage 15 A, Wattage 1500 W",LED LAMP 15A 1500W,"LED Lamp, R62-CBR15-00W","LED Lamp, Model R62-CBR15-00W, Amperage 15 A, Wattage 1500 W","LED Lamp, R62-CBR15-00W",,Amperage: 15 A,Wattage: 1500 W,,,,,,,,,,,,,,,,,,,,,,LED Lamp,,LED Lamp,Amperage,15,A,Wattage,1500,W,,,,,,,,,,,,,,,,,,,,,,,,,,,,,,,,,,,,,,,,,,,,,,,,,,,,,,,,,,,,,,,,,,,,,,,,,,,,,,,,,,,,,,,,,,,,,,,,,,,,,,,,,,,,,,,,,,,,,,,,,,,,,,,,,,,,,,,,,,,,,,,,,,,,39101629,,,,,,,,,,,,,,,,,,,,,,,,,,,,,,,,,,,,,,,,,,,
,,,,,,,Electrical,Wiring Devices,Switches,,S03-05226-IS,S0305226IS IV Switch / Pilot,,,,,Leviton Mfg Co,,,S03-05226-IS,,Electrical > Wiring Devices > Switches,"Switch, S03-05226-IS",SWITCH,"Switch, S03-05226-IS","Switch, Model S03-05226-IS","Switch, S03-05226-IS",,,,,,,,,,,,,,,,,,,,,,,,,Switch,,Switch,,,,,,,,,,,,,,,,,,,,,,,,,,,,,,,,,,,,,,,,,,,,,,,,,,,,,,,,,,,,,,,,,,,,,,,,,,,,,,,,,,,,,,,,,,,,,,,,,,,,,,,,,,,,,,,,,,,,,,,,,,,,,,,,,,,,,,,,,,,,,,,,,,,,,,,,,,39121400,,,,,,,,,,,,,,,,,,,,,,,,,,,,,,,,,,,,,,,,,,,
,,,,,,,Electrical,Wiring Devices,Switches,,174-0CSB3-15W,174-OCSB3-15A Toggle 3-Way Switch Wh,,,,,Leviton Mfg Co,,,174-0CSB3-15W,,Electrical > Wiring Devices > Switches,"Switch, 174-0CSB3-15W, Amperage 15 A",SWITCH 15A,"Switch, 174-0CSB3-15W","Switch, Model 174-0CSB3-15W, Amperage 15 A","Switch, 174-0CSB3-15W",,Amperage: 15 A,,,,,,,,,,,,,,,,,,,,,,,Switch,,Switch,Amperage,15,A,,,,,,,,,,,,,,,,,,,,,,,,,,,,,,,,,,,,,,,,,,,,,,,,,,,,,,,,,,,,,,,,,,,,,,,,,,,,,,,,,,,,,,,,,,,,,,,,,,,,,,,,,,,,,,,,,,,,,,,,,,,,,,,,,,,,,,,,,,,,,,,,,,,,,,,39121400,,,,,,,,,,,,,,,,,,,,,,,,,,,,,,,,,,,,,,,,,,,
,,,,,,,General Supplies,General,General,,R50-0SL13-000,T50-0SL13000 1G Wallplate SS - Blank,,,,,Leviton Mfg Co,,,R50-0SL13-000,,General Supplies > General > General,"T50-0SL13000 1G Wallplate, R50-0SL13-000, Material Stainless Steel",T50-0SL13000 1G WALLPLATE STAINLESS STEEL,"T50-0SL13000 1G Wallplate, R50-0SL13-000","T50-0SL13000 1G Wallplate, Model R50-0SL13-000, Material Stainless Steel","T50-0SL13000 1G Wallplate, R50-0SL13-000",,Material: Stainless Steel,,,,,,,,,,,,,,,,,,,,,,,T50-0SL13000 1G Wallplate,,T50-0SL13000 1G Wallplate,Material,Stainless Steel,,,,,,,,,,,,,,,,,,,,,,,,,,,,,,,,,,,,,,,,,,,,,,,,,,,,,,,,,,,,,,,,,,,,,,,,,,,,,,,,,,,,,,,,,,,,,,,,,,,,,,,,,,,,,,,,,,,,,,,,,,,,,,,,,,,,,,,,,,,,,,,,,,,,,,,,,,,,,,,,,,,,,,,,,,,,,,,,,,,,,,,,,,,,,,,,,,,
,,,,,,,General Supplies,General,General,,R52-0PJ13-00W,R520PJ1300W 1G Wallplate Wh - Blank,,,,,Leviton Mfg Co,,,R52-0PJ13-00W,,General Supplies > General > General,"R520PJ1300W 1G Wallplate, R52-0PJ13-00W, Wattage 1300 W",R520PJ1300W 1G WALLPLATE 1300W,"R520PJ1300W 1G Wallplate, R52-0PJ13-00W","R520PJ1300W 1G Wallplate, Model R52-0PJ13-00W, Wattage 1300 W","R520PJ1300W 1G Wallplate, R52-0PJ13-00W",,Wattage: 1300 W,,,,,,,,,,,,,,,,,,,,,,,R520PJ1300W 1G Wallplate,,R520PJ1300W 1G Wallplate,Wattage,1300,W,,,,,,,,,,,,,,,,,,,,,,,,,,,,,,,,,,,,,,,,,,,,,,,,,,,,,,,,,,,,,,,,,,,,,,,,,,,,,,,,,,,,,,,,,,,,,,,,,,,,,,,,,,,,,,,,,,,,,,,,,,,,,,,,,,,,,,,,,,,,,,,,,,,,,,,,,,,,,,,,,,,,,,,,,,,,,,,,,,,,,,,,,,,,,,,,,,
,,,,,,,General Supplies,General,General,,XOU2470BCGS,XOU2470BCGS Tall Beverage Center SS,,,,,Appliance Dealers Cooperative,,,XOU2470BCGS,,General Supplies > General > General,"XOU2470BCGS Tall Beverage, XOU2470BCGS, Material Stainless Steel",XOU2470BCGS TALL BEVERAGE STAINLESS STEEL,"XOU2470BCGS Tall Beverage, XOU2470BCGS","XOU2470BCGS Tall Beverage, Model XOU2470BCGS, Material Stainless Steel","XOU2470BCGS Tall Beverage, XOU2470BCGS",,Material: Stainless Steel,,,,,,,,,,,,,,,,,,,,,,,XOU2470BCGS Tall Beverage,,XOU2470BCGS Tall Beverage,Material,Stainless Steel,,,,,,,,,,,,,,,,,,,,,,,,,,,,,,,,,,,,,,,,,,,,,,,,,,,,,,,,,,,,,,,,,,,,,,,,,,,,,,,,,,,,,,,,,,,,,,,,,,,,,,,,,,,,,,,,,,,,,,,,,,,,,,,,,,,,,,,,,,,,,,,,,,,,,,,,,,,,,,,,,,,,,,,,,,,,,,,,,,,,,,,,,,,,,,,,,,,
,,,,,,,General Supplies,General,General,,XOU24BCGSR,XOU24BCGSR Beverage Center SS,,,,,Appliance Dealers Cooperative,,,XOU24BCGSR,,General Supplies > General > General,"XOU24BCGSR Beverage Center, XOU24BCGSR, Material Stainless Steel",XOU24BCGSR BEVERAGE CENTER STAINLESS STEEL,"XOU24BCGSR Beverage Center, XOU24BCGSR","XOU24BCGSR Beverage Center, Model XOU24BCGSR, Material Stainless Steel","XOU24BCGSR Beverage Center, XOU24BCGSR",,Material: Stainless Steel,,,,,,,,,,,,,,,,,,,,,,,XOU24BCGSR Beverage Center,,XOU24BCGSR Beverage Center,Material,Stainless Steel,,,,,,,,,,,,,,,,,,,,,,,,,,,,,,,,,,,,,,,,,,,,,,,,,,,,,,,,,,,,,,,,,,,,,,,,,,,,,,,,,,,,,,,,,,,,,,,,,,,,,,,,,,,,,,,,,,,,,,,,,,,,,,,,,,,,,,,,,,,,,,,,,,,,,,,,,,,,,,,,,,,,,,,,,,,,,,,,,,,,,,,,,,,,,,,,,,,
,,,,,,,General Supplies,General,General,,XOU24WDZGBR,XOU24WDZGBR Beverage Center Bk,,,,,Appliance Dealers Cooperative,,,XOU24WDZGBR,,General Supplies > General > General,"XOU24WDZGBR Beverage Center, XOU24WDZGBR",XOU24WDZGBR BEVERAGE CENTER,"XOU24WDZGBR Beverage Center, XOU24WDZGBR","XOU24WDZGBR Beverage Center, Model XOU24WDZGBR","XOU24WDZGBR Beverage Center, XOU24WDZGBR",,,,,,,,,,,,,,,,,,,,,,,,,XOU24WDZGBR Beverage Center,,XOU24WDZGBR Beverage Center,,,,,,,,,,,,,,,,,,,,,,,,,,,,,,,,,,,,,,,,,,,,,,,,,,,,,,,,,,,,,,,,,,,,,,,,,,,,,,,,,,,,,,,,,,,,,,,,,,,,,,,,,,,,,,,,,,,,,,,,,,,,,,,,,,,,,,,,,,,,,,,,,,,,,,,,,,,,,,,,,,,,,,,,,,,,,,,,,,,,,,,,,,,,,,,,,,,,,
,,,,,,,General Supplies,General,General,,C7CDAAS3PD3,C7CDAAS3PD3 Café Drip Coffee Maker MB,,,,,Appliance Dealers Cooperative,,,C7CDAAS3PD3,,General Supplies > General > General,"C7CDAAS3PD3 Caf Drip, C7CDAAS3PD3",C7CDAAS3PD3 CAF DRIP,"C7CDAAS3PD3 Caf Drip, C7CDAAS3PD3","C7CDAAS3PD3 Caf Drip, Model C7CDAAS3PD3","C7CDAAS3PD3 Caf Drip, C7CDAAS3PD3",,,,,,,,,,,,,,,,,,,,,,,,,C7CDAAS3PD3 Caf Drip,,C7CDAAS3PD3 Caf Drip,,,,,,,,,,,,,,,,,,,,,,,,,,,,,,,,,,,,,,,,,,,,,,,,,,,,,,,,,,,,,,,,,,,,,,,,,,,,,,,,,,,,,,,,,,,,,,,,,,,,,,,,,,,,,,,,,,,,,,,,,,,,,,,,,,,,,,,,,,,,,,,,,,,,,,,,,,,,,,,,,,,,,,,,,,,,,,,,,,,,,,,,,,,,,,,,,,,,,
,,,,,,,General Supplies,General,General,,C7CDAAS4PW3,C7CDAAS4PW3 Café Drip Coffee Maker MW,,,,,Appliance Dealers Cooperative,,,C7CDAAS4PW3,,General Supplies > General > General,"C7CDAAS4PW3 Caf Drip, C7CDAAS4PW3",C7CDAAS4PW3 CAF DRIP,"C7CDAAS4PW3 Caf Drip, C7CDAAS4PW3","C7CDAAS4PW3 Caf Drip, Model C7CDAAS4PW3","C7CDAAS4PW3 Caf Drip, C7CDAAS4PW3",,,,,,,,,,,,,,,,,,,,,,,,,C7CDAAS4PW3 Caf Drip,,C7CDAAS4PW3 Caf Drip,,,,,,,,,,,,,,,,,,,,,,,,,,,,,,,,,,,,,,,,,,,,,,,,,,,,,,,,,,,,,,,,,,,,,,,,,,,,,,,,,,,,,,,,,,,,,,,,,,,,,,,,,,,,,,,,,,,,,,,,,,,,,,,,,,,,,,,,,,,,,,,,,,,,,,,,,,,,,,,,,,,,,,,,,,,,,,,,,,,,,,,,,,,,,,,,,,,,,
,,,,,,,General Supplies,General,General,,C7CDABS2RS3,C7CDABS2RS3 Cafe Coffee Maker,,,,,Appliance Dealers Cooperative,,,C7CDABS2RS3,,General Supplies > General > General,"C7CDABS2RS3 Cafe Coffee, C7CDABS2RS3",C7CDABS2RS3 CAFE COFFEE,"C7CDABS2RS3 Cafe Coffee, C7CDABS2RS3","C7CDABS2RS3 Cafe Coffee, Model C7CDABS2RS3","C7CDABS2RS3 Cafe Coffee, C7CDABS2RS3",,,,,,,,,,,,,,,,,,,,,,,,,C7CDABS2RS3 Cafe Coffee,,C7CDABS2RS3 Cafe Coffee,,,,,,,,,,,,,,,,,,,,,,,,,,,,,,,,,,,,,,,,,,,,,,,,,,,,,,,,,,,,,,,,,,,,,,,,,,,,,,,,,,,,,,,,,,,,,,,,,,,,,,,,,,,,,,,,,,,,,,,,,,,,,,,,,,,,,,,,,,,,,,,,,,,,,,,,,,,,,,,,,,,,,,,,,,,,,,,,,,,,,,,,,,,,,,,,,,,,,
,,,,,,,General Supplies,General,General,,C7CDABS3RD3,C7CDABS3RD3 Café Coffee Maker MB,,,,,Appliance Dealers Cooperative,,,C7CDABS3RD3,,General Supplies > General > General,"C7CDABS3RD3 Caf Coffee, C7CDABS3RD3",C7CDABS3RD3 CAF COFFEE,"C7CDABS3RD3 Caf Coffee, C7CDABS3RD3","C7CDABS3RD3 Caf Coffee, Model C7CDABS3RD3","C7CDABS3RD3 Caf Coffee, C7CDABS3RD3",,,,,,,,,,,,,,,,,,,,,,,,,C7CDABS3RD3 Caf Coffee,,C7CDABS3RD3 Caf Coffee,,,,,,,,,,,,,,,,,,,,,,,,,,,,,,,,,,,,,,,,,,,,,,,,,,,,,,,,,,,,,,,,,,,,,,,,,,,,,,,,,,,,,,,,,,,,,,,,,,,,,,,,,,,,,,,,,,,,,,,,,,,,,,,,,,,,,,,,,,,,,,,,,,,,,,,,,,,,,,,,,,,,,,,,,,,,,,,,,,,,,,,,,,,,,,,,,,,,,
,,,,,,,General Supplies,General,General,,C7CDABS4RW3,C7CDABS4RW3 Café Coffee Maker MW,,,,,Appliance Dealers Cooperative,,,C7CDABS4RW3,,General Supplies > General > General,"C7CDABS4RW3 Caf Coffee, C7CDABS4RW3",C7CDABS4RW3 CAF COFFEE,"C7CDABS4RW3 Caf Coffee, C7CDABS4RW3","C7CDABS4RW3 Caf Coffee, Model C7CDABS4RW3","C7CDABS4RW3 Caf Coffee, C7CDABS4RW3",,,,,,,,,,,,,,,,,,,,,,,,,C7CDABS4RW3 Caf Coffee,,C7CDABS4RW3 Caf Coffee,,,,,,,,,,,,,,,,,,,,,,,,,,,,,,,,,,,,,,,,,,,,,,,,,,,,,,,,,,,,,,,,,,,,,,,,,,,,,,,,,,,,,,,,,,,,,,,,,,,,,,,,,,,,,,,,,,,,,,,,,,,,,,,,,,,,,,,,,,,,,,,,,,,,,,,,,,,,,,,,,,,,,,,,,,,,,,,,,,,,,,,,,,,,,,,,,,,,,
,,,,,,,General Supplies,General,General,,C7CEBBS2RS3,C7CEBBS2RS3 Cafe Auto Espresso Machine SS,,,,,Appliance Dealers Cooperative,,,C7CEBBS2RS3,,General Supplies > General > General,"C7CEBBS2RS3 Cafe Auto, C7CEBBS2RS3, Material Stainless Steel",C7CEBBS2RS3 CAFE AUTO STAINLESS STEEL,"C7CEBBS2RS3 Cafe Auto, C7CEBBS2RS3","C7CEBBS2RS3 Cafe Auto, Model C7CEBBS2RS3, Material Stainless Steel","C7CEBBS2RS3 Cafe Auto, C7CEBBS2RS3",,Material: Stainless Steel,,,,,,,,,,,,,,,,,,,,,,,C7CEBBS2RS3 Cafe Auto,,C7CEBBS2RS3 Cafe Auto,Material,Stainless Steel,,,,,,,,,,,,,,,,,,,,,,,,,,,,,,,,,,,,,,,,,,,,,,,,,,,,,,,,,,,,,,,,,,,,,,,,,,,,,,,,,,,,,,,,,,,,,,,,,,,,,,,,,,,,,,,,,,,,,,,,,,,,,,,,,,,,,,,,,,,,,,,,,,,,,,,,,,,,,,,,,,,,,,,,,,,,,,,,,,,,,,,,,,,,,,,,,,,
,,,,,,,General Supplies,General,General,,C7CEBBS4RW3,C7CEBBS4RW3 Café Auto Espresso Machine Wh,,,,,Appliance Dealers Cooperative,,,C7CEBBS4RW3,,General Supplies > General > General,"C7CEBBS4RW3 Caf Auto, C7CEBBS4RW3",C7CEBBS4RW3 CAF AUTO,"C7CEBBS4RW3 Caf Auto, C7CEBBS4RW3","C7CEBBS4RW3 Caf Auto, Model C7CEBBS4RW3","C7CEBBS4RW3 Caf Auto, C7CEBBS4RW3",,,,,,,,,,,,,,,,,,,,,,,,,C7CEBBS4RW3 Caf Auto,,C7CEBBS4RW3 Caf Auto,,,,,,,,,,,,,,,,,,,,,,,,,,,,,,,,,,,,,,,,,,,,,,,,,,,,,,,,,,,,,,,,,,,,,,,,,,,,,,,,,,,,,,,,,,,,,,,,,,,,,,,,,,,,,,,,,,,,,,,,,,,,,,,,,,,,,,,,,,,,,,,,,,,,,,,,,,,,,,,,,,,,,,,,,,,,,,,,,,,,,,,,,,,,,,,,,,,,,
,,,,,,,General Supplies,General,General,,C7CESAS2RS3,C7CESAS2RS3 Café Espresso SS,,,,,Appliance Dealers Cooperative,,,C7CESAS2RS3,,General Supplies > General > General,"C7CESAS2RS3 Caf Espresso, C7CESAS2RS3, Material Stainless Steel",C7CESAS2RS3 CAF ESPRESSO STAINLESS STEEL,"C7CESAS2RS3 Caf Espresso, C7CESAS2RS3","C7CESAS2RS3 Caf Espresso, Model C7CESAS2RS3, Material Stainless Steel","C7CESAS2RS3 Caf Espresso, C7CESAS2RS3",,Material: Stainless Steel,,,,,,,,,,,,,,,,,,,,,,,C7CESAS2RS3 Caf Espresso,,C7CESAS2RS3 Caf Espresso,Material,Stainless Steel,,,,,,,,,,,,,,,,,,,,,,,,,,,,,,,,,,,,,,,,,,,,,,,,,,,,,,,,,,,,,,,,,,,,,,,,,,,,,,,,,,,,,,,,,,,,,,,,,,,,,,,,,,,,,,,,,,,,,,,,,,,,,,,,,,,,,,,,,,,,,,,,,,,,,,,,,,,,,,,,,,,,,,,,,,,,,,,,,,,,,,,,,,,,,,,,,,,
,,,,,,,General Supplies,General,General,,C7CESAS3RD3,C7CESAS3RD3 Café Espresso Machine MB,,,,,Appliance Dealers Cooperative,,,C7CESAS3RD3,,General Supplies > General > General,"C7CESAS3RD3 Caf Espresso, C7CESAS3RD3",C7CESAS3RD3 CAF ESPRESSO,"C7CESAS3RD3 Caf Espresso, C7CESAS3RD3","C7CESAS3RD3 Caf Espresso, Model C7CESAS3RD3","C7CESAS3RD3 Caf Espresso, C7CESAS3RD3",,,,,,,,,,,,,,,,,,,,,,,,,C7CESAS3RD3 Caf Espresso,,C7CESAS3RD3 Caf Espresso,,,,,,,,,,,,,,,,,,,,,,,,,,,,,,,,,,,,,,,,,,,,,,,,,,,,,,,,,,,,,,,,,,,,,,,,,,,,,,,,,,,,,,,,,,,,,,,,,,,,,,,,,,,,,,,,,,,,,,,,,,,,,,,,,,,,,,,,,,,,,,,,,,,,,,,,,,,,,,,,,,,,,,,,,,,,,,,,,,,,,,,,,,,,,,,,,,,,,
,,,,,,,General Supplies,General,General,,C7CESAS4RW3,C7CESAS4RW3 Cafe Espresso Wh,,,,,Appliance Dealers Cooperative,,,C7CESAS4RW3,,General Supplies > General > General,"C7CESAS4RW3 Cafe Espresso, C7CESAS4RW3",C7CESAS4RW3 CAFE ESPRESSO,"C7CESAS4RW3 Cafe Espresso, C7CESAS4RW3","C7CESAS4RW3 Cafe Espresso, Model C7CESAS4RW3","C7CESAS4RW3 Cafe Espresso, C7CESAS4RW3",,,,,,,,,,,,,,,,,,,,,,,,,C7CESAS4RW3 Cafe Espresso,,C7CESAS4RW3 Cafe Espresso,,,,,,,,,,,,,,,,,,,,,,,,,,,,,,,,,,,,,,,,,,,,,,,,,,,,,,,,,,,,,,,,,,,,,,,,,,,,,,,,,,,,,,,,,,,,,,,,,,,,,,,,,,,,,,,,,,,,,,,,,,,,,,,,,,,,,,,,,,,,,,,,,,,,,,,,,,,,,,,,,,,,,,,,,,,,,,,,,,,,,,,,,,,,,,,,,,,,,
,,,,,,,Appliances,Large Appliances,Ranges,,WOSP30100SS,WOSP30100SS Beko Wall Oven SS,,,,,Appliance Dealers Cooperative,,,WOSP30100SS,,Appliances > Large Appliances > Ranges,"Range, WOSP30100SS, Material Stainless Steel",RANGE STAINLESS STEEL,"Range, WOSP30100SS","Range, Model WOSP30100SS, Material Stainless Steel","Range, WOSP30100SS",,Material: Stainless Steel,,,,,,,,,,,,,,,,,,,,,,,Range,,Range,Material,Stainless Steel,,,,,,,,,,,,,,,,,,,,,,,,,,,,,,,,,,,,,,,,,,,,,,,,,,,,,,,,,,,,,,,,,,,,,,,,,,,,,,,,,,,,,,,,,,,,,,,,,,,,,,,,,,,,,,,,,,,,,,,,,,,,,,,,,,,,,,,,,,,,,,,,,,,,,,,,52101508,,,,,,,,,,,,,,,,,,,,,,,,,,,,,,,,,,,,,,,,,,,
,,,,,,,Appliances,Large Appliances,Microwaves,,MSER2090S,MSER2090S LG Microwave SS,,,,,Appliance Dealers Cooperative,,,MSER2090S,,Appliances > Large Appliances > Microwaves,"Microwave, MSER2090S, Material Stainless Steel",MICROWAVE STAINLESS STEEL,"Microwave, MSER2090S","Microwave, Model MSER2090S, Material Stainless Steel","Microwave, MSER2090S",,Material: Stainless Steel,,,,,,,,,,,,,,,,,,,,,,,Microwave,,Microwave,Material,Stainless Steel,,,,,,,,,,,,,,,,,,,,,,,,,,,,,,,,,,,,,,,,,,,,,,,,,,,,,,,,,,,,,,,,,,,,,,,,,,,,,,,,,,,,,,,,,,,,,,,,,,,,,,,,,,,,,,,,,,,,,,,,,,,,,,,,,,,,,,,,,,,,,,,,,,,,,,,,52101510,,,,,,,,,,,,,,,,,,,,,,,,,,,,,,,,,,,,,,,,,,,
,,,,,,,Appliances,Large Appliances,Microwaves,,GCST16S1WSS,GCST16S1WSS GE Microwave SS,,,,,Appliance Dealers Cooperative,,,GCST16S1WSS,,Appliances > Large Appliances > Microwaves,"Microwave, GCST16S1WSS, Material Stainless Steel",MICROWAVE STAINLESS STEEL,"Microwave, GCST16S1WSS","Microwave, Model GCST16S1WSS, Material Stainless Steel","Microwave, GCST16S1WSS",,Material: Stainless Steel,,,,,,,,,,,,,,,,,,,,,,,Microwave,,Microwave,Material,Stainless Steel,,,,,,,,,,,,,,,,,,,,,,,,,,,,,,,,,,,,,,,,,,,,,,,,,,,,,,,,,,,,,,,,,,,,,,,,,,,,,,,,,,,,,,,,,,,,,,,,,,,,,,,,,,,,,,,,,,,,,,,,,,,,,,,,,,,,,,,,,,,,,,,,,,,,,,,,52101510,,,,,,,,,,,,,,,,,,,,,,,,,,,,,,,,,,,,,,,,,,,
,,,,,,,Appliances,Large Appliances,Microwaves,,PCWK15C1WSS,PCWK15C1WSS GE Microwave,,,,,Appliance Dealers Cooperative,,,PCWK15C1WSS,,Appliances > Large Appliances > Microwaves,"Microwave, PCWK15C1WSS",MICROWAVE,"Microwave, PCWK15C1WSS","Microwave, Model PCWK15C1WSS","Microwave, PCWK15C1WSS",,,,,,,,,,,,,,,,,,,,,,,,,Microwave,,Microwave,,,,,,,,,,,,,,,,,,,,,,,,,,,,,,,,,,,,,,,,,,,,,,,,,,,,,,,,,,,,,,,,,,,,,,,,,,,,,,,,,,,,,,,,,,,,,,,,,,,,,,,,,,,,,,,,,,,,,,,,,,,,,,,,,,,,,,,,,,,,,,,,,,,,,,,,,,52101510,,,,,,,,,,,,,,,,,,,,,,,,,,,,,,,,,,,,,,,,,,,
,,,,,,,Appliances,Large Appliances,Microwaves,,SMC2266KS,SMC2266KS Microwave SS Display Only,,,,,Appliance Dealers Cooperative,,,SMC2266KS,,Appliances > Large Appliances > Microwaves,"Microwave, SMC2266KS, Material Stainless Steel",MICROWAVE STAINLESS STEEL,"Microwave, SMC2266KS","Microwave, Model SMC2266KS, Material Stainless Steel","Microwave, SMC2266KS",,Material: Stainless Steel,,,,,,,,,,,,,,,,,,,,,,,Microwave,,Microwave,Material,Stainless Steel,,,,,,,,,,,,,,,,,,,,,,,,,,,,,,,,,,,,,,,,,,,,,,,,,,,,,,,,,,,,,,,,,,,,,,,,,,,,,,,,,,,,,,,,,,,,,,,,,,,,,,,,,,,,,,,,,,,,,,,,,,,,,,,,,,,,,,,,,,,,,,,,,,,,,,,,52101510,,,,,,,,,,,,,,,,,,,,,,,,,,,,,,,,,,,,,,,,,,,
,,,,,,,Appliances,Large Appliances,Microwaves,,SMD2479JS,SMD2479JS Microwave Drawer SS Display Only,,,,,Appliance Dealers Cooperative,,,SMD2479JS,,Appliances > Large Appliances > Microwaves,"Microwave, SMD2479JS, Material Stainless Steel",MICROWAVE STAINLESS STEEL,"Microwave, SMD2479JS","Microwave, Model SMD2479JS, Material Stainless Steel","Microwave, SMD2479JS",,Material: Stainless Steel,,,,,,,,,,,,,,,,,,,,,,,Microwave,,Microwave,Material,Stainless Steel,,,,,,,,,,,,,,,,,,,,,,,,,,,,,,,,,,,,,,,,,,,,,,,,,,,,,,,,,,,,,,,,,,,,,,,,,,,,,,,,,,,,,,,,,,,,,,,,,,,,,,,,,,,,,,,,,,,,,,,,,,,,,,,,,,,,,,,,,,,,,,,,,,,,,,,,52101510,,,,,,,,,,,,,,,,,,,,,,,,,,,,,,,,,,,,,,,,,,,
,,,,,,,Appliances,Large Appliances,Ranges,,PEP9030DTBB,"PEP9030DTBB 30"" GE Cooktop Bk",,,,,Appliance Dealers Cooperative,,,PEP9030DTBB,,Appliances > Large Appliances > Ranges,"Range, PEP9030DTBB",RANGE,"Range, PEP9030DTBB","Range, Model PEP9030DTBB","Range, PEP9030DTBB",,,,,,,,,,,,,,,,,,,,,,,,,Range,,Range,,,,,,,,,,,,,,,,,,,,,,,,,,,,,,,,,,,,,,,,,,,,,,,,,,,,,,,,,,,,,,,,,,,,,,,,,,,,,,,,,,,,,,,,,,,,,,,,,,,,,,,,,,,,,,,,,,,,,,,,,,,,,,,,,,,,,,,,,,,,,,,,,,,,,,,,,,52101508,,,,,,,,,,,,,,,,,,,,,,,,,,,,,,,,,,,,,,,,,,,
,,,,,,,Appliances,Large Appliances,Ranges,,CES700P3MD1,"CES700P3MD1 Cafe 30"" Range Bk - Display",,,,,Appliance Dealers Cooperative,,,CES700P3MD1,,Appliances > Large Appliances > Ranges,"Range, CES700P3MD1",RANGE,"Range, CES700P3MD1","Range, Model CES700P3MD1","Range, CES700P3MD1",,,,,,,,,,,,,,,,,,,,,,,,,Range,,Range,,,,,,,,,,,,,,,,,,,,,,,,,,,,,,,,,,,,,,,,,,,,,,,,,,,,,,,,,,,,,,,,,,,,,,,,,,,,,,,,,,,,,,,,,,,,,,,,,,,,,,,,,,,,,,,,,,,,,,,,,,,,,,,,,,,,,,,,,,,,,,,,,,,,,,,,,,52101508,,,,,,,,,,,,,,,,,,,,,,,,,,,,,,,,,,,,,,,,,,,
,,,,,,,Appliances,Large Appliances,Ranges,,PS960YPFS,"PS960YPFS 30"" GE Electric Range SS - Display Only",,,,,Appliance Dealers Cooperative,,,PS960YPFS,,Appliances > Large Appliances > Ranges,"Range, PS960YPFS, Material Stainless Steel",RANGE STAINLESS STEEL,"Range, PS960YPFS","Range, Model PS960YPFS, Material Stainless Steel","Range, PS960YPFS",,Material: Stainless Steel,,,,,,,,,,,,,,,,,,,,,,,Range,,Range,Material,Stainless Steel,,,,,,,,,,,,,,,,,,,,,,,,,,,,,,,,,,,,,,,,,,,,,,,,,,,,,,,,,,,,,,,,,,,,,,,,,,,,,,,,,,,,,,,,,,,,,,,,,,,,,,,,,,,,,,,,,,,,,,,,,,,,,,,,,,,,,,,,,,,,,,,,,,,,,,,,52101508,,,,,,,,,,,,,,,,,,,,,,,,,,,,,,,,,,,,,,,,,,,
,,,,,,,Appliances,Large Appliances,Ranges,,PB900YVFS,"PB900YVFS Elect 30"" Range SS",,,,,Appliance Dealers Cooperative,,,PB900YVFS,,Appliances > Large Appliances > Ranges,"Range, PB900YVFS, Material Stainless Steel",RANGE STAINLESS STEEL,"Range, PB900YVFS","Range, Model PB900YVFS, Material Stainless Steel","Range, PB900YVFS",,Material: Stainless Steel,,,,,,,,,,,,,,,,,,,,,,,Range,,Range,Material,Stainless Steel,,,,,,,,,,,,,,,,,,,,,,,,,,,,,,,,,,,,,,,,,,,,,,,,,,,,,,,,,,,,,,,,,,,,,,,,,,,,,,,,,,,,,,,,,,,,,,,,,,,,,,,,,,,,,,,,,,,,,,,,,,,,,,,,,,,,,,,,,,,,,,,,,,,,,,,,52101508,,,,,,,,,,,,,,,,,,,,,,,,,,,,,,,,,,,,,,,,,,,
,,,,,,,Appliances,Large Appliances,Ranges,,PCFE3080AF,"PCFE3080AF 30"" Elect Range SS - Display Only",,,,,Appliance Dealers Cooperative,,,PCFE3080AF,,Appliances > Large Appliances > Ranges,"Range, PCFE3080AF, Material Stainless Steel",RANGE STAINLESS STEEL,"Range, PCFE3080AF","Range, Model PCFE3080AF, Material Stainless Steel","Range, PCFE3080AF",,Material: Stainless Steel,,,,,,,,,,,,,,,,,,,,,,,Range,,Range,Material,Stainless Steel,,,,,,,,,,,,,,,,,,,,,,,,,,,,,,,,,,,,,,,,,,,,,,,,,,,,,,,,,,,,,,,,,,,,,,,,,,,,,,,,,,,,,,,,,,,,,,,,,,,,,,,,,,,,,,,,,,,,,,,,,,,,,,,,,,,,,,,,,,,,,,,,,,,,,,,,52101508,,,,,,,,,,,,,,,,,,,,,,,,,,,,,,,,,,,,,,,,,,,
,,,,,,,Appliances,Large Appliances,Ranges,,SLER30524SS,"SLER30524SS 30"" Elect Range SS",,,,,Appliance Dealers Cooperative,,,SLER30524SS,,Appliances > Large Appliances > Ranges,"Range, SLER30524SS, Material Stainless Steel",RANGE STAINLESS STEEL,"Range, SLER30524SS","Range, Model SLER30524SS, Material Stainless Steel","Range, SLER30524SS",,Material: Stainless Steel,,,,,,,,,,,,,,,,,,,,,,,Range,,Range,Material,Stainless Steel,,,,,,,,,,,,,,,,,,,,,,,,,,,,,,,,,,,,,,,,,,,,,,,,,,,,,,,,,,,,,,,,,,,,,,,,,,,,,,,,,,,,,,,,,,,,,,,,,,,,,,,,,,,,,,,,,,,,,,,,,,,,,,,,,,,,,,,,,,,,,,,,,,,,,,,,52101508,,,,,,,,,,,,,,,,,,,,,,,,,,,,,,,,,,,,,,,,,,,
,,,,,,,Appliances,Large Appliances,Ranges,,LSEL6333ZE,"LSEL6333ZE LG 30"" Elec Range BS-Display Only",,,,,Appliance Dealers Cooperative,,,LSEL6333ZE,,Appliances > Large Appliances > Ranges,"Range, LSEL6333ZE",RANGE,"Range, LSEL6333ZE","Range, Model LSEL6333ZE","Range, LSEL6333ZE",,,,,,,,,,,,,,,,,,,,,,,,,Range,,Range,,,,,,,,,,,,,,,,,,,,,,,,,,,,,,,,,,,,,,,,,,,,,,,,,,,,,,,,,,,,,,,,,,,,,,,,,,,,,,,,,,,,,,,,,,,,,,,,,,,,,,,,,,,,,,,,,,,,,,,,,,,,,,,,,,,,,,,,,,,,,,,,,,,,,,,,,,52101508,,,,,,,,,,,,,,,,,,,,,,,,,,,,,,,,,,,,,,,,,,,
,,,,,,,Appliances,Large Appliances,Ranges,,KSES530SBE,"KSES530SBE 30"" Elect Range BO Display Only",,,,,Appliance Dealers Cooperative,,,KSES530SBE,,Appliances > Large Appliances > Ranges,"Range, KSES530SBE",RANGE,"Range, KSES530SBE","Range, Model KSES530SBE","Range, KSES530SBE",,,,,,,,,,,,,,,,,,,,,,,,,Range,,Range,,,,,,,,,,,,,,,,,,,,,,,,,,,,,,,,,,,,,,,,,,,,,,,,,,,,,,,,,,,,,,,,,,,,,,,,,,,,,,,,,,,,,,,,,,,,,,,,,,,,,,,,,,,,,,,,,,,,,,,,,,,,,,,,,,,,,,,,,,,,,,,,,,,,,,,,,,52101508,,,,,,,,,,,,,,,,,,,,,,,,,,,,,,,,,,,,,,,,,,,
,,,,,,,Appliances,Large Appliances,Ranges,,GCFG3661AF,"GCFG3661AF 36"" Frigidaire Gas Range SS",,,,,Appliance Dealers Cooperative,,,GCFG3661AF,,Appliances > Large Appliances > Ranges,"Range, GCFG3661AF, Material Stainless Steel",RANGE STAINLESS STEEL,"Range, GCFG3661AF","Range, Model GCFG3661AF, Material Stainless Steel","Range, GCFG3661AF",,Material: Stainless Steel,,,,,,,,,,,,,,,,,,,,,,,Range,,Range,Material,Stainless Steel,,,,,,,,,,,,,,,,,,,,,,,,,,,,,,,,,,,,,,,,,,,,,,,,,,,,,,,,,,,,,,,,,,,,,,,,,,,,,,,,,,,,,,,,,,,,,,,,,,,,,,,,,,,,,,,,,,,,,,,,,,,,,,,,,,,,,,,,,,,,,,,,,,,,,,,,52101508,,,,,,,,,,,,,,,,,,,,,,,,,,,,,,,,,,,,,,,,,,,
,,,,,,,Appliances,Large Appliances,Ranges,,WSGS7530RZ,"WSGS7530RZ 30"" Gas Range SS - Display Only",,,,,Appliance Dealers Cooperative,,,WSGS7530RZ,,Appliances > Large Appliances > Ranges,"Range, WSGS7530RZ, Material Stainless Steel",RANGE STAINLESS STEEL,"Range, WSGS7530RZ","Range, Model WSGS7530RZ, Material Stainless Steel","Range, WSGS7530RZ",,Material: Stainless Steel,,,,,,,,,,,,,,,,,,,,,,,Range,,Range,Material,Stainless Steel,,,,,,,,,,,,,,,,,,,,,,,,,,,,,,,,,,,,,,,,,,,,,,,,,,,,,,,,,,,,,,,,,,,,,,,,,,,,,,,,,,,,,,,,,,,,,,,,,,,,,,,,,,,,,,,,,,,,,,,,,,,,,,,,,,,,,,,,,,,,,,,,,,,,,,,,52101508,,,,,,,,,,,,,,,,,,,,,,,,,,,,,,,,,,,,,,,,,,,
,,,,,,,Appliances,Large Appliances,Ranges,,CHP90301TBB,CHP90301TBB Café Cooktop Bk,,,,,Appliance Dealers Cooperative,,,CHP90301TBB,,Appliances > Large Appliances > Ranges,"Range, CHP90301TBB",RANGE,"Range, CHP90301TBB","Range, Model CHP90301TBB","Range, CHP90301TBB",,,,,,,,,,,,,,,,,,,,,,,,,Range,,Range,,,,,,,,,,,,,,,,,,,,,,,,,,,,,,,,,,,,,,,,,,,,,,,,,,,,,,,,,,,,,,,,,,,,,,,,,,,,,,,,,,,,,,,,,,,,,,,,,,,,,,,,,,,,,,,,,,,,,,,,,,,,,,,,,,,,,,,,,,,,,,,,,,,,,,,,,,52101508,,,,,,,,,,,,,,,,,,,,,,,,,,,,,,,,,,,,,,,,,,,
,,,,,,,Appliances,Large Appliances,Microwaves,,CVM517P3RD1,CVM517P3RD1 Cafe Microwave Bk - Display,,,,,Appliance Dealers Cooperative,,,CVM517P3RD1,,Appliances > Large Appliances > Microwaves,"Microwave, CVM517P3RD1",MICROWAVE,"Microwave, CVM517P3RD1","Microwave, Model CVM517P3RD1","Microwave, CVM517P3RD1",,,,,,,,,,,,,,,,,,,,,,,,,Microwave,,Microwave,,,,,,,,,,,,,,,,,,,,,,,,,,,,,,,,,,,,,,,,,,,,,,,,,,,,,,,,,,,,,,,,,,,,,,,,,,,,,,,,,,,,,,,,,,,,,,,,,,,,,,,,,,,,,,,,,,,,,,,,,,,,,,,,,,,,,,,,,,,,,,,,,,,,,,,,,,52101510,,,,,,,,,,,,,,,,,,,,,,,,,,,,,,,,,,,,,,,,,,,
,,,,,,,Appliances,Large Appliances,Microwaves,,PMOS1980AF,PMOS1980AF OTR Microwave SS - Display Only,,,,,Appliance Dealers Cooperative,,,PMOS1980AF,,Appliances > Large Appliances > Microwaves,"Microwave, PMOS1980AF, Material Stainless Steel",MICROWAVE STAINLESS STEEL,"Microwave, PMOS1980AF","Microwave, Model PMOS1980AF, Material Stainless Steel","Microwave, PMOS1980AF",,Material: Stainless Steel,,,,,,,,,,,,,,,,,,,,,,,Microwave,,Microwave,Material,Stainless Steel,,,,,,,,,,,,,,,,,,,,,,,,,,,,,,,,,,,,,,,,,,,,,,,,,,,,,,,,,,,,,,,,,,,,,,,,,,,,,,,,,,,,,,,,,,,,,,,,,,,,,,,,,,,,,,,,,,,,,,,,,,,,,,,,,,,,,,,,,,,,,,,,,,,,,,,,52101510,,,,,,,,,,,,,,,,,,,,,,,,,,,,,,,,,,,,,,,,,,,
,,,,,,,General Supplies,General,General,,WMMS3330RZ,WMMS3330RZ OTR Mocrowave SS - Display Only,,,,,Appliance Dealers Cooperative,,,WMMS3330RZ,,General Supplies > General > General,"WMMS3330RZ OTR Mocrowave, WMMS3330RZ, Material Stainless Steel",WMMS3330RZ OTR MOCROWAVE STAINLESS STEEL,"WMMS3330RZ OTR Mocrowave, WMMS3330RZ","WMMS3330RZ OTR Mocrowave, Model WMMS3330RZ, Material Stainless Steel","WMMS3330RZ OTR Mocrowave, WMMS3330RZ",,Material: Stainless Steel,,,,,,,,,,,,,,,,,,,,,,,WMMS3330RZ OTR Mocrowave,,WMMS3330RZ OTR Mocrowave,Material,Stainless Steel,,,,,,,,,,,,,,,,,,,,,,,,,,,,,,,,,,,,,,,,,,,,,,,,,,,,,,,,,,,,,,,,,,,,,,,,,,,,,,,,,,,,,,,,,,,,,,,,,,,,,,,,,,,,,,,,,,,,,,,,,,,,,,,,,,,,,,,,,,,,,,,,,,,,,,,,,,,,,,,,,,,,,,,,,,,,,,,,,,,,,,,,,,,,,,,,,,,
,,,,,,,Appliances,Large Appliances,Microwaves,,KMMF530PBE,KMMF530PBE OTR Microwave BO Display Only,,,,,Appliance Dealers Cooperative,,,KMMF530PBE,,Appliances > Large Appliances > Microwaves,"Microwave, KMMF530PBE",MICROWAVE,"Microwave, KMMF530PBE","Microwave, Model KMMF530PBE","Microwave, KMMF530PBE",,,,,,,,,,,,,,,,,,,,,,,,,Microwave,,Microwave,,,,,,,,,,,,,,,,,,,,,,,,,,,,,,,,,,,,,,,,,,,,,,,,,,,,,,,,,,,,,,,,,,,,,,,,,,,,,,,,,,,,,,,,,,,,,,,,,,,,,,,,,,,,,,,,,,,,,,,,,,,,,,,,,,,,,,,,,,,,,,,,,,,,,,,,,,52101510,,,,,,,,,,,,,,,,,,,,,,,,,,,,,,,,,,,,,,,,,,,
,,,,,,,Appliances,Outdoor Appliances,Grills,,JXGRILL1,JXGRILL1 GE Range Grill,,,,,Appliance Dealers Cooperative,,,JXGRILL1,,Appliances > Outdoor Appliances > Grills,"Grill, JXGRILL1",GRILL,"Grill, JXGRILL1","Grill, Model JXGRILL1","Grill, JXGRILL1",,,,,,,,,,,,,,,,,,,,,,,,,Grill,,Grill,,,,,,,,,,,,,,,,,,,,,,,,,,,,,,,,,,,,,,,,,,,,,,,,,,,,,,,,,,,,,,,,,,,,,,,,,,,,,,,,,,,,,,,,,,,,,,,,,,,,,,,,,,,,,,,,,,,,,,,,,,,,,,,,,,,,,,,,,,,,,,,,,,,,,,,,,,52101900,,,,,,,,,,,,,,,,,,,,,,,,,,,,,,,,,,,,,,,,,,,
,,,,,,,General Supplies,General,General,,C9TMA2S3PD3,C9TMA2S3PD3 Café Toaster MB,,,,,Appliance Dealers Cooperative,,,C9TMA2S3PD3,,General Supplies > General > General,"C9TMA2S3PD3 Caf Toaster, C9TMA2S3PD3",C9TMA2S3PD3 CAF TOASTER,"C9TMA2S3PD3 Caf Toaster, C9TMA2S3PD3","C9TMA2S3PD3 Caf Toaster, Model C9TMA2S3PD3","C9TMA2S3PD3 Caf Toaster, C9TMA2S3PD3",,,,,,,,,,,,,,,,,,,,,,,,,C9TMA2S3PD3 Caf Toaster,,C9TMA2S3PD3 Caf Toaster,,,,,,,,,,,,,,,,,,,,,,,,,,,,,,,,,,,,,,,,,,,,,,,,,,,,,,,,,,,,,,,,,,,,,,,,,,,,,,,,,,,,,,,,,,,,,,,,,,,,,,,,,,,,,,,,,,,,,,,,,,,,,,,,,,,,,,,,,,,,,,,,,,,,,,,,,,,,,,,,,,,,,,,,,,,,,,,,,,,,,,,,,,,,,,,,,,,,,
,,,,,,,General Supplies,General,General,,C9TMA2S4PW3,C9TMA2S4PW3 Café Toaster MW,,,,,Appliance Dealers Cooperative,,,C9TMA2S4PW3,,General Supplies > General > General,"C9TMA2S4PW3 Caf Toaster, C9TMA2S4PW3",C9TMA2S4PW3 CAF TOASTER,"C9TMA2S4PW3 Caf Toaster, C9TMA2S4PW3","C9TMA2S4PW3 Caf Toaster, Model C9TMA2S4PW3","C9TMA2S4PW3 Caf Toaster, C9TMA2S4PW3",,,,,,,,,,,,,,,,,,,,,,,,,C9TMA2S4PW3 Caf Toaster,,C9TMA2S4PW3 Caf Toaster,,,,,,,,,,,,,,,,,,,,,,,,,,,,,,,,,,,,,,,,,,,,,,,,,,,,,,,,,,,,,,,,,,,,,,,,,,,,,,,,,,,,,,,,,,,,,,,,,,,,,,,,,,,,,,,,,,,,,,,,,,,,,,,,,,,,,,,,,,,,,,,,,,,,,,,,,,,,,,,,,,,,,,,,,,,,,,,,,,,,,,,,,,,,,,,,,,,,,
,,,,,,,General Supplies,General,General,,C90AAAS2RS3,C90AAAS2RS3 Cafe Toast Oven SS,,,,,Appliance Dealers Cooperative,,,C90AAAS2RS3,,General Supplies > General > General,"C90AAAS2RS3 Cafe Toast, C90AAAS2RS3, Material Stainless Steel",C90AAAS2RS3 CAFE TOAST STAINLESS STEEL,"C90AAAS2RS3 Cafe Toast, C90AAAS2RS3","C90AAAS2RS3 Cafe Toast, Model C90AAAS2RS3, Material Stainless Steel","C90AAAS2RS3 Cafe Toast, C90AAAS2RS3",,Material: Stainless Steel,,,,,,,,,,,,,,,,,,,,,,,C90AAAS2RS3 Cafe Toast,,C90AAAS2RS3 Cafe Toast,Material,Stainless Steel,,,,,,,,,,,,,,,,,,,,,,,,,,,,,,,,,,,,,,,,,,,,,,,,,,,,,,,,,,,,,,,,,,,,,,,,,,,,,,,,,,,,,,,,,,,,,,,,,,,,,,,,,,,,,,,,,,,,,,,,,,,,,,,,,,,,,,,,,,,,,,,,,,,,,,,,,,,,,,,,,,,,,,,,,,,,,,,,,,,,,,,,,,,,,,,,,,,
,,,,,,,General Supplies,General,General,,C9TMA2SP2PS3,C9TMA2S2PS3 Cafe Toaster SS,,,,,Appliance Dealers Cooperative,,,C9TMA2SP2PS3,,General Supplies > General > General,"C9TMA2S2PS3 Cafe Toaster, C9TMA2SP2PS3, Material Stainless Steel",C9TMA2S2PS3 CAFE TOASTER STAINLESS STEEL,"C9TMA2S2PS3 Cafe Toaster, C9TMA2SP2PS3","C9TMA2S2PS3 Cafe Toaster, Model C9TMA2SP2PS3, Material Stainless Steel","C9TMA2S2PS3 Cafe Toaster, C9TMA2SP2PS3",,Material: Stainless Steel,,,,,,,,,,,,,,,,,,,,,,,C9TMA2S2PS3 Cafe Toaster,,C9TMA2S2PS3 Cafe Toaster,Material,Stainless Steel,,,,,,,,,,,,,,,,,,,,,,,,,,,,,,,,,,,,,,,,,,,,,,,,,,,,,,,,,,,,,,,,,,,,,,,,,,,,,,,,,,,,,,,,,,,,,,,,,,,,,,,,,,,,,,,,,,,,,,,,,,,,,,,,,,,,,,,,,,,,,,,,,,,,,,,,,,,,,,,,,,,,,,,,,,,,,,,,,,,,,,,,,,,,,,,,,,,
,,,,,,,Appliances,Large Appliances,Refrigerators,,GDE21EMKES,GDE21EMKES GE 21CF Fridge SL Display Only,,,,,Appliance Dealers Cooperative,,,GDE21EMKES,,Appliances > Large Appliances > Refrigerators,"Refrigerator, GDE21EMKES",REFRIGERATOR,"Refrigerator, GDE21EMKES","Refrigerator, Model GDE21EMKES","Refrigerator, GDE21EMKES",,,,,,,,,,,,,,,,,,,,,,,,,Refrigerator,,Refrigerator,,,,,,,,,,,,,,,,,,,,,,,,,,,,,,,,,,,,,,,,,,,,,,,,,,,,,,,,,,,,,,,,,,,,,,,,,,,,,,,,,,,,,,,,,,,,,,,,,,,,,,,,,,,,,,,,,,,,,,,,,,,,,,,,,,,,,,,,,,,,,,,,,,,,,,,,,,52101504,,,,,,,,,,,,,,,,,,,,,,,,,,,,,,,,,,,,,,,,,,,
,,,,,,,General Supplies,General,General,,FCM16SLWW,FCM16SLWW 16CF GE Freezer Chest MH,,,,,Appliance Dealers Cooperative,,,FCM16SLWW,,General Supplies > General > General,"FCM16SLWW 16CF GE, FCM16SLWW",FCM16SLWW 16CF GE,"FCM16SLWW 16CF GE, FCM16SLWW","FCM16SLWW 16CF GE, Model FCM16SLWW","FCM16SLWW 16CF GE, FCM16SLWW",,,,,,,,,,,,,,,,,,,,,,,,,FCM16SLWW 16CF GE,,FCM16SLWW 16CF GE,,,,,,,,,,,,,,,,,,,,,,,,,,,,,,,,,,,,,,,,,,,,,,,,,,,,,,,,,,,,,,,,,,,,,,,,,,,,,,,,,,,,,,,,,,,,,,,,,,,,,,,,,,,,,,,,,,,,,,,,,,,,,,,,,,,,,,,,,,,,,,,,,,,,,,,,,,,,,,,,,,,,,,,,,,,,,,,,,,,,,,,,,,,,,,,,,,,,,
,,,,,,,Appliances,Large Appliances,Refrigerators,,GNE27JYMFS,GNE27JYMFS GE Fridge SS,,,,,Appliance Dealers Cooperative,,,GNE27JYMFS,,Appliances > Large Appliances > Refrigerators,"Refrigerator, GNE27JYMFS, Material Stainless Steel",REFRIGERATOR STAINLESS STEEL,"Refrigerator, GNE27JYMFS","Refrigerator, Model GNE27JYMFS, Material Stainless Steel","Refrigerator, GNE27JYMFS",,Material: Stainless Steel,,,,,,,,,,,,,,,,,,,,,,,Refrigerator,,Refrigerator,Material,Stainless Steel,,,,,,,,,,,,,,,,,,,,,,,,,,,,,,,,,,,,,,,,,,,,,,,,,,,,,,,,,,,,,,,,,,,,,,,,,,,,,,,,,,,,,,,,,,,,,,,,,,,,,,,,,,,,,,,,,,,,,,,,,,,,,,,,,,,,,,,,,,,,,,,,,,,,,,,,52101504,,,,,,,,,,,,,,,,,,,,,,,,,,,,,,,,,,,,,,,,,,,
,,,,,,,Appliances,Large Appliances,Refrigerators,,CVE28DP3ND1,CVE28DP3ND1 Cafe Fridge Bk,,,,,Appliance Dealers Cooperative,,,CVE28DP3ND1,,Appliances > Large Appliances > Refrigerators,"Refrigerator, CVE28DP3ND1",REFRIGERATOR,"Refrigerator, CVE28DP3ND1","Refrigerator, Model CVE28DP3ND1","Refrigerator, CVE28DP3ND1",,,,,,,,,,,,,,,,,,,,,,,,,Refrigerator,,Refrigerator,,,,,,,,,,,,,,,,,,,,,,,,,,,,,,,,,,,,,,,,,,,,,,,,,,,,,,,,,,,,,,,,,,,,,,,,,,,,,,,,,,,,,,,,,,,,,,,,,,,,,,,,,,,,,,,,,,,,,,,,,,,,,,,,,,,,,,,,,,,,,,,,,,,,,,,,,,52101504,,,,,,,,,,,,,,,,,,,,,,,,,,,,,,,,,,,,,,,,,,,
,,,,,,,Appliances,Large Appliances,Refrigerators,,GNE25JMKES,GNE25JMKES GE Fridge Slate - Display,,,,,Appliance Dealers Cooperative,,,GNE25JMKES,,Appliances > Large Appliances > Refrigerators,"Refrigerator, GNE25JMKES",REFRIGERATOR,"Refrigerator, GNE25JMKES","Refrigerator, Model GNE25JMKES","Refrigerator, GNE25JMKES",,,,,,,,,,,,,,,,,,,,,,,,,Refrigerator,,Refrigerator,,,,,,,,,,,,,,,,,,,,,,,,,,,,,,,,,,,,,,,,,,,,,,,,,,,,,,,,,,,,,,,,,,,,,,,,,,,,,,,,,,,,,,,,,,,,,,,,,,,,,,,,,,,,,,,,,,,,,,,,,,,,,,,,,,,,,,,,,,,,,,,,,,,,,,,,,,52101504,,,,,,,,,,,,,,,,,,,,,,,,,,,,,,,,,,,,,,,,,,,
,,,,,,,Appliances,Large Appliances,Refrigerators,,PRFS2883AF,"PRFS2883AF 36"" Fridge SS - Display Only",,,,,Appliance Dealers Cooperative,,,PRFS2883AF,,Appliances > Large Appliances > Refrigerators,"Refrigerator, PRFS2883AF, Material Stainless Steel",REFRIGERATOR STAINLESS STEEL,"Refrigerator, PRFS2883AF","Refrigerator, Model PRFS2883AF, Material Stainless Steel","Refrigerator, PRFS2883AF",,Material: Stainless Steel,,,,,,,,,,,,,,,,,,,,,,,Refrigerator,,Refrigerator,Material,Stainless Steel,,,,,,,,,,,,,,,,,,,,,,,,,,,,,,,,,,,,,,,,,,,,,,,,,,,,,,,,,,,,,,,,,,,,,,,,,,,,,,,,,,,,,,,,,,,,,,,,,,,,,,,,,,,,,,,,,,,,,,,,,,,,,,,,,,,,,,,,,,,,,,,,,,,,,,,,52101504,,,,,,,,,,,,,,,,,,,,,,,,,,,,,,,,,,,,,,,,,,,
,,,,,,,Appliances,Large Appliances,Refrigerators,,PAD28BYTFS,PAD28BYTFS GE Fridge SS,,,,,Appliance Dealers Cooperative,,,PAD28BYTFS,,Appliances > Large Appliances > Refrigerators,"Refrigerator, PAD28BYTFS, Material Stainless Steel",REFRIGERATOR STAINLESS STEEL,"Refrigerator, PAD28BYTFS","Refrigerator, Model PAD28BYTFS, Material Stainless Steel","Refrigerator, PAD28BYTFS",,Material: Stainless Steel,,,,,,,,,,,,,,,,,,,,,,,Refrigerator,,Refrigerator,Material,Stainless Steel,,,,,,,,,,,,,,,,,,,,,,,,,,,,,,,,,,,,,,,,,,,,,,,,,,,,,,,,,,,,,,,,,,,,,,,,,,,,,,,,,,,,,,,,,,,,,,,,,,,,,,,,,,,,,,,,,,,,,,,,,,,,,,,,,,,,,,,,,,,,,,,,,,,,,,,,52101504,,,,,,,,,,,,,,,,,,,,,,,,,,,,,,,,,,,,,,,,,,,
,,,,,,,Appliances,Large Appliances,Refrigerators,,PGE29BYTFS,PGE29BYTFS GE Fridge SS,,,,,Appliance Dealers Cooperative,,,PGE29BYTFS,,Appliances > Large Appliances > Refrigerators,"Refrigerator, PGE29BYTFS, Material Stainless Steel",REFRIGERATOR STAINLESS STEEL,"Refrigerator, PGE29BYTFS","Refrigerator, Model PGE29BYTFS, Material Stainless Steel","Refrigerator, PGE29BYTFS",,Material: Stainless Steel,,,,,,,,,,,,,,,,,,,,,,,Refrigerator,,Refrigerator,Material,Stainless Steel,,,,,,,,,,,,,,,,,,,,,,,,,,,,,,,,,,,,,,,,,,,,,,,,,,,,,,,,,,,,,,,,,,,,,,,,,,,,,,,,,,,,,,,,,,,,,,,,,,,,,,,,,,,,,,,,,,,,,,,,,,,,,,,,,,,,,,,,,,,,,,,,,,,,,,,,52101504,,,,,,,,,,,,,,,,,,,,,,,,,,,,,,,,,,,,,,,,,,,
,,,,,,,Appliances,Large Appliances,Refrigerators,,ERFD19CGCS,ERFD19CGCS Element Fridge SS,,,,,Appliance Dealers Cooperative,,,ERFD19CGCS,,Appliances > Large Appliances > Refrigerators,"Refrigerator, ERFD19CGCS, Material Stainless Steel",REFRIGERATOR STAINLESS STEEL,"Refrigerator, ERFD19CGCS","Refrigerator, Model ERFD19CGCS, Material Stainless Steel","Refrigerator, ERFD19CGCS",,Material: Stainless Steel,,,,,,,,,,,,,,,,,,,,,,,Refrigerator,,Refrigerator,Material,Stainless Steel,,,,,,,,,,,,,,,,,,,,,,,,,,,,,,,,,,,,,,,,,,,,,,,,,,,,,,,,,,,,,,,,,,,,,,,,,,,,,,,,,,,,,,,,,,,,,,,,,,,,,,,,,,,,,,,,,,,,,,,,,,,,,,,,,,,,,,,,,,,,,,,,,,,,,,,,52101504,,,,,,,,,,,,,,,,,,,,,,,,,,,,,,,,,,,,,,,,,,,
,,,,,,,Appliances,Large Appliances,Refrigerators,,LT18S2100W,LT18S2100W LG Fridge Wh,,,,,Appliance Dealers Cooperative,,,LT18S2100W,,Appliances > Large Appliances > Refrigerators,"Refrigerator, LT18S2100W, Wattage 2100 W",REFRIGERATOR 2100W,"Refrigerator, LT18S2100W","Refrigerator, Model LT18S2100W, Wattage 2100 W","Refrigerator, LT18S2100W",,Wattage: 2100 W,,,,,,,,,,,,,,,,,,,,,,,Refrigerator,,Refrigerator,Wattage,2100,W,,,,,,,,,,,,,,,,,,,,,,,,,,,,,,,,,,,,,,,,,,,,,,,,,,,,,,,,,,,,,,,,,,,,,,,,,,,,,,,,,,,,,,,,,,,,,,,,,,,,,,,,,,,,,,,,,,,,,,,,,,,,,,,,,,,,,,,,,,,,,,,,,,,,,,,52101504,,,,,,,,,,,,,,,,,,,,,,,,,,,,,,,,,,,,,,,,,,,
,,,,,,,Appliances,Large Appliances,Refrigerators,,LT18S2100SS,LT18S2100S 18CF LG Fridge SS,,,,,Appliance Dealers Cooperative,,,LT18S2100SS,,Appliances > Large Appliances > Refrigerators,"Refrigerator, LT18S2100SS, Material Stainless Steel",REFRIGERATOR STAINLESS STEEL,"Refrigerator, LT18S2100SS","Refrigerator, Model LT18S2100SS, Material Stainless Steel","Refrigerator, LT18S2100SS",,Material: Stainless Steel,,,,,,,,,,,,,,,,,,,,,,,Refrigerator,,Refrigerator,Material,Stainless Steel,,,,,,,,,,,,,,,,,,,,,,,,,,,,,,,,,,,,,,,,,,,,,,,,,,,,,,,,,,,,,,,,,,,,,,,,,,,,,,,,,,,,,,,,,,,,,,,,,,,,,,,,,,,,,,,,,,,,,,,,,,,,,,,,,,,,,,,,,,,,,,,,,,,,,,,,52101504,,,,,,,,,,,,,,,,,,,,,,,,,,,,,,,,,,,,,,,,,,,
,,,,,,,General Supplies,General,General,,EUF17CDBW,EUF17CDBW Element 17CF Freezer - Upright,,,,,Appliance Dealers Cooperative,,,EUF17CDBW,,General Supplies > General > General,"EUF17CDBW Element 17CF, EUF17CDBW",EUF17CDBW ELEMENT 17CF,"EUF17CDBW Element 17CF, EUF17CDBW","EUF17CDBW Element 17CF, Model EUF17CDBW","EUF17CDBW Element 17CF, EUF17CDBW",,,,,,,,,,,,,,,,,,,,,,,,,EUF17CDBW Element 17CF,,EUF17CDBW Element 17CF,,,,,,,,,,,,,,,,,,,,,,,,,,,,,,,,,,,,,,,,,,,,,,,,,,,,,,,,,,,,,,,,,,,,,,,,,,,,,,,,,,,,,,,,,,,,,,,,,,,,,,,,,,,,,,,,,,,,,,,,,,,,,,,,,,,,,,,,,,,,,,,,,,,,,,,,,,,,,,,,,,,,,,,,,,,,,,,,,,,,,,,,,,,,,,,,,,,,,
,,,,,,,General Supplies,General,General,,EUF21CDBW,EUF21CDBW Element 21CF Freezer - Upright,,,,,Appliance Dealers Cooperative,,,EUF21CDBW,,General Supplies > General > General,"EUF21CDBW Element 21CF, EUF21CDBW",EUF21CDBW ELEMENT 21CF,"EUF21CDBW Element 21CF, EUF21CDBW","EUF21CDBW Element 21CF, Model EUF21CDBW","EUF21CDBW Element 21CF, EUF21CDBW",,,,,,,,,,,,,,,,,,,,,,,,,EUF21CDBW Element 21CF,,EUF21CDBW Element 21CF,,,,,,,,,,,,,,,,,,,,,,,,,,,,,,,,,,,,,,,,,,,,,,,,,,,,,,,,,,,,,,,,,,,,,,,,,,,,,,,,,,,,,,,,,,,,,,,,,,,,,,,,,,,,,,,,,,,,,,,,,,,,,,,,,,,,,,,,,,,,,,,,,,,,,,,,,,,,,,,,,,,,,,,,,,,,,,,,,,,,,,,,,,,,,,,,,,,,,
,,,,,,,General Supplies,General,General,,TP-1935,TP-1935 Hole Drilling System,,,,,-,,,TP-1935,,General Supplies > General > General,"TP-1935 Hole Drilling, TP-1935",TP-1935 HOLE DRILLING,"TP-1935 Hole Drilling, TP-1935","TP-1935 Hole Drilling, Model TP-1935","TP-1935 Hole Drilling, TP-1935",,,,,,,,,,,,,,,,,,,,,,,,,TP-1935 Hole Drilling,,TP-1935 Hole Drilling,,,,,,,,,,,,,,,,,,,,,,,,,,,,,,,,,,,,,,,,,,,,,,,,,,,,,,,,,,,,,,,,,,,,,,,,,,,,,,,,,,,,,,,,,,,,,,,,,,,,,,,,,,,,,,,,,,,,,,,,,,,,,,,,,,,,,,,,,,,,,,,,,,,,,,,,,,,,,,,,,,,,,,,,,,,,,,,,,,,,,,,,,,,,,,,,,,,,,
,,,,,,,General Supplies,General,General,,K527APBXR,"K527APBXR Senco .131x3"" SM BB - 500CT",,,,,Senco Products Inc,,,K527APBXR,,General Supplies > General > General,"K527APBXR Senco 131x3, K527APBXR, Length 3 in, Board Size 131x3, Pack Quantity 500",K527APBXR SENCO 131X3 3IN 131X3 500,"K527APBXR Senco 131x3, K527APBXR","K527APBXR Senco 131x3, Model K527APBXR, Length 3 in, Board Size 131x3, Pack Quantity 500","K527APBXR Senco 131x3, K527APBXR",,Length: 3 in,Board Size: 131x3,Pack Quantity: 500,,,,,,,,,,,,,,,,,,,,,K527APBXR Senco 131x3,,K527APBXR Senco 131x3,Length,3,in,Board Size,131x3,,Pack Quantity,500,,,,,,,,,,,,,,,,,,,,,,,,,,,,,,,,,,,,,,,,,,,,,,,,,,,,,,,,,,,,,,,,,,,,,,,,,,,,,,,,,,,,,,,,,,,,,,,,,,,,,,,,,,,,,,,,,,,,,,,,,,,,,,,,,,,,,,,,,,,,,,,,,,,,,,,,,,,,,,,,,,,,,,,,,,,,,,,,,,,,,,,,,,,,,
,,,,,,,General Supplies,General,General,,603150,"603150 2-1/2"" Finish Nail 15GA - 4M",,,,,National Nail Corp,,,603150,,General Supplies > General > General,"Finish Nail 15GA, 603150",FINISH NAIL 15GA,"Finish Nail 15GA, 603150","Finish Nail 15GA, Model 603150","Finish Nail 15GA, 603150",,,,,,,,,,,,,,,,,,,,,,,,,Finish Nail 15GA,,Finish Nail 15GA,,,,,,,,,,,,,,,,,,,,,,,,,,,,,,,,,,,,,,,,,,,,,,,,,,,,,,,,,,,,,,,,,,,,,,,,,,,,,,,,,,,,,,,,,,,,,,,,,,,,,,,,,,,,,,,,,,,,,,,,,,,,,,,,,,,,,,,,,,,,,,,,,,,,,,,,,,,,,,,,,,,,,,,,,,,,,,,,,,,,,,,,,,,,,,,,,,,,,
,,,,,,,General Supplies,General,General,,d10cnk,"D10CNK Prebena 1/2""x3/8"" - Staple",,,,,Prebena,,,d10cnk,,General Supplies > General > General,"D10CNK Prebena x3/8, d10cnk, Width 2 in",D10CNK PREBENA X3/8 2IN,"D10CNK Prebena x3/8, d10cnk","D10CNK Prebena x3/8, Model d10cnk, Width 2 in","D10CNK Prebena x3/8, d10cnk",,Width: 2 in,,,,,,,,,,,,,,,,,,,,,,,D10CNK Prebena x3/8,,D10CNK Prebena x3/8,Width,2,in,,,,,,,,,,,,,,,,,,,,,,,,,,,,,,,,,,,,,,,,,,,,,,,,,,,,,,,,,,,,,,,,,,,,,,,,,,,,,,,,,,,,,,,,,,,,,,,,,,,,,,,,,,,,,,,,,,,,,,,,,,,,,,,,,,,,,,,,,,,,,,,,,,,,,,,,,,,,,,,,,,,,,,,,,,,,,,,,,,,,,,,,,,,,,,,,,,
,,,,,,,General Supplies,General,General,,e28cnkha,"E28CNKHA Prebena 2/4""x1 1/8"" - Staple",,,,,Prebena,,,e28cnkha,,General Supplies > General > General,"E28CNKHA Prebena x1, e28cnkha, Width 4 in",E28CNKHA PREBENA X1 4IN,"E28CNKHA Prebena x1, e28cnkha","E28CNKHA Prebena x1, Model e28cnkha, Width 4 in","E28CNKHA Prebena x1, e28cnkha",,Width: 4 in,,,,,,,,,,,,,,,,,,,,,,,E28CNKHA Prebena x1,,E28CNKHA Prebena x1,Width,4,in,,,,,,,,,,,,,,,,,,,,,,,,,,,,,,,,,,,,,,,,,,,,,,,,,,,,,,,,,,,,,,,,,,,,,,,,,,,,,,,,,,,,,,,,,,,,,,,,,,,,,,,,,,,,,,,,,,,,,,,,,,,,,,,,,,,,,,,,,,,,,,,,,,,,,,,,,,,,,,,,,,,,,,,,,,,,,,,,,,,,,,,,,,,,,,,,,,
,,,,,,,HVAC,Ventilation,Fans,,51334,"51334 44"" Wh Gilmour Fan",,,,,Hunter Fan Co,,,51334,,HVAC > Ventilation > Fans,"Fan, 51334",FAN,"Fan, 51334","Fan, Model 51334","Fan, 51334",,,,,,,,,,,,,,,,,,,,,,,,,Fan,,Fan,,,,,,,,,,,,,,,,,,,,,,,,,,,,,,,,,,,,,,,,,,,,,,,,,,,,,,,,,,,,,,,,,,,,,,,,,,,,,,,,,,,,,,,,,,,,,,,,,,,,,,,,,,,,,,,,,,,,,,,,,,,,,,,,,,,,,,,,,,,,,,,,,,,,,,,,,,40102100,,,,,,,,,,,,,,,,,,,,,,,,,,,,,,,,,,,,,,,,,,,
,,,,,,,HVAC,Ventilation,Fans,,59210,"59210 52"" BZ Sent Hunter Fan",,,,,Hunter Fan Co,,,59210,,HVAC > Ventilation > Fans,"Fan, 59210",FAN,"Fan, 59210","Fan, Model 59210","Fan, 59210",,,,,,,,,,,,,,,,,,,,,,,,,Fan,,Fan,,,,,,,,,,,,,,,,,,,,,,,,,,,,,,,,,,,,,,,,,,,,,,,,,,,,,,,,,,,,,,,,,,,,,,,,,,,,,,,,,,,,,,,,,,,,,,,,,,,,,,,,,,,,,,,,,,,,,,,,,,,,,,,,,,,,,,,,,,,,,,,,,,,,,,,,,,40102100,,,,,,,,,,,,,,,,,,,,,,,,,,,,,,,,,,,,,,,,,,,
,,,,,,,HVAC,Ventilation,Fans,,52485,"52485 52"" MB Anisten Fan",,,,,Hunter Fan Co,,,52485,,HVAC > Ventilation > Fans,"Fan, 52485",FAN,"Fan, 52485","Fan, Model 52485","Fan, 52485",,,,,,,,,,,,,,,,,,,,,,,,,Fan,,Fan,,,,,,,,,,,,,,,,,,,,,,,,,,,,,,,,,,,,,,,,,,,,,,,,,,,,,,,,,,,,,,,,,,,,,,,,,,,,,,,,,,,,,,,,,,,,,,,,,,,,,,,,,,,,,,,,,,,,,,,,,,,,,,,,,,,,,,,,,,,,,,,,,,,,,,,,,,40102100,,,,,,,,,,,,,,,,,,,,,,,,,,,,,,,,,,,,,,,,,,,
,,,,,,,HVAC,Ventilation,Fans,,52486,"52486 44"" MB Anisten Fan",,,,,Hunter Fan Co,,,52486,,HVAC > Ventilation > Fans,"Fan, 52486",FAN,"Fan, 52486","Fan, Model 52486","Fan, 52486",,,,,,,,,,,,,,,,,,,,,,,,,Fan,,Fan,,,,,,,,,,,,,,,,,,,,,,,,,,,,,,,,,,,,,,,,,,,,,,,,,,,,,,,,,,,,,,,,,,,,,,,,,,,,,,,,,,,,,,,,,,,,,,,,,,,,,,,,,,,,,,,,,,,,,,,,,,,,,,,,,,,,,,,,,,,,,,,,,,,,,,,,,,40102100,,,,,,,,,,,,,,,,,,,,,,,,,,,,,,,,,,,,,,,,,,,
,,,,,,,HVAC,Ventilation,Fans,,52487,"52487 52"" WH Anisten Fan",,,,,Hunter Fan Co,,,52487,,HVAC > Ventilation > Fans,"Fan, 52487",FAN,"Fan, 52487","Fan, Model 52487","Fan, 52487",,,,,,,,,,,,,,,,,,,,,,,,,Fan,,Fan,,,,,,,,,,,,,,,,,,,,,,,,,,,,,,,,,,,,,,,,,,,,,,,,,,,,,,,,,,,,,,,,,,,,,,,,,,,,,,,,,,,,,,,,,,,,,,,,,,,,,,,,,,,,,,,,,,,,,,,,,,,,,,,,,,,,,,,,,,,,,,,,,,,,,,,,,,40102100,,,,,,,,,,,,,,,,,,,,,,,,,,,,,,,,,,,,,,,,,,,
,,,,,,,HVAC,Ventilation,Fans,,52488,"52488 44"" WH Anisten Fan",,,,,Hunter Fan Co,,,52488,,HVAC > Ventilation > Fans,"Fan, 52488",FAN,"Fan, 52488","Fan, Model 52488","Fan, 52488",,,,,,,,,,,,,,,,,,,,,,,,,Fan,,Fan,,,,,,,,,,,,,,,,,,,,,,,,,,,,,,,,,,,,,,,,,,,,,,,,,,,,,,,,,,,,,,,,,,,,,,,,,,,,,,,,,,,,,,,,,,,,,,,,,,,,,,,,,,,,,,,,,,,,,,,,,,,,,,,,,,,,,,,,,,,,,,,,,,,,,,,,,,40102100,,,,,,,,,,,,,,,,,,,,,,,,,,,,,,,,,,,,,,,,,,,
,,,,,,,HVAC,Ventilation,Fans,,52655,"52655 52"" MB Xidane Hunter Fan",,,,,Hunter Fan Co,,,52655,,HVAC > Ventilation > Fans,"Fan, 52655",FAN,"Fan, 52655","Fan, Model 52655","Fan, 52655",,,,,,,,,,,,,,,,,,,,,,,,,Fan,,Fan,,,,,,,,,,,,,,,,,,,,,,,,,,,,,,,,,,,,,,,,,,,,,,,,,,,,,,,,,,,,,,,,,,,,,,,,,,,,,,,,,,,,,,,,,,,,,,,,,,,,,,,,,,,,,,,,,,,,,,,,,,,,,,,,,,,,,,,,,,,,,,,,,,,,,,,,,,40102100,,,,,,,,,,,,,,,,,,,,,,,,,,,,,,,,,,,,,,,,,,,
,,,,,,,HVAC,Ventilation,Fans,,59261,"59261 52"" PB Cassius Fan",,,,,Hunter Fan Co,,,59261,,HVAC > Ventilation > Fans,"Fan, 59261",FAN,"Fan, 59261","Fan, Model 59261","Fan, 59261",,,,,,,,,,,,,,,,,,,,,,,,,Fan,,Fan,,,,,,,,,,,,,,,,,,,,,,,,,,,,,,,,,,,,,,,,,,,,,,,,,,,,,,,,,,,,,,,,,,,,,,,,,,,,,,,,,,,,,,,,,,,,,,,,,,,,,,,,,,,,,,,,,,,,,,,,,,,,,,,,,,,,,,,,,,,,,,,,,,,,,,,,,,40102100,,,,,,,,,,,,,,,,,,,,,,,,,,,,,,,,,,,,,,,,,,,
,,,,,,,HVAC,Ventilation,Fans,,51731,"51731 52"" MB Jetty Hunter Fan",,,,,Hunter Fan Co,,,51731,,HVAC > Ventilation > Fans,"Fan, 51731",FAN,"Fan, 51731","Fan, Model 51731","Fan, 51731",,,,,,,,,,,,,,,,,,,,,,,,,Fan,,Fan,,,,,,,,,,,,,,,,,,,,,,,,,,,,,,,,,,,,,,,,,,,,,,,,,,,,,,,,,,,,,,,,,,,,,,,,,,,,,,,,,,,,,,,,,,,,,,,,,,,,,,,,,,,,,,,,,,,,,,,,,,,,,,,,,,,,,,,,,,,,,,,,,,,,,,,,,,40102100,,,,,,,,,,,,,,,,,,,,,,,,,,,,,,,,,,,,,,,,,,,
,,,,,,,General Supplies,General,General,,XLC10ZW,XLC10ZW Makita 18V Cordless Vacuum (Bare),,,,,Makita Usa Inc,Makita,Makita,XLC10ZW,,General Supplies > General > General,"Makita XLC10ZW Makita 18V, XLC10ZW, Voltage 18 V",XLC10ZW MAKITA 18V 18V,"Makita XLC10ZW Makita 18V, XLC10ZW","Makita XLC10ZW Makita 18V, Model XLC10ZW, Voltage 18 V","Makita XLC10ZW Makita 18V, XLC10ZW",,Voltage: 18 V,,,,,,,,,,,,,,,,,,,,,,,XLC10ZW Makita 18V,,XLC10ZW Makita 18V,Voltage,18,V,,,,,,,,,,,,,,,,,,,,,,,,,,,,,,,,,,,,,,,,,,,,,,,,,,,,,,,,,,,,,,,,,,,,,,,,,,,,,,,,,,,,,,,,,,,,,,,,,,,,,,,,,,,,,,,,,,,,,,,,,,,,,,,,,,,,,,,,,,,,,,,,,,,,,,,,,,,,,,,,,,,,,,,,,,,,,,,,,,,,,,,,,,,,,,,,,,
,,,,,,,General Supplies,General,General,,HS-DA,HS-DA Motion Driveway Alert,,,,,Sabre,,,HS-DA,,General Supplies > General > General,"HS-DA Motion Driveway, HS-DA",HS-DA MOTION DRIVEWAY,"HS-DA Motion Driveway, HS-DA","HS-DA Motion Driveway, Model HS-DA","HS-DA Motion Driveway, HS-DA",,,,,,,,,,,,,,,,,,,,,,,,,HS-DA Motion Driveway,,HS-DA Motion Driveway,,,,,,,,,,,,,,,,,,,,,,,,,,,,,,,,,,,,,,,,,,,,,,,,,,,,,,,,,,,,,,,,,,,,,,,,,,,,,,,,,,,,,,,,,,,,,,,,,,,,,,,,,,,,,,,,,,,,,,,,,,,,,,,,,,,,,,,,,,,,,,,,,,,,,,,,,,,,,,,,,,,,,,,,,,,,,,,,,,,,,,,,,,,,,,,,,,,,,
,,,,,,,Building Materials,Railing,Deck Railing Components,,73002252,Black Gate Gravity Latch RDI,,,,,-,,,73002252,,Building Materials > Railing > Deck Railing Components,"Deck Railing, 73002252, Color Black",DECK RAILING BLACK,"Deck Railing, 73002252","Deck Railing, Model 73002252, Color Black","Deck Railing, 73002252",,Color: Black,,,,,,,,,,,,,,,,,,,,,,,Deck Railing,,Deck Railing,Color,Black,,,,,,,,,,,,,,,,,,,,,,,,,,,,,,,,,,,,,,,,,,,,,,,,,,,,,,,,,,,,,,,,,,,,,,,,,,,,,,,,,,,,,,,,,,,,,,,,,,,,,,,,,,,,,,,,,,,,,,,,,,,,,,,,,,,,,,,,,,,,,,,,,,,,,,,,30131700,,,,,,,,,,,,,,,,,,,,,,,,,,,,,,,,,,,,,,,,,,,
,,,,,,,General Supplies,General,General,,48-22-8396R,48-22-8396R Milw 24oz Bottle - Insulated,,,,,Milwaukee Accessory,Milwaukee,Milwaukee,48-22-8396R,,General Supplies > General > General,"Milwaukee 48-22-8396R Milw 24oz, 48-22-8396R",48-22-8396R MILW 24OZ,"Milwaukee 48-22-8396R Milw 24oz, 48-22-8396R","Milwaukee 48-22-8396R Milw 24oz, Model 48-22-8396R","Milwaukee 48-22-8396R Milw 24oz, 48-22-8396R",,,,,,,,,,,,,,,,,,,,,,,,,48-22-8396R Milw 24oz,,48-22-8396R Milw 24oz,,,,,,,,,,,,,,,,,,,,,,,,,,,,,,,,,,,,,,,,,,,,,,,,,,,,,,,,,,,,,,,,,,,,,,,,,,,,,,,,,,,,,,,,,,,,,,,,,,,,,,,,,,,,,,,,,,,,,,,,,,,,,,,,,,,,,,,,,,,,,,,,,,,,,,,,,,,,,,,,,,,,,,,,,,,,,,,,,,,,,,,,,,,,,,,,,,,,,
,,,,,,,General Supplies,General,General,,48-22-8397R,48-22-8397R Milw 36oz Bottle - Insulated,,,,,Milwaukee Accessory,Milwaukee,Milwaukee,48-22-8397R,,General Supplies > General > General,"Milwaukee 48-22-8397R Milw 36oz, 48-22-8397R",48-22-8397R MILW 36OZ,"Milwaukee 48-22-8397R Milw 36oz, 48-22-8397R","Milwaukee 48-22-8397R Milw 36oz, Model 48-22-8397R","Milwaukee 48-22-8397R Milw 36oz, 48-22-8397R",,,,,,,,,,,,,,,,,,,,,,,,,48-22-8397R Milw 36oz,,48-22-8397R Milw 36oz,,,,,,,,,,,,,,,,,,,,,,,,,,,,,,,,,,,,,,,,,,,,,,,,,,,,,,,,,,,,,,,,,,,,,,,,,,,,,,,,,,,,,,,,,,,,,,,,,,,,,,,,,,,,,,,,,,,,,,,,,,,,,,,,,,,,,,,,,,,,,,,,,,,,,,,,,,,,,,,,,,,,,,,,,,,,,,,,,,,,,,,,,,,,,,,,,,,,,
,,,,,,,General Supplies,General,General,,DCGG581B,DCGG581B Dewalt 20V Grease Gun 2-Speed,,,,,Black & Decker/dewlt,DEWALT,DEWALT,DCGG581B,,General Supplies > General > General,"DEWALT DCGG581B Dewalt 20V, DCGG581B, Voltage 20 V",DCGG581B DEWALT 20V 20V,"DEWALT DCGG581B Dewalt 20V, DCGG581B","DEWALT DCGG581B Dewalt 20V, Model DCGG581B, Voltage 20 V","DEWALT DCGG581B Dewalt 20V, DCGG581B",,Voltage: 20 V,,,,,,,,,,,,,,,,,,,,,,,DCGG581B Dewalt 20V,,DCGG581B Dewalt 20V,Voltage,20,V,,,,,,,,,,,,,,,,,,,,,,,,,,,,,,,,,,,,,,,,,,,,,,,,,,,,,,,,,,,,,,,,,,,,,,,,,,,,,,,,,,,,,,,,,,,,,,,,,,,,,,,,,,,,,,,,,,,,,,,,,,,,,,,,,,,,,,,,,,,,,,,,,,,,,,,,,,,,,,,,,,,,,,,,,,,,,,,,,,,,,,,,,,,,,,,,,,
,,,,,,,General Supplies,General,General,,DCGG581GD1,DCGG581GD1 Dewalt 20V Grease Gun 2-Speed Kit,,,,,Black & Decker/dewlt,DEWALT,DEWALT,DCGG581GD1,,General Supplies > General > General,"DEWALT DCGG581GD1 Dewalt 20V, DCGG581GD1, Voltage 20 V",DCGG581GD1 DEWALT 20V 20V,"DEWALT DCGG581GD1 Dewalt 20V, DCGG581GD1","DEWALT DCGG581GD1 Dewalt 20V, Model DCGG581GD1, Voltage 20 V","DEWALT DCGG581GD1 Dewalt 20V, DCGG581GD1",,Voltage: 20 V,,,,,,,,,,,,,,,,,,,,,,,DCGG581GD1 Dewalt 20V,,DCGG581GD1 Dewalt 20V,Voltage,20,V,,,,,,,,,,,,,,,,,,,,,,,,,,,,,,,,,,,,,,,,,,,,,,,,,,,,,,,,,,,,,,,,,,,,,,,,,,,,,,,,,,,,,,,,,,,,,,,,,,,,,,,,,,,,,,,,,,,,,,,,,,,,,,,,,,,,,,,,,,,,,,,,,,,,,,,,,,,,,,,,,,,,,,,,,,,,,,,,,,,,,,,,,,,,,,,,,,
,,,,,,,General Supplies,General,General,,DWST41092,"DWST41092 Dewalt Tool Chest 41"" Bottom",,,,,Black & Decker/dewlt,DEWALT,DEWALT,DWST41092,,General Supplies > General > General,"DEWALT DWST41092 Dewalt Tool, DWST41092",DWST41092 DEWALT TOOL,"DEWALT DWST41092 Dewalt Tool, DWST41092","DEWALT DWST41092 Dewalt Tool, Model DWST41092","DEWALT DWST41092 Dewalt Tool, DWST41092",,,,,,,,,,,,,,,,,,,,,,,,,DWST41092 Dewalt Tool,,DWST41092 Dewalt Tool,,,,,,,,,,,,,,,,,,,,,,,,,,,,,,,,,,,,,,,,,,,,,,,,,,,,,,,,,,,,,,,,,,,,,,,,,,,,,,,,,,,,,,,,,,,,,,,,,,,,,,,,,,,,,,,,,,,,,,,,,,,,,,,,,,,,,,,,,,,,,,,,,,,,,,,,,,,,,,,,,,,,,,,,,,,,,,,,,,,,,,,,,,,,,,,,,,,,,
,,,,,,,General Supplies,General,General,,156436WHT,156436 Wh 4x4x120 Post Wrap,DSI Westbury,,,,Palmer Donavin Mfg Company,,,156436WHT,,General Supplies > General > General,"Wh 4x4x120 Post, 156436WHT",WH 4X4X120 POST,"Wh 4x4x120 Post, 156436WHT","Wh 4x4x120 Post, Model 156436WHT","Wh 4x4x120 Post, 156436WHT",,,,,,,,,,,,,,,,,,,,,,,,,Wh 4x4x120 Post,,Wh 4x4x120 Post,,,,,,,,,,,,,,,,,,,,,,,,,,,,,,,,,,,,,,,,,,,,,,,,,,,,,,,,,,,,,,,,,,,,,,,,,,,,,,,,,,,,,,,,,,,,,,,,,,,,,,,,,,,,,,,,,,,,,,,,,,,,,,,,,,,,,,,,,,,,,,,,,,,,,,,,,,,,,,,,,,,,,,,,,,,,,,,,,,,,,,,,,,,,,,,,,,,,,
,,,,,,,General Supplies,General,General,,173950TBK,"4""x8'-6"" DSI SQ Black Alum Post Wrap",,,,,Palmer Donavin Mfg Company,,,173950TBK,,General Supplies > General > General,"x8'-6 DSI SQ, 173950TBK, Width 4 in, Color Black",X8'-6 DSI SQ 4IN BLACK,"x8'-6 DSI SQ, 173950TBK","x8'-6 DSI SQ, Model 173950TBK, Width 4 in, Color Black","x8'-6 DSI SQ, 173950TBK",,Width: 4 in,Color: Black,,,,,,,,,,,,,,,,,,,,,,x8'-6 DSI SQ,,x8'-6 DSI SQ,Width,4,in,Color,Black,,,,,,,,,,,,,,,,,,,,,,,,,,,,,,,,,,,,,,,,,,,,,,,,,,,,,,,,,,,,,,,,,,,,,,,,,,,,,,,,,,,,,,,,,,,,,,,,,,,,,,,,,,,,,,,,,,,,,,,,,,,,,,,,,,,,,,,,,,,,,,,,,,,,,,,,,,,,,,,,,,,,,,,,,,,,,,,,,,,,,,,,,,,,,,,,
,,,,,,,General Supplies,General,General,,173951TBK,"6""x8'-6"" DSI SQ Black Alum Post Wrap",,,,,Palmer Donavin Mfg Company,,,173951TBK,,General Supplies > General > General,"x8'-6 DSI SQ, 173951TBK, Width 6 in, Color Black",X8'-6 DSI SQ 6IN BLACK,"x8'-6 DSI SQ, 173951TBK","x8'-6 DSI SQ, Model 173951TBK, Width 6 in, Color Black","x8'-6 DSI SQ, 173951TBK",,Width: 6 in,Color: Black,,,,,,,,,,,,,,,,,,,,,,x8'-6 DSI SQ,,x8'-6 DSI SQ,Width,6,in,Color,Black,,,,,,,,,,,,,,,,,,,,,,,,,,,,,,,,,,,,,,,,,,,,,,,,,,,,,,,,,,,,,,,,,,,,,,,,,,,,,,,,,,,,,,,,,,,,,,,,,,,,,,,,,,,,,,,,,,,,,,,,,,,,,,,,,,,,,,,,,,,,,,,,,,,,,,,,,,,,,,,,,,,,,,,,,,,,,,,,,,,,,,,,,,,,,,,,
,,,,,,,General Supplies,General,General,,173952TBK,"6""x10' DSI SQ Black Alum Post Wrap",,,,,Palmer Donavin Mfg Company,,,173952TBK,,General Supplies > General > General,"x10' DSI SQ, 173952TBK, Width 6 in, Color Black",X10' DSI SQ 6IN BLACK,"x10' DSI SQ, 173952TBK","x10' DSI SQ, Model 173952TBK, Width 6 in, Color Black","x10' DSI SQ, 173952TBK",,Width: 6 in,Color: Black,,,,,,,,,,,,,,,,,,,,,,x10' DSI SQ,,x10' DSI SQ,Width,6,in,Color,Black,,,,,,,,,,,,,,,,,,,,,,,,,,,,,,,,,,,,,,,,,,,,,,,,,,,,,,,,,,,,,,,,,,,,,,,,,,,,,,,,,,,,,,,,,,,,,,,,,,,,,,,,,,,,,,,,,,,,,,,,,,,,,,,,,,,,,,,,,,,,,,,,,,,,,,,,,,,,,,,,,,,,,,,,,,,,,,,,,,,,,,,,,,,,,,,,
,,,,,,,General Supplies,General,General,,1624157,TW52 WH INSIDE CAS VIN WRAPPED,ANDERSEN,,,,-,,,1624157,,General Supplies > General > General,"TW52 WH INSIDE, 1624157",TW52 WH INSIDE,"TW52 WH INSIDE, 1624157","TW52 WH INSIDE, Model 1624157","TW52 WH INSIDE, 1624157",,,,,,,,,,,,,,,,,,,,,,,,,TW52 WH INSIDE,,TW52 WH INSIDE,,,,,,,,,,,,,,,,,,,,,,,,,,,,,,,,,,,,,,,,,,,,,,,,,,,,,,,,,,,,,,,,,,,,,,,,,,,,,,,,,,,,,,,,,,,,,,,,,,,,,,,,,,,,,,,,,,,,,,,,,,,,,,,,,,,,,,,,,,,,,,,,,,,,,,,,,,,,,,,,,,,,,,,,,,,,,,,,,,,,,,,,,,,,,,,,,,,,,
,,,,,,,Building Materials,Lumber,Dimensional Lumber,,40025,40025 TS-54 Wal-Board T-Square 009-008,,,,,Marshalltown Trowel,,,40025,,Building Materials > Lumber > Dimensional Lumber,"Lumber, 40025",LUMBER,"Lumber, 40025","Lumber, Model 40025","Lumber, 40025",,,,,,,,,,,,,,,,,,,,,,,,,Lumber,,Lumber,,,,,,,,,,,,,,,,,,,,,,,,,,,,,,,,,,,,,,,,,,,,,,,,,,,,,,,,,,,,,,,,,,,,,,,,,,,,,,,,,,,,,,,,,,,,,,,,,,,,,,,,,,,,,,,,,,,,,,,,,,,,,,,,,,,,,,,,,,,,,,,,,,,,,,,,,,30111501,,,,,,,,,,,,,,,,,,,,,,,,,,,,,,,,,,,,,,,,,,,
,,,,,,,General Supplies,General,General,,48-22-3301,48-22-3301 Milw Mechanical Pencil w/ Lead Pack,,,,,Milwaukee Accessory,Milwaukee,Milwaukee,48-22-3301,,General Supplies > General > General,"Milwaukee Milw Mechanical Pencil, 48-22-3301",MILW MECHANICAL PENCIL,"Milwaukee Milw Mechanical Pencil, 48-22-3301","Milwaukee Milw Mechanical Pencil, Model 48-22-3301","Milwaukee Milw Mechanical Pencil, 48-22-3301",,,,,,,,,,,,,,,,,,,,,,,,,Milw Mechanical Pencil,,Milw Mechanical Pencil,,,,,,,,,,,,,,,,,,,,,,,,,,,,,,,,,,,,,,,,,,,,,,,,,,,,,,,,,,,,,,,,,,,,,,,,,,,,,,,,,,,,,,,,,,,,,,,,,,,,,,,,,,,,,,,,,,,,,,,,,,,,,,,,,,,,,,,,,,,,,,,,,,,,,,,,,,,,,,,,,,,,,,,,,,,,,,,,,,,,,,,,,,,,,,,,,,,,,
,,,,,,,General Supplies,General,General,,48-22-3302,48-22-3302 Milw Mechanical Pencil Replacement Lead,,,,,Milwaukee Accessory,Milwaukee,Milwaukee,48-22-3302,,General Supplies > General > General,"Milwaukee Milw Mechanical Pencil, 48-22-3302",MILW MECHANICAL PENCIL,"Milwaukee Milw Mechanical Pencil, 48-22-3302","Milwaukee Milw Mechanical Pencil, Model 48-22-3302","Milwaukee Milw Mechanical Pencil, 48-22-3302",,,,,,,,,,,,,,,,,,,,,,,,,Milw Mechanical Pencil,,Milw Mechanical Pencil,,,,,,,,,,,,,,,,,,,,,,,,,,,,,,,,,,,,,,,,,,,,,,,,,,,,,,,,,,,,,,,,,,,,,,,,,,,,,,,,,,,,,,,,,,,,,,,,,,,,,,,,,,,,,,,,,,,,,,,,,,,,,,,,,,,,,,,,,,,,,,,,,,,,,,,,,,,,,,,,,,,,,,,,,,,,,,,,,,,,,,,,,,,,,,,,,,,,,
,,,,,,,General Supplies,General,General,,48-22-3303,48-22-3303 Milw Mechanical Pencil Replacement Lead-Color,,,,,Milwaukee Accessory,Milwaukee,Milwaukee,48-22-3303,,General Supplies > General > General,"Milwaukee Milw Mechanical Pencil, 48-22-3303",MILW MECHANICAL PENCIL,"Milwaukee Milw Mechanical Pencil, 48-22-3303","Milwaukee Milw Mechanical Pencil, Model 48-22-3303","Milwaukee Milw Mechanical Pencil, 48-22-3303",,,,,,,,,,,,,,,,,,,,,,,,,Milw Mechanical Pencil,,Milw Mechanical Pencil,,,,,,,,,,,,,,,,,,,,,,,,,,,,,,,,,,,,,,,,,,,,,,,,,,,,,,,,,,,,,,,,,,,,,,,,,,,,,,,,,,,,,,,,,,,,,,,,,,,,,,,,,,,,,,,,,,,,,,,,,,,,,,,,,,,,,,,,,,,,,,,,,,,,,,,,,,,,,,,,,,,,,,,,,,,,,,,,,,,,,,,,,,,,,,,,,,,,,
,,,,,,,General Supplies,General,General,,TSDKAP218-G2,TSDKAP218-G2 Edge Safety - Khor Black Frame Polarized,,,,,Edge Eyewear Inc,,,TSDKAP218-G2,,General Supplies > General > General,"TSDKAP218-G2 Edge Safety, TSDKAP218-G2, Color Black",TSDKAP218-G2 EDGE SAFETY BLACK,"TSDKAP218-G2 Edge Safety, TSDKAP218-G2","TSDKAP218-G2 Edge Safety, Model TSDKAP218-G2, Color Black","TSDKAP218-G2 Edge Safety, TSDKAP218-G2",,Color: Black,,,,,,,,,,,,,,,,,,,,,,,TSDKAP218-G2 Edge Safety,,TSDKAP218-G2 Edge Safety,Color,Black,,,,,,,,,,,,,,,,,,,,,,,,,,,,,,,,,,,,,,,,,,,,,,,,,,,,,,,,,,,,,,,,,,,,,,,,,,,,,,,,,,,,,,,,,,,,,,,,,,,,,,,,,,,,,,,,,,,,,,,,,,,,,,,,,,,,,,,,,,,,,,,,,,,,,,,,,,,,,,,,,,,,,,,,,,,,,,,,,,,,,,,,,,,,,,,,,,,
,,,,,,,Safety,PPE,Safety Glasses,,XPAP418,XPAP418 Edge Safety Glasses - Pumori Black Frame,,,,,Edge Eyewear Inc,,,XPAP418,,Safety > PPE > Safety Glasses,"Safety Eyewear, XPAP418, Color Black",SAFETY EYEWEAR BLACK,"Safety Eyewear, XPAP418","Safety Eyewear, Model XPAP418, Color Black","Safety Eyewear, XPAP418",,Color: Black,,,,,,,,,,,,,,,,,,,,,,,Safety Eyewear,,Safety Eyewear,Color,Black,,,,,,,,,,,,,,,,,,,,,,,,,,,,,,,,,,,,,,,,,,,,,,,,,,,,,,,,,,,,,,,,,,,,,,,,,,,,,,,,,,,,,,,,,,,,,,,,,,,,,,,,,,,,,,,,,,,,,,,,,,,,,,,,,,,,,,,,,,,,,,,,,,,,,,,,46181509,,,,,,,,,,,,,,,,,,,,,,,,,,,,,,,,,,,,,,,,,,,
,,,,,,,Safety,PPE,Safety Glasses,,XDAP419,XDAP419 Edge Safety Glasses - Dawson Black Frame Red Lenses,,,,,Edge Eyewear Inc,,,XDAP419,,Safety > PPE > Safety Glasses,"Safety Eyewear, XDAP419, Color Black",SAFETY EYEWEAR BLACK,"Safety Eyewear, XDAP419","Safety Eyewear, Model XDAP419, Color Black","Safety Eyewear, XDAP419",,Color: Black,,,,,,,,,,,,,,,,,,,,,,,Safety Eyewear,,Safety Eyewear,Color,Black,,,,,,,,,,,,,,,,,,,,,,,,,,,,,,,,,,,,,,,,,,,,,,,,,,,,,,,,,,,,,,,,,,,,,,,,,,,,,,,,,,,,,,,,,,,,,,,,,,,,,,,,,,,,,,,,,,,,,,,,,,,,,,,,,,,,,,,,,,,,,,,,,,,,,,,,46181509,,,,,,,,,,,,,,,,,,,,,,,,,,,,,,,,,,,,,,,,,,,
,,,,,,,Safety,PPE,Safety Glasses,,XB11PCVS,XB11PCVS Edge Safety Glasses - Photochromic Lense,,,,,Edge Eyewear Inc,,,XB11PCVS,,Safety > PPE > Safety Glasses,"Safety Eyewear, XB11PCVS",SAFETY EYEWEAR,"Safety Eyewear, XB11PCVS","Safety Eyewear, Model XB11PCVS","Safety Eyewear, XB11PCVS",,,,,,,,,,,,,,,,,,,,,,,,,Safety Eyewear,,Safety Eyewear,,,,,,,,,,,,,,,,,,,,,,,,,,,,,,,,,,,,,,,,,,,,,,,,,,,,,,,,,,,,,,,,,,,,,,,,,,,,,,,,,,,,,,,,,,,,,,,,,,,,,,,,,,,,,,,,,,,,,,,,,,,,,,,,,,,,,,,,,,,,,,,,,,,,,,,,,,46181509,,,,,,,,,,,,,,,,,,,,,,,,,,,,,,,,,,,,,,,,,,,
,,,,,,,Safety,PPE,Safety Glasses,,KB121VS,KB121VS Edge Safety Glasses - Kabru Black Frame,,,,,Edge Eyewear Inc,,,KB121VS,,Safety > PPE > Safety Glasses,"Safety Eyewear, KB121VS, Color Black",SAFETY EYEWEAR BLACK,"Safety Eyewear, KB121VS","Safety Eyewear, Model KB121VS, Color Black","Safety Eyewear, KB121VS",,Color: Black,,,,,,,,,,,,,,,,,,,,,,,Safety Eyewear,,Safety Eyewear,Color,Black,,,,,,,,,,,,,,,,,,,,,,,,,,,,,,,,,,,,,,,,,,,,,,,,,,,,,,,,,,,,,,,,,,,,,,,,,,,,,,,,,,,,,,,,,,,,,,,,,,,,,,,,,,,,,,,,,,,,,,,,,,,,,,,,,,,,,,,,,,,,,,,,,,,,,,,,46181509,,,,,,,,,,,,,,,,,,,,,,,,,,,,,,,,,,,,,,,,,,,
,,,,,,,Safety,PPE,Safety Glasses,,KB126VS,KB126VS Edge Safety Glasses - Kabru Black Frame,,,,,Edge Eyewear Inc,,,KB126VS,,Safety > PPE > Safety Glasses,"Safety Eyewear, KB126VS, Color Black",SAFETY EYEWEAR BLACK,"Safety Eyewear, KB126VS","Safety Eyewear, Model KB126VS, Color Black","Safety Eyewear, KB126VS",,Color: Black,,,,,,,,,,,,,,,,,,,,,,,Safety Eyewear,,Safety Eyewear,Color,Black,,,,,,,,,,,,,,,,,,,,,,,,,,,,,,,,,,,,,,,,,,,,,,,,,,,,,,,,,,,,,,,,,,,,,,,,,,,,,,,,,,,,,,,,,,,,,,,,,,,,,,,,,,,,,,,,,,,,,,,,,,,,,,,,,,,,,,,,,,,,,,,,,,,,,,,,46181509,,,,,,,,,,,,,,,,,,,,,,,,,,,,,,,,,,,,,,,,,,,
,,,,,,,Safety,PPE,Safety Glasses,,TC121VS,TC121VS Edge Safety Glasses - Tacana Black Frame,,,,,Edge Eyewear Inc,,,TC121VS,,Safety > PPE > Safety Glasses,"Safety Eyewear, TC121VS, Color Black",SAFETY EYEWEAR BLACK,"Safety Eyewear, TC121VS","Safety Eyewear, Model TC121VS, Color Black","Safety Eyewear, TC121VS",,Color: Black,,,,,,,,,,,,,,,,,,,,,,,Safety Eyewear,,Safety Eyewear,Color,Black,,,,,,,,,,,,,,,,,,,,,,,,,,,,,,,,,,,,,,,,,,,,,,,,,,,,,,,,,,,,,,,,,,,,,,,,,,,,,,,,,,,,,,,,,,,,,,,,,,,,,,,,,,,,,,,,,,,,,,,,,,,,,,,,,,,,,,,,,,,,,,,,,,,,,,,,46181509,,,,,,,,,,,,,,,,,,,,,,,,,,,,,,,,,,,,,,,,,,,
,,,,,,,Safety,PPE,Safety Glasses,,TC126VS,TC126VS Edge Safety Glasses - Tacana Black Frame,,,,,Edge Eyewear Inc,,,TC126VS,,Safety > PPE > Safety Glasses,"Safety Eyewear, TC126VS, Color Black",SAFETY EYEWEAR BLACK,"Safety Eyewear, TC126VS","Safety Eyewear, Model TC126VS, Color Black","Safety Eyewear, TC126VS",,Color: Black,,,,,,,,,,,,,,,,,,,,,,,Safety Eyewear,,Safety Eyewear,Color,Black,,,,,,,,,,,,,,,,,,,,,,,,,,,,,,,,,,,,,,,,,,,,,,,,,,,,,,,,,,,,,,,,,,,,,,,,,,,,,,,,,,,,,,,,,,,,,,,,,,,,,,,,,,,,,,,,,,,,,,,,,,,,,,,,,,,,,,,,,,,,,,,,,,,,,,,,46181509,,,,,,,,,,,,,,,,,,,,,,,,,,,,,,,,,,,,,,,,,,,
,,,,,,,Safety,PPE,Safety Glasses,,MK113MPAP,MK113MPAP Edge Safety Glasses - Makalu Black Frame Polarized,,,,,Edge Eyewear Inc,,,MK113MPAP,,Safety > PPE > Safety Glasses,"Safety Eyewear, MK113MPAP, Color Black",SAFETY EYEWEAR BLACK,"Safety Eyewear, MK113MPAP","Safety Eyewear, Model MK113MPAP, Color Black","Safety Eyewear, MK113MPAP",,Color: Black,,,,,,,,,,,,,,,,,,,,,,,Safety Eyewear,,Safety Eyewear,Color,Black,,,,,,,,,,,,,,,,,,,,,,,,,,,,,,,,,,,,,,,,,,,,,,,,,,,,,,,,,,,,,,,,,,,,,,,,,,,,,,,,,,,,,,,,,,,,,,,,,,,,,,,,,,,,,,,,,,,,,,,,,,,,,,,,,,,,,,,,,,,,,,,,,,,,,,,,46181509,,,,,,,,,,,,,,,,,,,,,,,,,,,,,,,,,,,,,,,,,,,
,,,,,,,Safety,PPE,Safety Glasses,,LS117MPAP,LS117MPAP Edge Safety Glasses - Lassen Black Frame Polarized,,,,,Edge Eyewear Inc,,,LS117MPAP,,Safety > PPE > Safety Glasses,"Safety Eyewear, LS117MPAP, Color Black",SAFETY EYEWEAR BLACK,"Safety Eyewear, LS117MPAP","Safety Eyewear, Model LS117MPAP, Color Black","Safety Eyewear, LS117MPAP",,Color: Black,,,,,,,,,,,,,,,,,,,,,,,Safety Eyewear,,Safety Eyewear,Color,Black,,,,,,,,,,,,,,,,,,,,,,,,,,,,,,,,,,,,,,,,,,,,,,,,,,,,,,,,,,,,,,,,,,,,,,,,,,,,,,,,,,,,,,,,,,,,,,,,,,,,,,,,,,,,,,,,,,,,,,,,,,,,,,,,,,,,,,,,,,,,,,,,,,,,,,,,46181509,,,,,,,,,,,,,,,,,,,,,,,,,,,,,,,,,,,,,,,,,,,
,,,,,,,Building Materials,Lumber,Dimensional Lumber,,FE-EFX-6L,FEEFX6L Lith Fire Extinguisher,,,,,Ohio Firewatch Protection Inc,,,FE-EFX-6L,,Building Materials > Lumber > Dimensional Lumber,"Lumber, FE-EFX-6L",LUMBER,"Lumber, FE-EFX-6L","Lumber, Model FE-EFX-6L","Lumber, FE-EFX-6L",,,,,,,,,,,,,,,,,,,,,,,,,Lumber,,Lumber,,,,,,,,,,,,,,,,,,,,,,,,,,,,,,,,,,,,,,,,,,,,,,,,,,,,,,,,,,,,,,,,,,,,,,,,,,,,,,,,,,,,,,,,,,,,,,,,,,,,,,,,,,,,,,,,,,,,,,,,,,,,,,,,,,,,,,,,,,,,,,,,,,,,,,,,,,30111501,,,,,,,,,,,,,,,,,,,,,,,,,,,,,,,,,,,,,,,,,,,
,,,,,,,Building Materials,Lumber,Dimensional Lumber,,FE-EFX-9L,FEEFX9L Lith Fire Extinguisher,,,,,Ohio Firewatch Protection Inc,,,FE-EFX-9L,,Building Materials > Lumber > Dimensional Lumber,"Lumber, FE-EFX-9L",LUMBER,"Lumber, FE-EFX-9L","Lumber, Model FE-EFX-9L","Lumber, FE-EFX-9L",,,,,,,,,,,,,,,,,,,,,,,,,Lumber,,Lumber,,,,,,,,,,,,,,,,,,,,,,,,,,,,,,,,,,,,,,,,,,,,,,,,,,,,,,,,,,,,,,,,,,,,,,,,,,,,,,,,,,,,,,,,,,,,,,,,,,,,,,,,,,,,,,,,,,,,,,,,,,,,,,,,,,,,,,,,,,,,,,,,,,,,,,,,,,30111501,,,,,,,,,,,,,,,,,,,,,,,,,,,,,,,,,,,,,,,,,,,
,,,,,,,General Supplies,General,General,,1046793,1046793 Smoke & CO Alarm,,,,,First Alert - B R K Brands,,,1046793,,General Supplies > General > General,"Smoke CO Alarm, 1046793",SMOKE CO ALARM,"Smoke CO Alarm, 1046793","Smoke CO Alarm, Model 1046793","Smoke CO Alarm, 1046793",,,,,,,,,,,,,,,,,,,,,,,,,Smoke CO Alarm,,Smoke CO Alarm,,,,,,,,,,,,,,,,,,,,,,,,,,,,,,,,,,,,,,,,,,,,,,,,,,,,,,,,,,,,,,,,,,,,,,,,,,,,,,,,,,,,,,,,,,,,,,,,,,,,,,,,,,,,,,,,,,,,,,,,,,,,,,,,,,,,,,,,,,,,,,,,,,,,,,,,,,,,,,,,,,,,,,,,,,,,,,,,,,,,,,,,,,,,,,,,,,,,,
,,,,,,,General Supplies,General,General,,1046870,1046870 Smoke & CO Alarm,,,,,First Alert - B R K Brands,,,1046870,,General Supplies > General > General,"Smoke CO Alarm, 1046870",SMOKE CO ALARM,"Smoke CO Alarm, 1046870","Smoke CO Alarm, Model 1046870","Smoke CO Alarm, 1046870",,,,,,,,,,,,,,,,,,,,,,,,,Smoke CO Alarm,,Smoke CO Alarm,,,,,,,,,,,,,,,,,,,,,,,,,,,,,,,,,,,,,,,,,,,,,,,,,,,,,,,,,,,,,,,,,,,,,,,,,,,,,,,,,,,,,,,,,,,,,,,,,,,,,,,,,,,,,,,,,,,,,,,,,,,,,,,,,,,,,,,,,,,,,,,,,,,,,,,,,,,,,,,,,,,,,,,,,,,,,,,,,,,,,,,,,,,,,,,,,,,,,
,,,,,,,Safety,PPE,Gloves,,M701B-21L,M701B-21L Milw L Black Heated Work Glove Liners,,,,,Milwaukee Accessory,Milwaukee,Milwaukee,M701B-21L,,Safety > PPE > Gloves,"Milwaukee Glove, M701B-21L, Color Black",GLOVE BLACK,"Milwaukee Glove, M701B-21L","Milwaukee Glove, Model M701B-21L, Color Black","Milwaukee Glove, M701B-21L",,Color: Black,,,,,,,,,,,,,,,,,,,,,,,Glove,,Glove,Color,Black,,,,,,,,,,,,,,,,,,,,,,,,,,,,,,,,,,,,,,,,,,,,,,,,,,,,,,,,,,,,,,,,,,,,,,,,,,,,,,,,,,,,,,,,,,,,,,,,,,,,,,,,,,,,,,,,,,,,,,,,,,,,,,,,,,,,,,,,,,,,,,,,,,,,,,,,46181502,,,,,,,,,,,,,,,,,,,,,,,,,,,,,,,,,,,,,,,,,,,
,,,,,,,Safety,PPE,Gloves,,M701B-21M,M701B-21M Milw M Black Heated Work Glove Liners,,,,,Milwaukee Accessory,Milwaukee,Milwaukee,M701B-21M,,Safety > PPE > Gloves,"Milwaukee Glove, M701B-21M, Color Black",GLOVE BLACK,"Milwaukee Glove, M701B-21M","Milwaukee Glove, Model M701B-21M, Color Black","Milwaukee Glove, M701B-21M",,Color: Black,,,,,,,,,,,,,,,,,,,,,,,Glove,,Glove,Color,Black,,,,,,,,,,,,,,,,,,,,,,,,,,,,,,,,,,,,,,,,,,,,,,,,,,,,,,,,,,,,,,,,,,,,,,,,,,,,,,,,,,,,,,,,,,,,,,,,,,,,,,,,,,,,,,,,,,,,,,,,,,,,,,,,,,,,,,,,,,,,,,,,,,,,,,,,46181502,,,,,,,,,,,,,,,,,,,,,,,,,,,,,,,,,,,,,,,,,,,
,,,,,,,Safety,PPE,Gloves,,M701B-21S,M701B-21S Milw S Black Heated Work Glove Liners,,,,,Milwaukee Accessory,Milwaukee,Milwaukee,M701B-21S,,Safety > PPE > Gloves,"Milwaukee Glove, M701B-21S, Color Black",GLOVE BLACK,"Milwaukee Glove, M701B-21S","Milwaukee Glove, Model M701B-21S, Color Black","Milwaukee Glove, M701B-21S",,Color: Black,,,,,,,,,,,,,,,,,,,,,,,Glove,,Glove,Color,Black,,,,,,,,,,,,,,,,,,,,,,,,,,,,,,,,,,,,,,,,,,,,,,,,,,,,,,,,,,,,,,,,,,,,,,,,,,,,,,,,,,,,,,,,,,,,,,,,,,,,,,,,,,,,,,,,,,,,,,,,,,,,,,,,,,,,,,,,,,,,,,,,,,,,,,,,46181502,,,,,,,,,,,,,,,,,,,,,,,,,,,,,,,,,,,,,,,,,,,
,,,,,,,Safety,PPE,Gloves,,M701B-21XL,M701B-21XL Milw XL Black Heated Work Glove Liners,,,,,Milwaukee Accessory,Milwaukee,Milwaukee,M701B-21XL,,Safety > PPE > Gloves,"Milwaukee Glove, M701B-21XL, Color Black",GLOVE BLACK,"Milwaukee Glove, M701B-21XL","Milwaukee Glove, Model M701B-21XL, Color Black","Milwaukee Glove, M701B-21XL",,Color: Black,,,,,,,,,,,,,,,,,,,,,,,Glove,,Glove,Color,Black,,,,,,,,,,,,,,,,,,,,,,,,,,,,,,,,,,,,,,,,,,,,,,,,,,,,,,,,,,,,,,,,,,,,,,,,,,,,,,,,,,,,,,,,,,,,,,,,,,,,,,,,,,,,,,,,,,,,,,,,,,,,,,,,,,,,,,,,,,,,,,,,,,,,,,,,46181502,,,,,,,,,,,,,,,,,,,,,,,,,,,,,,,,,,,,,,,,,,,
,,,,,,,Safety,PPE,Gloves,,MWUG42010124,UTW Pro Heated Glove Blk XS,,,,,Tech Gear 5.7 Inc,,,MWUG42010124,,Safety > PPE > Gloves,"Glove, MWUG42010124",GLOVE,"Glove, MWUG42010124","Glove, Model MWUG42010124","Glove, MWUG42010124",,,,,,,,,,,,,,,,,,,,,,,,,Glove,,Glove,,,,,,,,,,,,,,,,,,,,,,,,,,,,,,,,,,,,,,,,,,,,,,,,,,,,,,,,,,,,,,,,,,,,,,,,,,,,,,,,,,,,,,,,,,,,,,,,,,,,,,,,,,,,,,,,,,,,,,,,,,,,,,,,,,,,,,,,,,,,,,,,,,,,,,,,,,46181502,,,,,,,,,,,,,,,,,,,,,,,,,,,,,,,,,,,,,,,,,,,
,,,,,,,Safety,PPE,Gloves,,MWUG42010224,UTW Pro Heated Glove Blk SM,,,,,Tech Gear 5.7 Inc,,,MWUG42010224,,Safety > PPE > Gloves,"Glove, MWUG42010224",GLOVE,"Glove, MWUG42010224","Glove, Model MWUG42010224","Glove, MWUG42010224",,,,,,,,,,,,,,,,,,,,,,,,,Glove,,Glove,,,,,,,,,,,,,,,,,,,,,,,,,,,,,,,,,,,,,,,,,,,,,,,,,,,,,,,,,,,,,,,,,,,,,,,,,,,,,,,,,,,,,,,,,,,,,,,,,,,,,,,,,,,,,,,,,,,,,,,,,,,,,,,,,,,,,,,,,,,,,,,,,,,,,,,,,,46181502,,,,,,,,,,,,,,,,,,,,,,,,,,,,,,,,,,,,,,,,,,,
,,,,,,,Safety,PPE,Gloves,,MWUG42010324,UTW Pro Heated Glove Blk MD,,,,,Tech Gear 5.7 Inc,,,MWUG42010324,,Safety > PPE > Gloves,"Glove, MWUG42010324",GLOVE,"Glove, MWUG42010324","Glove, Model MWUG42010324","Glove, MWUG42010324",,,,,,,,,,,,,,,,,,,,,,,,,Glove,,Glove,,,,,,,,,,,,,,,,,,,,,,,,,,,,,,,,,,,,,,,,,,,,,,,,,,,,,,,,,,,,,,,,,,,,,,,,,,,,,,,,,,,,,,,,,,,,,,,,,,,,,,,,,,,,,,,,,,,,,,,,,,,,,,,,,,,,,,,,,,,,,,,,,,,,,,,,,,46181502,,,,,,,,,,,,,,,,,,,,,,,,,,,,,,,,,,,,,,,,,,,
,,,,,,,Safety,PPE,Gloves,,MWUG42010424,UTW Pro Heated Glove Blk LG,,,,,Tech Gear 5.7 Inc,,,MWUG42010424,,Safety > PPE > Gloves,"Glove, MWUG42010424",GLOVE,"Glove, MWUG42010424","Glove, Model MWUG42010424","Glove, MWUG42010424",,,,,,,,,,,,,,,,,,,,,,,,,Glove,,Glove,,,,,,,,,,,,,,,,,,,,,,,,,,,,,,,,,,,,,,,,,,,,,,,,,,,,,,,,,,,,,,,,,,,,,,,,,,,,,,,,,,,,,,,,,,,,,,,,,,,,,,,,,,,,,,,,,,,,,,,,,,,,,,,,,,,,,,,,,,,,,,,,,,,,,,,,,,46181502,,,,,,,,,,,,,,,,,,,,,,,,,,,,,,,,,,,,,,,,,,,
,,,,,,,Safety,PPE,Gloves,,MWUG42010524,UTW Pro Heated Glove Blk XL,,,,,Tech Gear 5.7 Inc,,,MWUG42010524,,Safety > PPE > Gloves,"Glove, MWUG42010524",GLOVE,"Glove, MWUG42010524","Glove, Model MWUG42010524","Glove, MWUG42010524",,,,,,,,,,,,,,,,,,,,,,,,,Glove,,Glove,,,,,,,,,,,,,,,,,,,,,,,,,,,,,,,,,,,,,,,,,,,,,,,,,,,,,,,,,,,,,,,,,,,,,,,,,,,,,,,,,,,,,,,,,,,,,,,,,,,,,,,,,,,,,,,,,,,,,,,,,,,,,,,,,,,,,,,,,,,,,,,,,,,,,,,,,,46181502,,,,,,,,,,,,,,,,,,,,,,,,,,,,,,,,,,,,,,,,,,,
,,,,,,,Safety,PPE,Gloves,,MWUG42010624,UTW Pro Heated Glove Blk 2X,,,,,Tech Gear 5.7 Inc,,,MWUG42010624,,Safety > PPE > Gloves,"Glove, MWUG42010624",GLOVE,"Glove, MWUG42010624","Glove, Model MWUG42010624","Glove, MWUG42010624",,,,,,,,,,,,,,,,,,,,,,,,,Glove,,Glove,,,,,,,,,,,,,,,,,,,,,,,,,,,,,,,,,,,,,,,,,,,,,,,,,,,,,,,,,,,,,,,,,,,,,,,,,,,,,,,,,,,,,,,,,,,,,,,,,,,,,,,,,,,,,,,,,,,,,,,,,,,,,,,,,,,,,,,,,,,,,,,,,,,,,,,,,,46181502,,,,,,,,,,,,,,,,,,,,,,,,,,,,,,,,,,,,,,,,,,,
,,,,,,,Safety,PPE,Gloves,,MWUG36010225,MWUG36010225 BLK SM Aerial Snow Heated Glove,,,,,Tech Gear 5.7 Inc,,,MWUG36010225,,Safety > PPE > Gloves,"Glove, MWUG36010225",GLOVE,"Glove, MWUG36010225","Glove, Model MWUG36010225","Glove, MWUG36010225",,,,,,,,,,,,,,,,,,,,,,,,,Glove,,Glove,,,,,,,,,,,,,,,,,,,,,,,,,,,,,,,,,,,,,,,,,,,,,,,,,,,,,,,,,,,,,,,,,,,,,,,,,,,,,,,,,,,,,,,,,,,,,,,,,,,,,,,,,,,,,,,,,,,,,,,,,,,,,,,,,,,,,,,,,,,,,,,,,,,,,,,,,,46181502,,,,,,,,,,,,,,,,,,,,,,,,,,,,,,,,,,,,,,,,,,,
,,,,,,,Safety,PPE,Gloves,,MWUG36010325,MWUG36010325 BLK MD Aerial Snow Heated Glove,,,,,Tech Gear 5.7 Inc,,,MWUG36010325,,Safety > PPE > Gloves,"Glove, MWUG36010325",GLOVE,"Glove, MWUG36010325","Glove, Model MWUG36010325","Glove, MWUG36010325",,,,,,,,,,,,,,,,,,,,,,,,,Glove,,Glove,,,,,,,,,,,,,,,,,,,,,,,,,,,,,,,,,,,,,,,,,,,,,,,,,,,,,,,,,,,,,,,,,,,,,,,,,,,,,,,,,,,,,,,,,,,,,,,,,,,,,,,,,,,,,,,,,,,,,,,,,,,,,,,,,,,,,,,,,,,,,,,,,,,,,,,,,,46181502,,,,,,,,,,,,,,,,,,,,,,,,,,,,,,,,,,,,,,,,,,,
,,,,,,,Safety,PPE,Gloves,,MWUG36010425,MWUG36010425 BLK LG Aerial Snow Heated Glove,,,,,Tech Gear 5.7 Inc,,,MWUG36010425,,Safety > PPE > Gloves,"Glove, MWUG36010425",GLOVE,"Glove, MWUG36010425","Glove, Model MWUG36010425","Glove, MWUG36010425",,,,,,,,,,,,,,,,,,,,,,,,,Glove,,Glove,,,,,,,,,,,,,,,,,,,,,,,,,,,,,,,,,,,,,,,,,,,,,,,,,,,,,,,,,,,,,,,,,,,,,,,,,,,,,,,,,,,,,,,,,,,,,,,,,,,,,,,,,,,,,,,,,,,,,,,,,,,,,,,,,,,,,,,,,,,,,,,,,,,,,,,,,,46181502,,,,,,,,,,,,,,,,,,,,,,,,,,,,,,,,,,,,,,,,,,,
,,,,,,,Safety,PPE,Gloves,,MWUG36010525,MWUG36010525 BLK XL Aerial Snow Heated Glove,,,,,Tech Gear 5.7 Inc,,,MWUG36010525,,Safety > PPE > Gloves,"Glove, MWUG36010525",GLOVE,"Glove, MWUG36010525","Glove, Model MWUG36010525","Glove, MWUG36010525",,,,,,,,,,,,,,,,,,,,,,,,,Glove,,Glove,,,,,,,,,,,,,,,,,,,,,,,,,,,,,,,,,,,,,,,,,,,,,,,,,,,,,,,,,,,,,,,,,,,,,,,,,,,,,,,,,,,,,,,,,,,,,,,,,,,,,,,,,,,,,,,,,,,,,,,,,,,,,,,,,,,,,,,,,,,,,,,,,,,,,,,,,,46181502,,,,,,,,,,,,,,,,,,,,,,,,,,,,,,,,,,,,,,,,,,,
,,,,,,,Safety,PPE,Gloves,,MWUG36010625,MWUG36010625 BLK 2X Aerial Snow Heated Glove,,,,,Tech Gear 5.7 Inc,,,MWUG36010625,,Safety > PPE > Gloves,"Glove, MWUG36010625",GLOVE,"Glove, MWUG36010625","Glove, Model MWUG36010625","Glove, MWUG36010625",,,,,,,,,,,,,,,,,,,,,,,,,Glove,,Glove,,,,,,,,,,,,,,,,,,,,,,,,,,,,,,,,,,,,,,,,,,,,,,,,,,,,,,,,,,,,,,,,,,,,,,,,,,,,,,,,,,,,,,,,,,,,,,,,,,,,,,,,,,,,,,,,,,,,,,,,,,,,,,,,,,,,,,,,,,,,,,,,,,,,,,,,,,46181502,,,,,,,,,,,,,,,,,,,,,,,,,,,,,,,,,,,,,,,,,,,
,,,,,,,General Supplies,General,General,,DPG15,DPG15 Dewalt AM/FM Hearing Protector,,,,,Radians,,,DPG15,,General Supplies > General > General,"DPG15 Dewalt AM/FM, DPG15",DPG15 DEWALT AM/FM,"DPG15 Dewalt AM/FM, DPG15","DPG15 Dewalt AM/FM, Model DPG15","DPG15 Dewalt AM/FM, DPG15",,,,,,,,,,,,,,,,,,,,,,,,,DPG15 Dewalt AM/FM,,DPG15 Dewalt AM/FM,,,,,,,,,,,,,,,,,,,,,,,,,,,,,,,,,,,,,,,,,,,,,,,,,,,,,,,,,,,,,,,,,,,,,,,,,,,,,,,,,,,,,,,,,,,,,,,,,,,,,,,,,,,,,,,,,,,,,,,,,,,,,,,,,,,,,,,,,,,,,,,,,,,,,,,,,,,,,,,,,,,,,,,,,,,,,,,,,,,,,,,,,,,,,,,,,,,,,
,,,,,,,General Supplies,General,General,,F200B-21L,F200B-21L Milw M12 Womens - BLK Heated Hoodie Kit L,,,,,Milwaukee Accessory,Milwaukee,Milwaukee,F200B-21L,,General Supplies > General > General,"Milwaukee F200B-21L Milw M12, M12, F200B-21L",F200B-21L MILW M12,"Milwaukee F200B-21L Milw M12, M12, F200B-21L","Milwaukee F200B-21L Milw M12, M12, Model F200B-21L","Milwaukee F200B-21L Milw M12, M12, F200B-21L",,,,,,,,,,,,,,,,,,,,,,,,,F200B-21L Milw M12,,F200B-21L Milw M12,,,,,,,,,,,,,,,,,,,,,,,,,,,,,,,,,,,,,,,,,,,,,,,,,,,,,,,,,,,,,,,,,,,,,,,,,,,,,,,,,,,,,,,,,,,,,,,,,,,,,,,,,,,,,,,,,,,,,,,,,,,,,,,,,,,,,,,,,,,,,,,,,,,,,,,,,,,,,,,,,,,,,,,,,,,,,,,,,,,,,,,,,,,,,,,,,,,,,
,,,,,,,General Supplies,General,General,,F200B-21M,F200B-21M Milw M12 Womens - BLK Heated Hoodie Kit M,,,,,Milwaukee Accessory,Milwaukee,Milwaukee,F200B-21M,,General Supplies > General > General,"Milwaukee F200B-21M Milw M12, M12, F200B-21M",F200B-21M MILW M12,"Milwaukee F200B-21M Milw M12, M12, F200B-21M","Milwaukee F200B-21M Milw M12, M12, Model F200B-21M","Milwaukee F200B-21M Milw M12, M12, F200B-21M",,,,,,,,,,,,,,,,,,,,,,,,,F200B-21M Milw M12,,F200B-21M Milw M12,,,,,,,,,,,,,,,,,,,,,,,,,,,,,,,,,,,,,,,,,,,,,,,,,,,,,,,,,,,,,,,,,,,,,,,,,,,,,,,,,,,,,,,,,,,,,,,,,,,,,,,,,,,,,,,,,,,,,,,,,,,,,,,,,,,,,,,,,,,,,,,,,,,,,,,,,,,,,,,,,,,,,,,,,,,,,,,,,,,,,,,,,,,,,,,,,,,,,
,,,,,,,General Supplies,General,General,,M200B-21L,M200B-21L Milw M12 BLK - Heated Hoodie Kit L,,,,,Milwaukee Accessory,Milwaukee,Milwaukee,M200B-21L,,General Supplies > General > General,"Milwaukee M200B-21L Milw M12, M12, M200B-21L",M200B-21L MILW M12,"Milwaukee M200B-21L Milw M12, M12, M200B-21L","Milwaukee M200B-21L Milw M12, M12, Model M200B-21L","Milwaukee M200B-21L Milw M12, M12, M200B-21L",,,,,,,,,,,,,,,,,,,,,,,,,M200B-21L Milw M12,,M200B-21L Milw M12,,,,,,,,,,,,,,,,,,,,,,,,,,,,,,,,,,,,,,,,,,,,,,,,,,,,,,,,,,,,,,,,,,,,,,,,,,,,,,,,,,,,,,,,,,,,,,,,,,,,,,,,,,,,,,,,,,,,,,,,,,,,,,,,,,,,,,,,,,,,,,,,,,,,,,,,,,,,,,,,,,,,,,,,,,,,,,,,,,,,,,,,,,,,,,,,,,,,,
,,,,,,,General Supplies,General,General,,M200B-21M,M200B-21M Milw M12 BLK - Heated Hoodie Kit M,,,,,Milwaukee Accessory,Milwaukee,Milwaukee,M200B-21M,,General Supplies > General > General,"Milwaukee M200B-21M Milw M12, M12, M200B-21M",M200B-21M MILW M12,"Milwaukee M200B-21M Milw M12, M12, M200B-21M","Milwaukee M200B-21M Milw M12, M12, Model M200B-21M","Milwaukee M200B-21M Milw M12, M12, M200B-21M",,,,,,,,,,,,,,,,,,,,,,,,,M200B-21M Milw M12,,M200B-21M Milw M12,,,,,,,,,,,,,,,,,,,,,,,,,,,,,,,,,,,,,,,,,,,,,,,,,,,,,,,,,,,,,,,,,,,,,,,,,,,,,,,,,,,,,,,,,,,,,,,,,,,,,,,,,,,,,,,,,,,,,,,,,,,,,,,,,,,,,,,,,,,,,,,,,,,,,,,,,,,,,,,,,,,,,,,,,,,,,,,,,,,,,,,,,,,,,,,,,,,,,
,,,,,,,General Supplies,General,General,,M200B-21XL,M200B-21XL Milw M12 BLK - Heated Hoodie Kit XL,,,,,Milwaukee Accessory,Milwaukee,Milwaukee,M200B-21XL,,General Supplies > General > General,"Milwaukee M200B-21XL Milw M12, M12, M200B-21XL",M200B-21XL MILW M12,"Milwaukee M200B-21XL Milw M12, M12, M200B-21XL","Milwaukee M200B-21XL Milw M12, M12, Model M200B-21XL","Milwaukee M200B-21XL Milw M12, M12, M200B-21XL",,,,,,,,,,,,,,,,,,,,,,,,,M200B-21XL Milw M12,,M200B-21XL Milw M12,,,,,,,,,,,,,,,,,,,,,,,,,,,,,,,,,,,,,,,,,,,,,,,,,,,,,,,,,,,,,,,,,,,,,,,,,,,,,,,,,,,,,,,,,,,,,,,,,,,,,,,,,,,,,,,,,,,,,,,,,,,,,,,,,,,,,,,,,,,,,,,,,,,,,,,,,,,,,,,,,,,,,,,,,,,,,,,,,,,,,,,,,,,,,,,,,,,,,
,,,,,,,General Supplies,General,General,,M200G-21L,M200G-21L Milw M12 Gray - Heated Hoodie Kit L,,,,,Milwaukee Accessory,Milwaukee,Milwaukee,M200G-21L,,General Supplies > General > General,"Milwaukee M200G-21L Milw M12, M12, M200G-21L, Color Gray",M200G-21L MILW M12 GRAY,"Milwaukee M200G-21L Milw M12, M12, M200G-21L","Milwaukee M200G-21L Milw M12, M12, Model M200G-21L, Color Gray","Milwaukee M200G-21L Milw M12, M12, M200G-21L",,Color: Gray,,,,,,,,,,,,,,,,,,,,,,,M200G-21L Milw M12,,M200G-21L Milw M12,Color,Gray,,,,,,,,,,,,,,,,,,,,,,,,,,,,,,,,,,,,,,,,,,,,,,,,,,,,,,,,,,,,,,,,,,,,,,,,,,,,,,,,,,,,,,,,,,,,,,,,,,,,,,,,,,,,,,,,,,,,,,,,,,,,,,,,,,,,,,,,,,,,,,,,,,,,,,,,,,,,,,,,,,,,,,,,,,,,,,,,,,,,,,,,,,,,,,,,,,,
,,,,,,,General Supplies,General,General,,M200G-21M,M200G-21M Milw M12 Gray - Heated Hoodie Kit M,,,,,Milwaukee Accessory,Milwaukee,Milwaukee,M200G-21M,,General Supplies > General > General,"Milwaukee M200G-21M Milw M12, M12, M200G-21M, Color Gray",M200G-21M MILW M12 GRAY,"Milwaukee M200G-21M Milw M12, M12, M200G-21M","Milwaukee M200G-21M Milw M12, M12, Model M200G-21M, Color Gray","Milwaukee M200G-21M Milw M12, M12, M200G-21M",,Color: Gray,,,,,,,,,,,,,,,,,,,,,,,M200G-21M Milw M12,,M200G-21M Milw M12,Color,Gray,,,,,,,,,,,,,,,,,,,,,,,,,,,,,,,,,,,,,,,,,,,,,,,,,,,,,,,,,,,,,,,,,,,,,,,,,,,,,,,,,,,,,,,,,,,,,,,,,,,,,,,,,,,,,,,,,,,,,,,,,,,,,,,,,,,,,,,,,,,,,,,,,,,,,,,,,,,,,,,,,,,,,,,,,,,,,,,,,,,,,,,,,,,,,,,,,,,
,,,,,,,General Supplies,General,General,,M200G-21XL,M200G-21XL Milw M12 Gray - Heated Hoodie Kit XL,,,,,Milwaukee Accessory,Milwaukee,Milwaukee,M200G-21XL,,General Supplies > General > General,"Milwaukee M200G-21XL Milw M12, M12, M200G-21XL, Color Gray",M200G-21XL MILW M12 GRAY,"Milwaukee M200G-21XL Milw M12, M12, M200G-21XL","Milwaukee M200G-21XL Milw M12, M12, Model M200G-21XL, Color Gray","Milwaukee M200G-21XL Milw M12, M12, M200G-21XL",,Color: Gray,,,,,,,,,,,,,,,,,,,,,,,M200G-21XL Milw M12,,M200G-21XL Milw M12,Color,Gray,,,,,,,,,,,,,,,,,,,,,,,,,,,,,,,,,,,,,,,,,,,,,,,,,,,,,,,,,,,,,,,,,,,,,,,,,,,,,,,,,,,,,,,,,,,,,,,,,,,,,,,,,,,,,,,,,,,,,,,,,,,,,,,,,,,,,,,,,,,,,,,,,,,,,,,,,,,,,,,,,,,,,,,,,,,,,,,,,,,,,,,,,,,,,,,,,,,
,,,,,,,General Supplies,General,General,,48-11-2330,48-11-2330 Milw Heated Gear Power Source,,,,,Milwaukee Accessory,Milwaukee,Milwaukee,48-11-2330,,General Supplies > General > General,"Milwaukee Milw Heated Gear, 48-11-2330",MILW HEATED GEAR,"Milwaukee Milw Heated Gear, 48-11-2330","Milwaukee Milw Heated Gear, Model 48-11-2330","Milwaukee Milw Heated Gear, 48-11-2330",,,,,,,,,,,,,,,,,,,,,,,,,Milw Heated Gear,,Milw Heated Gear,,,,,,,,,,,,,,,,,,,,,,,,,,,,,,,,,,,,,,,,,,,,,,,,,,,,,,,,,,,,,,,,,,,,,,,,,,,,,,,,,,,,,,,,,,,,,,,,,,,,,,,,,,,,,,,,,,,,,,,,,,,,,,,,,,,,,,,,,,,,,,,,,,,,,,,,,,,,,,,,,,,,,,,,,,,,,,,,,,,,,,,,,,,,,,,,,,,,,
,,,,,,,General Supplies,General,General,,DCBP250C,DCBP520C Dewalt Starter Kit,,,,,Black & Decker/dewlt,DEWALT,DEWALT,DCBP250C,,General Supplies > General > General,"DEWALT DCBP520C Dewalt Starter, DCBP250C",DCBP520C DEWALT STARTER,"DEWALT DCBP520C Dewalt Starter, DCBP250C","DEWALT DCBP520C Dewalt Starter, Model DCBP250C","DEWALT DCBP520C Dewalt Starter, DCBP250C",,,,,,,,,,,,,,,,,,,,,,,,,DCBP520C Dewalt Starter,,DCBP520C Dewalt Starter,,,,,,,,,,,,,,,,,,,,,,,,,,,,,,,,,,,,,,,,,,,,,,,,,,,,,,,,,,,,,,,,,,,,,,,,,,,,,,,,,,,,,,,,,,,,,,,,,,,,,,,,,,,,,,,,,,,,,,,,,,,,,,,,,,,,,,,,,,,,,,,,,,,,,,,,,,,,,,,,,,,,,,,,,,,,,,,,,,,,,,,,,,,,,,,,,,,,,
,,,,,,,General Supplies,General,General,,5328,5328 Lg. Leather Phone Holster - Clip-on,,,,,-,,,5328,,General Supplies > General > General,"Lg Leather Phone, 5328",LG LEATHER PHONE,"Lg Leather Phone, 5328","Lg Leather Phone, Model 5328","Lg Leather Phone, 5328",,,,,,,,,,,,,,,,,,,,,,,,,Lg Leather Phone,,Lg Leather Phone,,,,,,,,,,,,,,,,,,,,,,,,,,,,,,,,,,,,,,,,,,,,,,,,,,,,,,,,,,,,,,,,,,,,,,,,,,,,,,,,,,,,,,,,,,,,,,,,,,,,,,,,,,,,,,,,,,,,,,,,,,,,,,,,,,,,,,,,,,,,,,,,,,,,,,,,,,,,,,,,,,,,,,,,,,,,,,,,,,,,,,,,,,,,,,,,,,,,,
,,,,,,,General Supplies,General,General,,3200-20,3200-20 Milw Voltage Detector,,,,,Milwaukee Accessory,Milwaukee,Milwaukee,3200-20,,General Supplies > General > General,"Milwaukee Milw Voltage Detector, 3200-20",MILW VOLTAGE DETECTOR,"Milwaukee Milw Voltage Detector, 3200-20","Milwaukee Milw Voltage Detector, Model 3200-20","Milwaukee Milw Voltage Detector, 3200-20",,,,,,,,,,,,,,,,,,,,,,,,,Milw Voltage Detector,,Milw Voltage Detector,,,,,,,,,,,,,,,,,,,,,,,,,,,,,,,,,,,,,,,,,,,,,,,,,,,,,,,,,,,,,,,,,,,,,,,,,,,,,,,,,,,,,,,,,,,,,,,,,,,,,,,,,,,,,,,,,,,,,,,,,,,,,,,,,,,,,,,,,,,,,,,,,,,,,,,,,,,,,,,,,,,,,,,,,,,,,,,,,,,,,,,,,,,,,,,,,,,,,
,,,,,,,Electrical,Lighting,LED Lamps,,3202-20,3202-20 Milw Voltage Detector w/ LED,,,,,Milwaukee Accessory,Milwaukee,Milwaukee,3202-20,,Electrical > Lighting > LED Lamps,"Milwaukee LED Lamp, 3202-20",LED LAMP,"Milwaukee LED Lamp, 3202-20","Milwaukee LED Lamp, Model 3202-20","Milwaukee LED Lamp, 3202-20",,,,,,,,,,,,,,,,,,,,,,,,,LED Lamp,,LED Lamp,,,,,,,,,,,,,,,,,,,,,,,,,,,,,,,,,,,,,,,,,,,,,,,,,,,,,,,,,,,,,,,,,,,,,,,,,,,,,,,,,,,,,,,,,,,,,,,,,,,,,,,,,,,,,,,,,,,,,,,,,,,,,,,,,,,,,,,,,,,,,,,,,,,,,,,,,,39101629,,,,,,,,,,,,,,,,,,,,,,,,,,,,,,,,,,,,,,,,,,,
,,,,,,,Electrical,Lighting,LED Lamps,,3203-20,3203-20 Milw Dual Range Voltage Detector w/ LED,,,,,Milwaukee Accessory,Milwaukee,Milwaukee,3203-20,,Electrical > Lighting > LED Lamps,"Milwaukee LED Lamp, 3203-20",LED LAMP,"Milwaukee LED Lamp, 3203-20","Milwaukee LED Lamp, Model 3203-20","Milwaukee LED Lamp, 3203-20",,,,,,,,,,,,,,,,,,,,,,,,,LED Lamp,,LED Lamp,,,,,,,,,,,,,,,,,,,,,,,,,,,,,,,,,,,,,,,,,,,,,,,,,,,,,,,,,,,,,,,,,,,,,,,,,,,,,,,,,,,,,,,,,,,,,,,,,,,,,,,,,,,,,,,,,,,,,,,,,,,,,,,,,,,,,,,,,,,,,,,,,,,,,,,,,,39101629,,,,,,,,,,,,,,,,,,,,,,,,,,,,,,,,,,,,,,,,,,,
,,,,,,,General Supplies,General,General,,BC-12300,"BC-12300 BigCal 12""/300mm",,,,,Woodpeckers Inc,,,BC-12300,,General Supplies > General > General,"BC-12300 BigCal /300mm, BC-12300",BC-12300 BIGCAL /300MM,"BC-12300 BigCal /300mm, BC-12300","BC-12300 BigCal /300mm, Model BC-12300","BC-12300 BigCal /300mm, BC-12300",,,,,,,,,,,,,,,,,,,,,,,,,BC-12300 BigCal /300mm,,BC-12300 BigCal /300mm,,,,,,,,,,,,,,,,,,,,,,,,,,,,,,,,,,,,,,,,,,,,,,,,,,,,,,,,,,,,,,,,,,,,,,,,,,,,,,,,,,,,,,,,,,,,,,,,,,,,,,,,,,,,,,,,,,,,,,,,,,,,,,,,,,,,,,,,,,,,,,,,,,,,,,,,,,,,,,,,,,,,,,,,,,,,,,,,,,,,,,,,,,,,,,,,,,,,,
,,,,,,,General Supplies,General,General,,BC-24600,"BC-24600 BigCal 24""/600mm",,,,,Woodpeckers Inc,,,BC-24600,,General Supplies > General > General,"BC-24600 BigCal /600mm, BC-24600",BC-24600 BIGCAL /600MM,"BC-24600 BigCal /600mm, BC-24600","BC-24600 BigCal /600mm, Model BC-24600","BC-24600 BigCal /600mm, BC-24600",,,,,,,,,,,,,,,,,,,,,,,,,BC-24600 BigCal /600mm,,BC-24600 BigCal /600mm,,,,,,,,,,,,,,,,,,,,,,,,,,,,,,,,,,,,,,,,,,,,,,,,,,,,,,,,,,,,,,,,,,,,,,,,,,,,,,,,,,,,,,,,,,,,,,,,,,,,,,,,,,,,,,,,,,,,,,,,,,,,,,,,,,,,,,,,,,,,,,,,,,,,,,,,,,,,,,,,,,,,,,,,,,,,,,,,,,,,,,,,,,,,,,,,,,,,,
,,,,,,,Electrical,Lighting,LED Lamps,,DW08302CG,DW08302CG Dewalt Laser - Green 3 Spot,,,,,Black & Decker/dewlt,DEWALT,DEWALT,DW08302CG,,Electrical > Lighting > LED Lamps,"DEWALT LED Lamp, DW08302CG, Color Green",LED LAMP GREEN,"DEWALT LED Lamp, DW08302CG","DEWALT LED Lamp, Model DW08302CG, Color Green","DEWALT LED Lamp, DW08302CG",,Color: Green,,,,,,,,,,,,,,,,,,,,,,,LED Lamp,,LED Lamp,Color,Green,,,,,,,,,,,,,,,,,,,,,,,,,,,,,,,,,,,,,,,,,,,,,,,,,,,,,,,,,,,,,,,,,,,,,,,,,,,,,,,,,,,,,,,,,,,,,,,,,,,,,,,,,,,,,,,,,,,,,,,,,,,,,,,,,,,,,,,,,,,,,,,,,,,,,,,,39101629,,,,,,,,,,,,,,,,,,,,,,,,,,,,,,,,,,,,,,,,,,,
,,,,,,,General Supplies,General,General,,GCL165-42GL,GCL165--42GL Cross Line Laser,,,,,Robt Bosch Tool Corp,,,GCL165-42GL,,General Supplies > General > General,"GCL165--42GL Cross Line, GCL165-42GL",GCL165--42GL CROSS LINE,"GCL165--42GL Cross Line, GCL165-42GL","GCL165--42GL Cross Line, Model GCL165-42GL","GCL165--42GL Cross Line, GCL165-42GL",,,,,,,,,,,,,,,,,,,,,,,,,GCL165--42GL Cross Line,,GCL165--42GL Cross Line,,,,,,,,,,,,,,,,,,,,,,,,,,,,,,,,,,,,,,,,,,,,,,,,,,,,,,,,,,,,,,,,,,,,,,,,,,,,,,,,,,,,,,,,,,,,,,,,,,,,,,,,,,,,,,,,,,,,,,,,,,,,,,,,,,,,,,,,,,,,,,,,,,,,,,,,,,,,,,,,,,,,,,,,,,,,,,,,,,,,,,,,,,,,,,,,,,,,,
,,,,,,,General Supplies,General,General,,DW08802CG,DW08802CG Dewalt Laser Green - Self-Level Cross Line,,,,,Black & Decker/dewlt,DEWALT,DEWALT,DW08802CG,,General Supplies > General > General,"DEWALT DW08802CG Dewalt Laser, DW08802CG, Color Green",DW08802CG DEWALT LASER GREEN,"DEWALT DW08802CG Dewalt Laser, DW08802CG","DEWALT DW08802CG Dewalt Laser, Model DW08802CG, Color Green","DEWALT DW08802CG Dewalt Laser, DW08802CG",,Color: Green,,,,,,,,,,,,,,,,,,,,,,,DW08802CG Dewalt Laser,,DW08802CG Dewalt Laser,Color,Green,,,,,,,,,,,,,,,,,,,,,,,,,,,,,,,,,,,,,,,,,,,,,,,,,,,,,,,,,,,,,,,,,,,,,,,,,,,,,,,,,,,,,,,,,,,,,,,,,,,,,,,,,,,,,,,,,,,,,,,,,,,,,,,,,,,,,,,,,,,,,,,,,,,,,,,,,,,,,,,,,,,,,,,,,,,,,,,,,,,,,,,,,,,,,,,,,,,
,,,,,,,General Supplies,General,General,,DW088CG,DW088CG Dewalt Laser - Green Cross Line,,,,,Black & Decker/dewlt,DEWALT,DEWALT,DW088CG,,General Supplies > General > General,"DEWALT DW088CG Dewalt Laser, DW088CG, Color Green",DW088CG DEWALT LASER GREEN,"DEWALT DW088CG Dewalt Laser, DW088CG","DEWALT DW088CG Dewalt Laser, Model DW088CG, Color Green","DEWALT DW088CG Dewalt Laser, DW088CG",,Color: Green,,,,,,,,,,,,,,,,,,,,,,,DW088CG Dewalt Laser,,DW088CG Dewalt Laser,Color,Green,,,,,,,,,,,,,,,,,,,,,,,,,,,,,,,,,,,,,,,,,,,,,,,,,,,,,,,,,,,,,,,,,,,,,,,,,,,,,,,,,,,,,,,,,,,,,,,,,,,,,,,,,,,,,,,,,,,,,,,,,,,,,,,,,,,,,,,,,,,,,,,,,,,,,,,,,,,,,,,,,,,,,,,,,,,,,,,,,,,,,,,,,,,,,,,,,,,
,,,,,,,Appliances,Large Appliances,Ranges,,DW089CG,DW089CG Dewalt Laser Level - 3 Line 30ft Range,,,,,Black & Decker/dewlt,DEWALT,DEWALT,DW089CG,,Appliances > Large Appliances > Ranges,"DEWALT Range, DW089CG",RANGE,"DEWALT Range, DW089CG","DEWALT Range, Model DW089CG","DEWALT Range, DW089CG",,,,,,,,,,,,,,,,,,,,,,,,,Range,,Range,,,,,,,,,,,,,,,,,,,,,,,,,,,,,,,,,,,,,,,,,,,,,,,,,,,,,,,,,,,,,,,,,,,,,,,,,,,,,,,,,,,,,,,,,,,,,,,,,,,,,,,,,,,,,,,,,,,,,,,,,,,,,,,,,,,,,,,,,,,,,,,,,,,,,,,,,,52101508,,,,,,,,,,,,,,,,,,,,,,,,,,,,,,,,,,,,,,,,,,,
,,,,,,,Electrical,Lighting,LED Lamps,,DCLE34520GB,DCLE34520GB Dewalt Laser 20V - Cross Line 5 Spot (Bare),,,,,Black & Decker/dewlt,DEWALT,DEWALT,DCLE34520GB,,Electrical > Lighting > LED Lamps,"DEWALT LED Lamp, DCLE34520GB, Voltage 20 V",LED LAMP 20V,"DEWALT LED Lamp, DCLE34520GB","DEWALT LED Lamp, Model DCLE34520GB, Voltage 20 V","DEWALT LED Lamp, DCLE34520GB",,Voltage: 20 V,,,,,,,,,,,,,,,,,,,,,,,LED Lamp,,LED Lamp,Voltage,20,V,,,,,,,,,,,,,,,,,,,,,,,,,,,,,,,,,,,,,,,,,,,,,,,,,,,,,,,,,,,,,,,,,,,,,,,,,,,,,,,,,,,,,,,,,,,,,,,,,,,,,,,,,,,,,,,,,,,,,,,,,,,,,,,,,,,,,,,,,,,,,,,,,,,,,,,39101629,,,,,,,,,,,,,,,,,,,,,,,,,,,,,,,,,,,,,,,,,,,
,,,,,,,General Supplies,General,General,,DCLE34031B,DCLE34031B Dewalt Line Laser - 20V Self-Leveling (Bare),,,,,Black & Decker/dewlt,DEWALT,DEWALT,DCLE34031B,,General Supplies > General > General,"DEWALT DCLE34031B Dewalt Line, DCLE34031B, Voltage 20 V",DCLE34031B DEWALT LINE 20V,"DEWALT DCLE34031B Dewalt Line, DCLE34031B","DEWALT DCLE34031B Dewalt Line, Model DCLE34031B, Voltage 20 V","DEWALT DCLE34031B Dewalt Line, DCLE34031B",,Voltage: 20 V,,,,,,,,,,,,,,,,,,,,,,,DCLE34031B Dewalt Line,,DCLE34031B Dewalt Line,Voltage,20,V,,,,,,,,,,,,,,,,,,,,,,,,,,,,,,,,,,,,,,,,,,,,,,,,,,,,,,,,,,,,,,,,,,,,,,,,,,,,,,,,,,,,,,,,,,,,,,,,,,,,,,,,,,,,,,,,,,,,,,,,,,,,,,,,,,,,,,,,,,,,,,,,,,,,,,,,,,,,,,,,,,,,,,,,,,,,,,,,,,,,,,,,,,,,,,,,,,
,,,,,,,Electrical,Lighting,LED Lamps,,DW0822CG,DW0822CG Dewalt Cross Line - Plumb Spots Laser-Green,,,,,Black & Decker/dewlt,DEWALT,DEWALT,DW0822CG,,Electrical > Lighting > LED Lamps,"DEWALT LED Lamp, DW0822CG, Color Green",LED LAMP GREEN,"DEWALT LED Lamp, DW0822CG","DEWALT LED Lamp, Model DW0822CG, Color Green","DEWALT LED Lamp, DW0822CG",,Color: Green,,,,,,,,,,,,,,,,,,,,,,,LED Lamp,,LED Lamp,Color,Green,,,,,,,,,,,,,,,,,,,,,,,,,,,,,,,,,,,,,,,,,,,,,,,,,,,,,,,,,,,,,,,,,,,,,,,,,,,,,,,,,,,,,,,,,,,,,,,,,,,,,,,,,,,,,,,,,,,,,,,,,,,,,,,,,,,,,,,,,,,,,,,,,,,,,,,,39101629,,,,,,,,,,,,,,,,,,,,,,,,,,,,,,,,,,,,,,,,,,,
,,,,,,,Appliances,Large Appliances,Ranges,,25459,25459 Mason Line Brd Orange - 500',,,,,U S Tape Company,,,25459,,Appliances > Large Appliances > Ranges,"Range, 25459",RANGE,"Range, 25459","Range, Model 25459","Range, 25459",,,,,,,,,,,,,,,,,,,,,,,,,Range,,Range,,,,,,,,,,,,,,,,,,,,,,,,,,,,,,,,,,,,,,,,,,,,,,,,,,,,,,,,,,,,,,,,,,,,,,,,,,,,,,,,,,,,,,,,,,,,,,,,,,,,,,,,,,,,,,,,,,,,,,,,,,,,,,,,,,,,,,,,,,,,,,,,,,,,,,,,,,52101508,,,,,,,,,,,,,,,,,,,,,,,,,,,,,,,,,,,,,,,,,,,
,,,,,,,Appliances,Large Appliances,Ranges,,35459,35459 Mason Line Brd Orange - 500' Replacement,,,,,U S Tape Company,,,35459,,Appliances > Large Appliances > Ranges,"Range, 35459",RANGE,"Range, 35459","Range, Model 35459","Range, 35459",,,,,,,,,,,,,,,,,,,,,,,,,Range,,Range,,,,,,,,,,,,,,,,,,,,,,,,,,,,,,,,,,,,,,,,,,,,,,,,,,,,,,,,,,,,,,,,,,,,,,,,,,,,,,,,,,,,,,,,,,,,,,,,,,,,,,,,,,,,,,,,,,,,,,,,,,,,,,,,,,,,,,,,,,,,,,,,,,,,,,,,,,52101508,,,,,,,,,,,,,,,,,,,,,,,,,,,,,,,,,,,,,,,,,,,
,,,,,,,Appliances,Large Appliances,Ranges,,25759,25759 Mason Line Brd Orange - 1000',,,,,U S Tape Company,,,25759,,Appliances > Large Appliances > Ranges,"Range, 25759",RANGE,"Range, 25759","Range, Model 25759","Range, 25759",,,,,,,,,,,,,,,,,,,,,,,,,Range,,Range,,,,,,,,,,,,,,,,,,,,,,,,,,,,,,,,,,,,,,,,,,,,,,,,,,,,,,,,,,,,,,,,,,,,,,,,,,,,,,,,,,,,,,,,,,,,,,,,,,,,,,,,,,,,,,,,,,,,,,,,,,,,,,,,,,,,,,,,,,,,,,,,,,,,,,,,,,52101508,,,,,,,,,,,,,,,,,,,,,,,,,,,,,,,,,,,,,,,,,,,
,,,,,,,General Supplies,General,General,,35112,35112 Mason Line Twist Yellow - 270',,,,,U S Tape Company,,,35112,,General Supplies > General > General,"Mason Line Twist, 35112, Color Yellow",MASON LINE TWIST YELLOW,"Mason Line Twist, 35112","Mason Line Twist, Model 35112, Color Yellow","Mason Line Twist, 35112",,Color: Yellow,,,,,,,,,,,,,,,,,,,,,,,Mason Line Twist,,Mason Line Twist,Color,Yellow,,,,,,,,,,,,,,,,,,,,,,,,,,,,,,,,,,,,,,,,,,,,,,,,,,,,,,,,,,,,,,,,,,,,,,,,,,,,,,,,,,,,,,,,,,,,,,,,,,,,,,,,,,,,,,,,,,,,,,,,,,,,,,,,,,,,,,,,,,,,,,,,,,,,,,,,,,,,,,,,,,,,,,,,,,,,,,,,,,,,,,,,,,,,,,,,,,,
,,,,,,,General Supplies,General,General,,35115,35115 Mason Line Twist Green - 270',,,,,U S Tape Company,,,35115,,General Supplies > General > General,"Mason Line Twist, 35115, Color Green",MASON LINE TWIST GREEN,"Mason Line Twist, 35115","Mason Line Twist, Model 35115, Color Green","Mason Line Twist, 35115",,Color: Green,,,,,,,,,,,,,,,,,,,,,,,Mason Line Twist,,Mason Line Twist,Color,Green,,,,,,,,,,,,,,,,,,,,,,,,,,,,,,,,,,,,,,,,,,,,,,,,,,,,,,,,,,,,,,,,,,,,,,,,,,,,,,,,,,,,,,,,,,,,,,,,,,,,,,,,,,,,,,,,,,,,,,,,,,,,,,,,,,,,,,,,,,,,,,,,,,,,,,,,,,,,,,,,,,,,,,,,,,,,,,,,,,,,,,,,,,,,,,,,,,,
,,,,,,,General Supplies,General,General,,25168,25168 Mason Line Brd Green - 250',CENTURY COMPONENTS,,,,U S Tape Company,,,25168,,General Supplies > General > General,"Mason Line Brd, 25168, Color Green",MASON LINE BRD GREEN,"Mason Line Brd, 25168","Mason Line Brd, Model 25168, Color Green","Mason Line Brd, 25168",,Color: Green,,,,,,,,,,,,,,,,,,,,,,,Mason Line Brd,,Mason Line Brd,Color,Green,,,,,,,,,,,,,,,,,,,,,,,,,,,,,,,,,,,,,,,,,,,,,,,,,,,,,,,,,,,,,,,,,,,,,,,,,,,,,,,,,,,,,,,,,,,,,,,,,,,,,,,,,,,,,,,,,,,,,,,,,,,,,,,,,,,,,,,,,,,,,,,,,,,,,,,,,,,,,,,,,,,,,,,,,,,,,,,,,,,,,,,,,,,,,,,,,,,
,,,,,,,General Supplies,General,General,,35468,35468 Mason Line Brd Green - 500' Replacement,,,,,U S Tape Company,,,35468,,General Supplies > General > General,"Mason Line Brd, 35468, Color Green",MASON LINE BRD GREEN,"Mason Line Brd, 35468","Mason Line Brd, Model 35468, Color Green","Mason Line Brd, 35468",,Color: Green,,,,,,,,,,,,,,,,,,,,,,,Mason Line Brd,,Mason Line Brd,Color,Green,,,,,,,,,,,,,,,,,,,,,,,,,,,,,,,,,,,,,,,,,,,,,,,,,,,,,,,,,,,,,,,,,,,,,,,,,,,,,,,,,,,,,,,,,,,,,,,,,,,,,,,,,,,,,,,,,,,,,,,,,,,,,,,,,,,,,,,,,,,,,,,,,,,,,,,,,,,,,,,,,,,,,,,,,,,,,,,,,,,,,,,,,,,,,,,,,,,
,,,,,,,General Supplies,General,General,,35494,35494 Mason Line Brd Blk/Yellw - 500' Replacement,,,,,U S Tape Company,,,35494,,General Supplies > General > General,"Mason Line Brd, 35494",MASON LINE BRD,"Mason Line Brd, 35494","Mason Line Brd, Model 35494","Mason Line Brd, 35494",,,,,,,,,,,,,,,,,,,,,,,,,Mason Line Brd,,Mason Line Brd,,,,,,,,,,,,,,,,,,,,,,,,,,,,,,,,,,,,,,,,,,,,,,,,,,,,,,,,,,,,,,,,,,,,,,,,,,,,,,,,,,,,,,,,,,,,,,,,,,,,,,,,,,,,,,,,,,,,,,,,,,,,,,,,,,,,,,,,,,,,,,,,,,,,,,,,,,,,,,,,,,,,,,,,,,,,,,,,,,,,,,,,,,,,,,,,,,,,,
,,,,,,,General Supplies,General,General,,MLSQ0120,"MLSQ0120 Milw 12"" RafterSquare",,,,,Milwaukee Accessory,Milwaukee,Milwaukee,MLSQ0120,,General Supplies > General > General,"Milwaukee MLSQ0120 Milw RafterSquare, MLSQ0120",MLSQ0120 MILW RAFTERSQUARE,"Milwaukee MLSQ0120 Milw RafterSquare, MLSQ0120","Milwaukee MLSQ0120 Milw RafterSquare, Model MLSQ0120","Milwaukee MLSQ0120 Milw RafterSquare, MLSQ0120",,,,,,,,,,,,,,,,,,,,,,,,,MLSQ0120 Milw RafterSquare,,MLSQ0120 Milw RafterSquare,,,,,,,,,,,,,,,,,,,,,,,,,,,,,,,,,,,,,,,,,,,,,,,,,,,,,,,,,,,,,,,,,,,,,,,,,,,,,,,,,,,,,,,,,,,,,,,,,,,,,,,,,,,,,,,,,,,,,,,,,,,,,,,,,,,,,,,,,,,,,,,,,,,,,,,,,,,,,,,,,,,,,,,,,,,,,,,,,,,,,,,,,,,,,,,,,,,,,
,,,,,,,General Supplies,General,General,,MLSQ1120,MLSQ1120 Milw 300mm Rafter - Square (Metric),,,,,Milwaukee Accessory,Milwaukee,Milwaukee,MLSQ1120,,General Supplies > General > General,"Milwaukee MLSQ1120 Milw 300mm, MLSQ1120",MLSQ1120 MILW 300MM,"Milwaukee MLSQ1120 Milw 300mm, MLSQ1120","Milwaukee MLSQ1120 Milw 300mm, Model MLSQ1120","Milwaukee MLSQ1120 Milw 300mm, MLSQ1120",,,,,,,,,,,,,,,,,,,,,,,,,MLSQ1120 Milw 300mm,,MLSQ1120 Milw 300mm,,,,,,,,,,,,,,,,,,,,,,,,,,,,,,,,,,,,,,,,,,,,,,,,,,,,,,,,,,,,,,,,,,,,,,,,,,,,,,,,,,,,,,,,,,,,,,,,,,,,,,,,,,,,,,,,,,,,,,,,,,,,,,,,,,,,,,,,,,,,,,,,,,,,,,,,,,,,,,,,,,,,,,,,,,,,,,,,,,,,,,,,,,,,,,,,,,,,,
,,,,,,,Tools,Cutting Tools,Drill Bits,,55227,"55227 Amana Countersink/Stop 1/8"" Drill TB",,,,,Amana Tool Corp,,,55227,,Tools > Cutting Tools > Drill Bits,"Drill Bit, 55227",DRILL BIT,"Drill Bit, 55227","Drill Bit, Model 55227","Drill Bit, 55227",,,,,,,,,,,,,,,,,,,,,,,,,Drill Bit,,Drill Bit,,,,,,,,,,,,,,,,,,,,,,,,,,,,,,,,,,,,,,,,,,,,,,,,,,,,,,,,,,,,,,,,,,,,,,,,,,,,,,,,,,,,,,,,,,,,,,,,,,,,,,,,,,,,,,,,,,,,,,,,,,,,,,,,,,,,,,,,,,,,,,,,,,,,,,,,,,27112703,,,,,,,,,,,,,,,,,,,,,,,,,,,,,,,,,,,,,,,,,,,
,,,,,,,General Supplies,General,General,,37300952,"095842 Fisch Plug Cutter 3/8""",,,,,-,,,37300952,,General Supplies > General > General,"Fisch Plug Cutter, 37300952",FISCH PLUG CUTTER,"Fisch Plug Cutter, 37300952","Fisch Plug Cutter, Model 37300952","Fisch Plug Cutter, 37300952",,,,,,,,,,,,,,,,,,,,,,,,,Fisch Plug Cutter,,Fisch Plug Cutter,,,,,,,,,,,,,,,,,,,,,,,,,,,,,,,,,,,,,,,,,,,,,,,,,,,,,,,,,,,,,,,,,,,,,,,,,,,,,,,,,,,,,,,,,,,,,,,,,,,,,,,,,,,,,,,,,,,,,,,,,,,,,,,,,,,,,,,,,,,,,,,,,,,,,,,,,,,,,,,,,,,,,,,,,,,,,,,,,,,,,,,,,,,,,,,,,,,,,
,,,,,,,Tools,Power Tools,Routers,,6008,6008 Whiteside Router Bit,,,,,Whiteside Machine & Repair Co,,,6008,,Tools > Power Tools > Routers,"Router, 6008",ROUTER,"Router, 6008","Router, Model 6008","Router, 6008",,,,,,,,,,,,,,,,,,,,,,,,,Router,,Router,,,,,,,,,,,,,,,,,,,,,,,,,,,,,,,,,,,,,,,,,,,,,,,,,,,,,,,,,,,,,,,,,,,,,,,,,,,,,,,,,,,,,,,,,,,,,,,,,,,,,,,,,,,,,,,,,,,,,,,,,,,,,,,,,,,,,,,,,,,,,,,,,,,,,,,,,,27112700,,,,,,,,,,,,,,,,,,,,,,,,,,,,,,,,,,,,,,,,,,,
,,,,,,,Tools,Power Tools,Routers,,6009,6009 Whiteside Router Bit,,,,,Whiteside Machine & Repair Co,,,6009,,Tools > Power Tools > Routers,"Router, 6009",ROUTER,"Router, 6009","Router, Model 6009","Router, 6009",,,,,,,,,,,,,,,,,,,,,,,,,Router,,Router,,,,,,,,,,,,,,,,,,,,,,,,,,,,,,,,,,,,,,,,,,,,,,,,,,,,,,,,,,,,,,,,,,,,,,,,,,,,,,,,,,,,,,,,,,,,,,,,,,,,,,,,,,,,,,,,,,,,,,,,,,,,,,,,,,,,,,,,,,,,,,,,,,,,,,,,,,27112700,,,,,,,,,,,,,,,,,,,,,,,,,,,,,,,,,,,,,,,,,,,
,,,,,,,Tools,Power Tools,Routers,,3000A,3000A Whiteside Router Bit,,,,,Whiteside Machine & Repair Co,,,3000A,,Tools > Power Tools > Routers,"Router, 3000A, Amperage 00 A",ROUTER 00A,"Router, 3000A","Router, Model 3000A, Amperage 00 A","Router, 3000A",,Amperage: 00 A,,,,,,,,,,,,,,,,,,,,,,,Router,,Router,Amperage,00,A,,,,,,,,,,,,,,,,,,,,,,,,,,,,,,,,,,,,,,,,,,,,,,,,,,,,,,,,,,,,,,,,,,,,,,,,,,,,,,,,,,,,,,,,,,,,,,,,,,,,,,,,,,,,,,,,,,,,,,,,,,,,,,,,,,,,,,,,,,,,,,,,,,,,,,,27112700,,,,,,,,,,,,,,,,,,,,,,,,,,,,,,,,,,,,,,,,,,,
,,,,,,,Tools,Power Tools,Sanders,,MID6630201US,MID6630201US Deos663XCV Sander,,,,,Mirka Abrasives Inc,,,MID6630201US,,Tools > Power Tools > Sanders,"Sander, MID6630201US",SANDER,"Sander, MID6630201US","Sander, Model MID6630201US","Sander, MID6630201US",,,,,,,,,,,,,,,,,,,,,,,,,Sander,,Sander,,,,,,,,,,,,,,,,,,,,,,,,,,,,,,,,,,,,,,,,,,,,,,,,,,,,,,,,,,,,,,,,,,,,,,,,,,,,,,,,,,,,,,,,,,,,,,,,,,,,,,,,,,,,,,,,,,,,,,,,,,,,,,,,,,,,,,,,,,,,,,,,,,,,,,,,,,27112700,,,,,,,,,,,,,,,,,,,,,,,,,,,,,,,,,,,,,,,,,,,
,,,,,,,General Supplies,General,General,,DCF6202,DCF6202 Dewalt Collated Attach,,,,,Black & Decker/dewlt,DEWALT,DEWALT,DCF6202,,General Supplies > General > General,"DEWALT DCF6202 Dewalt Collated, DCF6202",DCF6202 DEWALT COLLATED,"DEWALT DCF6202 Dewalt Collated, DCF6202","DEWALT DCF6202 Dewalt Collated, Model DCF6202","DEWALT DCF6202 Dewalt Collated, DCF6202",,,,,,,,,,,,,,,,,,,,,,,,,DCF6202 Dewalt Collated,,DCF6202 Dewalt Collated,,,,,,,,,,,,,,,,,,,,,,,,,,,,,,,,,,,,,,,,,,,,,,,,,,,,,,,,,,,,,,,,,,,,,,,,,,,,,,,,,,,,,,,,,,,,,,,,,,,,,,,,,,,,,,,,,,,,,,,,,,,,,,,,,,,,,,,,,,,,,,,,,,,,,,,,,,,,,,,,,,,,,,,,,,,,,,,,,,,,,,,,,,,,,,,,,,,,,
,,,,,,,General Supplies,General,General,,25468,25468 Mason Line Brd Green - 500',,,,,U S Tape Company,,,25468,,General Supplies > General > General,"Mason Line Brd, 25468, Color Green",MASON LINE BRD GREEN,"Mason Line Brd, 25468","Mason Line Brd, Model 25468, Color Green","Mason Line Brd, 25468",,Color: Green,,,,,,,,,,,,,,,,,,,,,,,Mason Line Brd,,Mason Line Brd,Color,Green,,,,,,,,,,,,,,,,,,,,,,,,,,,,,,,,,,,,,,,,,,,,,,,,,,,,,,,,,,,,,,,,,,,,,,,,,,,,,,,,,,,,,,,,,,,,,,,,,,,,,,,,,,,,,,,,,,,,,,,,,,,,,,,,,,,,,,,,,,,,,,,,,,,,,,,,,,,,,,,,,,,,,,,,,,,,,,,,,,,,,,,,,,,,,,,,,,,
,,,,,,,General Supplies,General,General,,25762,25762 Mason Line Brd Pink - 1000',,,,,U S Tape Company,,,25762,,General Supplies > General > General,"Mason Line Brd, 25762",MASON LINE BRD,"Mason Line Brd, 25762","Mason Line Brd, Model 25762","Mason Line Brd, 25762",,,,,,,,,,,,,,,,,,,,,,,,,Mason Line Brd,,Mason Line Brd,,,,,,,,,,,,,,,,,,,,,,,,,,,,,,,,,,,,,,,,,,,,,,,,,,,,,,,,,,,,,,,,,,,,,,,,,,,,,,,,,,,,,,,,,,,,,,,,,,,,,,,,,,,,,,,,,,,,,,,,,,,,,,,,,,,,,,,,,,,,,,,,,,,,,,,,,,,,,,,,,,,,,,,,,,,,,,,,,,,,,,,,,,,,,,,,,,,,,
,,,,,,,General Supplies,General,General,,21839NN,"21839NN File Bstd Mill 10""",,,,,-,,,21839NN,,General Supplies > General > General,"21839NN File Bstd, 21839NN",21839NN FILE BSTD,"21839NN File Bstd, 21839NN","21839NN File Bstd, Model 21839NN","21839NN File Bstd, 21839NN",,,,,,,,,,,,,,,,,,,,,,,,,21839NN File Bstd,,21839NN File Bstd,,,,,,,,,,,,,,,,,,,,,,,,,,,,,,,,,,,,,,,,,,,,,,,,,,,,,,,,,,,,,,,,,,,,,,,,,,,,,,,,,,,,,,,,,,,,,,,,,,,,,,,,,,,,,,,,,,,,,,,,,,,,,,,,,,,,,,,,,,,,,,,,,,,,,,,,,,,,,,,,,,,,,,,,,,,,,,,,,,,,,,,,,,,,,,,,,,,,,
,,,,,,,Tools,Cutting Tools,Saw Blades,,VN56920,"VN56920 10 1/2"" Saw Blade",,,,,Marshalltown Trowel,,,VN56920,,Tools > Cutting Tools > Saw Blades,"Saw Blade, VN56920",SAW BLADE,"Saw Blade, VN56920","Saw Blade, Model VN56920","Saw Blade, VN56920",,,,,,,,,,,,,,,,,,,,,,,,,Saw Blade,,Saw Blade,,,,,,,,,,,,,,,,,,,,,,,,,,,,,,,,,,,,,,,,,,,,,,,,,,,,,,,,,,,,,,,,,,,,,,,,,,,,,,,,,,,,,,,,,,,,,,,,,,,,,,,,,,,,,,,,,,,,,,,,,,,,,,,,,,,,,,,,,,,,,,,,,,,,,,,,,,27112004,,,,,,,,,,,,,,,,,,,,,,,,,,,,,,,,,,,,,,,,,,,
,,,,,,,General Supplies,General,General,,133164,133164 950/9 Hex Plus Spks - Multicolor,,,,,Wera Tools NA Inc,,,133164,,General Supplies > General > General,"Hex Plus Spks, 133164",HEX PLUS SPKS,"Hex Plus Spks, 133164","Hex Plus Spks, Model 133164","Hex Plus Spks, 133164",,,,,,,,,,,,,,,,,,,,,,,,,Hex Plus Spks,,Hex Plus Spks,,,,,,,,,,,,,,,,,,,,,,,,,,,,,,,,,,,,,,,,,,,,,,,,,,,,,,,,,,,,,,,,,,,,,,,,,,,,,,,,,,,,,,,,,,,,,,,,,,,,,,,,,,,,,,,,,,,,,,,,,,,,,,,,,,,,,,,,,,,,,,,,,,,,,,,,,,,,,,,,,,,,,,,,,,,,,,,,,,,,,,,,,,,,,,,,,,,,,
,,,,,,,General Supplies,General,General,,DWHT10993,DWHT10993 Folding Knife,,,,,Black & Decker/dewlt,DEWALT,DEWALT,DWHT10993,,General Supplies > General > General,"DEWALT DWHT10993 Folding Knife, DWHT10993",DWHT10993 FOLDING KNIFE,"DEWALT DWHT10993 Folding Knife, DWHT10993","DEWALT DWHT10993 Folding Knife, Model DWHT10993","DEWALT DWHT10993 Folding Knife, DWHT10993",,,,,,,,,,,,,,,,,,,,,,,,,DWHT10993 Folding Knife,,DWHT10993 Folding Knife,,,,,,,,,,,,,,,,,,,,,,,,,,,,,,,,,,,,,,,,,,,,,,,,,,,,,,,,,,,,,,,,,,,,,,,,,,,,,,,,,,,,,,,,,,,,,,,,,,,,,,,,,,,,,,,,,,,,,,,,,,,,,,,,,,,,,,,,,,,,,,,,,,,,,,,,,,,,,,,,,,,,,,,,,,,,,,,,,,,,,,,,,,,,,,,,,,,,,
,,,,,,,General Supplies,General,General,,DWHT10994,DWHT10994 Folding Knife,,,,,Black & Decker/dewlt,DEWALT,DEWALT,DWHT10994,,General Supplies > General > General,"DEWALT DWHT10994 Folding Knife, DWHT10994",DWHT10994 FOLDING KNIFE,"DEWALT DWHT10994 Folding Knife, DWHT10994","DEWALT DWHT10994 Folding Knife, Model DWHT10994","DEWALT DWHT10994 Folding Knife, DWHT10994",,,,,,,,,,,,,,,,,,,,,,,,,DWHT10994 Folding Knife,,DWHT10994 Folding Knife,,,,,,,,,,,,,,,,,,,,,,,,,,,,,,,,,,,,,,,,,,,,,,,,,,,,,,,,,,,,,,,,,,,,,,,,,,,,,,,,,,,,,,,,,,,,,,,,,,,,,,,,,,,,,,,,,,,,,,,,,,,,,,,,,,,,,,,,,,,,,,,,,,,,,,,,,,,,,,,,,,,,,,,,,,,,,,,,,,,,,,,,,,,,,,,,,,,,,
,,,,,,,General Supplies,General,General,,QB22RU,QB22RU Vessel Carrying Bit Holder (Red),,,,,Vessel Tools USA Inc,,,QB22RU,,General Supplies > General > General,"QB22RU Vessel Carrying, QB22RU, Color Red",QB22RU VESSEL CARRYING RED,"QB22RU Vessel Carrying, QB22RU","QB22RU Vessel Carrying, Model QB22RU, Color Red","QB22RU Vessel Carrying, QB22RU",,Color: Red,,,,,,,,,,,,,,,,,,,,,,,QB22RU Vessel Carrying,,QB22RU Vessel Carrying,Color,Red,,,,,,,,,,,,,,,,,,,,,,,,,,,,,,,,,,,,,,,,,,,,,,,,,,,,,,,,,,,,,,,,,,,,,,,,,,,,,,,,,,,,,,,,,,,,,,,,,,,,,,,,,,,,,,,,,,,,,,,,,,,,,,,,,,,,,,,,,,,,,,,,,,,,,,,,,,,,,,,,,,,,,,,,,,,,,,,,,,,,,,,,,,,,,,,,,,,
,,,,,,,General Supplies,General,General,,QB22KU,QB22KU Vessel Carrying Bit Holder (Black),,,,,Vessel Tools USA Inc,,,QB22KU,,General Supplies > General > General,"QB22KU Vessel Carrying, QB22KU, Color Black",QB22KU VESSEL CARRYING BLACK,"QB22KU Vessel Carrying, QB22KU","QB22KU Vessel Carrying, Model QB22KU, Color Black","QB22KU Vessel Carrying, QB22KU",,Color: Black,,,,,,,,,,,,,,,,,,,,,,,QB22KU Vessel Carrying,,QB22KU Vessel Carrying,Color,Black,,,,,,,,,,,,,,,,,,,,,,,,,,,,,,,,,,,,,,,,,,,,,,,,,,,,,,,,,,,,,,,,,,,,,,,,,,,,,,,,,,,,,,,,,,,,,,,,,,,,,,,,,,,,,,,,,,,,,,,,,,,,,,,,,,,,,,,,,,,,,,,,,,,,,,,,,,,,,,,,,,,,,,,,,,,,,,,,,,,,,,,,,,,,,,,,,,,
,,,,,,,General Supplies,General,General,,AVM6EV,AVM6 EV Mini Snip Red,,,,,Malco Prod,,,AVM6EV,,General Supplies > General > General,"AVM6 EV Mini, AVM6EV, Color Red",AVM6 EV MINI RED,"AVM6 EV Mini, AVM6EV","AVM6 EV Mini, Model AVM6EV, Color Red","AVM6 EV Mini, AVM6EV",,Color: Red,,,,,,,,,,,,,,,,,,,,,,,AVM6 EV Mini,,AVM6 EV Mini,Color,Red,,,,,,,,,,,,,,,,,,,,,,,,,,,,,,,,,,,,,,,,,,,,,,,,,,,,,,,,,,,,,,,,,,,,,,,,,,,,,,,,,,,,,,,,,,,,,,,,,,,,,,,,,,,,,,,,,,,,,,,,,,,,,,,,,,,,,,,,,,,,,,,,,,,,,,,,,,,,,,,,,,,,,,,,,,,,,,,,,,,,,,,,,,,,,,,,,,,
,,,,,,,General Supplies,General,General,,AVM6EV,AVM7 EV Mini Snip Green,,,,,Malco Prod,,,AVM6EV,,General Supplies > General > General,"AVM7 EV Mini, AVM6EV, Color Green",AVM7 EV MINI GREEN,"AVM7 EV Mini, AVM6EV","AVM7 EV Mini, Model AVM6EV, Color Green","AVM7 EV Mini, AVM6EV",,Color: Green,,,,,,,,,,,,,,,,,,,,,,,AVM7 EV Mini,,AVM7 EV Mini,Color,Green,,,,,,,,,,,,,,,,,,,,,,,,,,,,,,,,,,,,,,,,,,,,,,,,,,,,,,,,,,,,,,,,,,,,,,,,,,,,,,,,,,,,,,,,,,,,,,,,,,,,,,,,,,,,,,,,,,,,,,,,,,,,,,,,,,,,,,,,,,,,,,,,,,,,,,,,,,,,,,,,,,,,,,,,,,,,,,,,,,,,,,,,,,,,,,,,,,,
,,,,,,,Tools,Hand Tools,Sockets,,DSA0250B,"DSA0250B 1/4"" Square x1/4"" Hex - Socket Adapter",,,,,Freud Inc,Diablo,Diablo,DSA0250B,,Tools > Hand Tools > Sockets,"Diablo Socket, DSA0250B",SOCKET,"Diablo Socket, DSA0250B","Diablo Socket, Model DSA0250B","Diablo Socket, DSA0250B",,,,,,,,,,,,,,,,,,,,,,,,,Socket,,Socket,,,,,,,,,,,,,,,,,,,,,,,,,,,,,,,,,,,,,,,,,,,,,,,,,,,,,,,,,,,,,,,,,,,,,,,,,,,,,,,,,,,,,,,,,,,,,,,,,,,,,,,,,,,,,,,,,,,,,,,,,,,,,,,,,,,,,,,,,,,,,,,,,,,,,,,,,,27111515,,,,,,,,,,,,,,,,,,,,,,,,,,,,,,,,,,,,,,,,,,,
,,,,,,,Tools,Hand Tools,Sockets,,DSA0375B,"DSA0375B 3/8"" Square x1/4"" Hex - Socket Adapter",,,,,Freud Inc,Diablo,Diablo,DSA0375B,,Tools > Hand Tools > Sockets,"Diablo Socket, DSA0375B",SOCKET,"Diablo Socket, DSA0375B","Diablo Socket, Model DSA0375B","Diablo Socket, DSA0375B",,,,,,,,,,,,,,,,,,,,,,,,,Socket,,Socket,,,,,,,,,,,,,,,,,,,,,,,,,,,,,,,,,,,,,,,,,,,,,,,,,,,,,,,,,,,,,,,,,,,,,,,,,,,,,,,,,,,,,,,,,,,,,,,,,,,,,,,,,,,,,,,,,,,,,,,,,,,,,,,,,,,,,,,,,,,,,,,,,,,,,,,,,,27111515,,,,,,,,,,,,,,,,,,,,,,,,,,,,,,,,,,,,,,,,,,,
,,,,,,,Tools,Hand Tools,Sockets,,DSA0500B,"DSA0500B 1/2"" Square x1/4"" Hex - Socket Adapter",,,,,Freud Inc,Diablo,Diablo,DSA0500B,,Tools > Hand Tools > Sockets,"Diablo Socket, DSA0500B",SOCKET,"Diablo Socket, DSA0500B","Diablo Socket, Model DSA0500B","Diablo Socket, DSA0500B",,,,,,,,,,,,,,,,,,,,,,,,,Socket,,Socket,,,,,,,,,,,,,,,,,,,,,,,,,,,,,,,,,,,,,,,,,,,,,,,,,,,,,,,,,,,,,,,,,,,,,,,,,,,,,,,,,,,,,,,,,,,,,,,,,,,,,,,,,,,,,,,,,,,,,,,,,,,,,,,,,,,,,,,,,,,,,,,,,,,,,,,,,,27111515,,,,,,,,,,,,,,,,,,,,,,,,,,,,,,,,,,,,,,,,,,,
,,,,,,,General Supplies,General,General,,42-04-9107,"42-04-9107 Milw 3/8"" Drive Universal Joint",,,,,Milwaukee Accessory,Milwaukee,Milwaukee,42-04-9107,,General Supplies > General > General,"Milwaukee Milw Drive Universal, 42-04-9107",MILW DRIVE UNIVERSAL,"Milwaukee Milw Drive Universal, 42-04-9107","Milwaukee Milw Drive Universal, Model 42-04-9107","Milwaukee Milw Drive Universal, 42-04-9107",,,,,,,,,,,,,,,,,,,,,,,,,Milw Drive Universal,,Milw Drive Universal,,,,,,,,,,,,,,,,,,,,,,,,,,,,,,,,,,,,,,,,,,,,,,,,,,,,,,,,,,,,,,,,,,,,,,,,,,,,,,,,,,,,,,,,,,,,,,,,,,,,,,,,,,,,,,,,,,,,,,,,,,,,,,,,,,,,,,,,,,,,,,,,,,,,,,,,,,,,,,,,,,,,,,,,,,,,,,,,,,,,,,,,,,,,,,,,,,,,,
,,,,,,,Tools,Hand Tools,Sockets,,48-22-9491,48-22-9491 Milw 242pc Ratchet & Socket Set 4-Drawer Tool Box,,,,,Milwaukee Accessory,Milwaukee,Milwaukee,48-22-9491,,Tools > Hand Tools > Sockets,"Milwaukee Socket, 48-22-9491, Pack Quantity 242",SOCKET 242,"Milwaukee Socket, 48-22-9491","Milwaukee Socket, Model 48-22-9491, Pack Quantity 242","Milwaukee Socket, 48-22-9491",,Pack Quantity: 242,,,,,,,,,,,,,,,,,,,,,,,Socket,,Socket,Pack Quantity,242,,,,,,,,,,,,,,,,,,,,,,,,,,,,,,,,,,,,,,,,,,,,,,,,,,,,,,,,,,,,,,,,,,,,,,,,,,,,,,,,,,,,,,,,,,,,,,,,,,,,,,,,,,,,,,,,,,,,,,,,,,,,,,,,,,,,,,,,,,,,,,,,,,,,,,,,27111515,,,,,,,,,,,,,,,,,,,,,,,,,,,,,,,,,,,,,,,,,,,
,,,,,,,General Supplies,General,General,,DWMT45422,"DWMT45422 Dewalt 1/4"" Drive - 50pc Mechanics Set",,,,,Black & Decker/dewlt,DEWALT,DEWALT,DWMT45422,,General Supplies > General > General,"DEWALT DWMT45422 Dewalt Drive, DWMT45422, Pack Quantity 50",DWMT45422 DEWALT DRIVE 50,"DEWALT DWMT45422 Dewalt Drive, DWMT45422","DEWALT DWMT45422 Dewalt Drive, Model DWMT45422, Pack Quantity 50","DEWALT DWMT45422 Dewalt Drive, DWMT45422",,Pack Quantity: 50,,,,,,,,,,,,,,,,,,,,,,,DWMT45422 Dewalt Drive,,DWMT45422 Dewalt Drive,Pack Quantity,50,,,,,,,,,,,,,,,,,,,,,,,,,,,,,,,,,,,,,,,,,,,,,,,,,,,,,,,,,,,,,,,,,,,,,,,,,,,,,,,,,,,,,,,,,,,,,,,,,,,,,,,,,,,,,,,,,,,,,,,,,,,,,,,,,,,,,,,,,,,,,,,,,,,,,,,,,,,,,,,,,,,,,,,,,,,,,,,,,,,,,,,,,,,,,,,,,,,
,,,,,,,General Supplies,General,General,,DWMT45424,"DWMT45424 Dewalt 3/8"" Drive - 84pc Mechanics Set",,,,,Black & Decker/dewlt,DEWALT,DEWALT,DWMT45424,,General Supplies > General > General,"DEWALT DWMT45424 Dewalt Drive, DWMT45424, Pack Quantity 84",DWMT45424 DEWALT DRIVE 84,"DEWALT DWMT45424 Dewalt Drive, DWMT45424","DEWALT DWMT45424 Dewalt Drive, Model DWMT45424, Pack Quantity 84","DEWALT DWMT45424 Dewalt Drive, DWMT45424",,Pack Quantity: 84,,,,,,,,,,,,,,,,,,,,,,,DWMT45424 Dewalt Drive,,DWMT45424 Dewalt Drive,Pack Quantity,84,,,,,,,,,,,,,,,,,,,,,,,,,,,,,,,,,,,,,,,,,,,,,,,,,,,,,,,,,,,,,,,,,,,,,,,,,,,,,,,,,,,,,,,,,,,,,,,,,,,,,,,,,,,,,,,,,,,,,,,,,,,,,,,,,,,,,,,,,,,,,,,,,,,,,,,,,,,,,,,,,,,,,,,,,,,,,,,,,,,,,,,,,,,,,,,,,,,
,,,,,,,Tools,Hand Tools,Wrenches,,48-22-9483,48-22-9483 Milw Packout 15pc - Metric Wrench Set,,,,,Milwaukee Accessory,Milwaukee,Milwaukee,48-22-9483,,Tools > Hand Tools > Wrenches,"Milwaukee Wrench, 48-22-9483, Pack Quantity 15",WRENCH 15,"Milwaukee Wrench, 48-22-9483","Milwaukee Wrench, Model 48-22-9483, Pack Quantity 15","Milwaukee Wrench, 48-22-9483",,Pack Quantity: 15,,,,,,,,,,,,,,,,,,,,,,,Wrench,,Wrench,Pack Quantity,15,,,,,,,,,,,,,,,,,,,,,,,,,,,,,,,,,,,,,,,,,,,,,,,,,,,,,,,,,,,,,,,,,,,,,,,,,,,,,,,,,,,,,,,,,,,,,,,,,,,,,,,,,,,,,,,,,,,,,,,,,,,,,,,,,,,,,,,,,,,,,,,,,,,,,,,,27111513,,,,,,,,,,,,,,,,,,,,,,,,,,,,,,,,,,,,,,,,,,,
,,,,,,,Tools,Hand Tools,Wrenches,,48-22-9484,48-22-9484 Milw Packout 15pc - SAE Wrench Set,,,,,Milwaukee Accessory,Milwaukee,Milwaukee,48-22-9484,,Tools > Hand Tools > Wrenches,"Milwaukee Wrench, 48-22-9484, Pack Quantity 15",WRENCH 15,"Milwaukee Wrench, 48-22-9484","Milwaukee Wrench, Model 48-22-9484, Pack Quantity 15","Milwaukee Wrench, 48-22-9484",,Pack Quantity: 15,,,,,,,,,,,,,,,,,,,,,,,Wrench,,Wrench,Pack Quantity,15,,,,,,,,,,,,,,,,,,,,,,,,,,,,,,,,,,,,,,,,,,,,,,,,,,,,,,,,,,,,,,,,,,,,,,,,,,,,,,,,,,,,,,,,,,,,,,,,,,,,,,,,,,,,,,,,,,,,,,,,,,,,,,,,,,,,,,,,,,,,,,,,,,,,,,,,27111513,,,,,,,,,,,,,,,,,,,,,,,,,,,,,,,,,,,,,,,,,,,
,,,,,,,Tools,Hand Tools,Wrenches,,48-22-9485,48-22-9485 Milw Packout 30pc - Metric & SAE Wrench Set,,,,,Milwaukee Accessory,Milwaukee,Milwaukee,48-22-9485,,Tools > Hand Tools > Wrenches,"Milwaukee Wrench, 48-22-9485, Pack Quantity 30",WRENCH 30,"Milwaukee Wrench, 48-22-9485","Milwaukee Wrench, Model 48-22-9485, Pack Quantity 30","Milwaukee Wrench, 48-22-9485",,Pack Quantity: 30,,,,,,,,,,,,,,,,,,,,,,,Wrench,,Wrench,Pack Quantity,30,,,,,,,,,,,,,,,,,,,,,,,,,,,,,,,,,,,,,,,,,,,,,,,,,,,,,,,,,,,,,,,,,,,,,,,,,,,,,,,,,,,,,,,,,,,,,,,,,,,,,,,,,,,,,,,,,,,,,,,,,,,,,,,,,,,,,,,,,,,,,,,,,,,,,,,,27111513,,,,,,,,,,,,,,,,,,,,,,,,,,,,,,,,,,,,,,,,,,,
,,,,,,,Tools,Cutting Tools,Saw Blades,,48-44-2770,48-44-2770 Milw Pole Pruning - Shears Replacement Blade,,,,,Milwaukee Accessory,Milwaukee,Milwaukee,48-44-2770,,Tools > Cutting Tools > Saw Blades,"Milwaukee Saw Blade, 48-44-2770",SAW BLADE,"Milwaukee Saw Blade, 48-44-2770","Milwaukee Saw Blade, Model 48-44-2770","Milwaukee Saw Blade, 48-44-2770",,,,,,,,,,,,,,,,,,,,,,,,,Saw Blade,,Saw Blade,,,,,,,,,,,,,,,,,,,,,,,,,,,,,,,,,,,,,,,,,,,,,,,,,,,,,,,,,,,,,,,,,,,,,,,,,,,,,,,,,,,,,,,,,,,,,,,,,,,,,,,,,,,,,,,,,,,,,,,,,,,,,,,,,,,,,,,,,,,,,,,,,,,,,,,,,,27112004,,,,,,,,,,,,,,,,,,,,,,,,,,,,,,,,,,,,,,,,,,,
,,,,,,,General Supplies,General,General,,IWHT48441RC,IWHT48441RC Irwin 100ft - Red Chalk & Reel Set,,,,,Irwin Industrial Tools,,,IWHT48441RC,,General Supplies > General > General,"IWHT48441RC Irwin 100ft, IWHT48441RC, Color Red",IWHT48441RC IRWIN 100FT RED,"IWHT48441RC Irwin 100ft, IWHT48441RC","IWHT48441RC Irwin 100ft, Model IWHT48441RC, Color Red","IWHT48441RC Irwin 100ft, IWHT48441RC",,Color: Red,,,,,,,,,,,,,,,,,,,,,,,IWHT48441RC Irwin 100ft,,IWHT48441RC Irwin 100ft,Color,Red,,,,,,,,,,,,,,,,,,,,,,,,,,,,,,,,,,,,,,,,,,,,,,,,,,,,,,,,,,,,,,,,,,,,,,,,,,,,,,,,,,,,,,,,,,,,,,,,,,,,,,,,,,,,,,,,,,,,,,,,,,,,,,,,,,,,,,,,,,,,,,,,,,,,,,,,,,,,,,,,,,,,,,,,,,,,,,,,,,,,,,,,,,,,,,,,,,,
,,,,,,,Building Materials,Lumber,Dimensional Lumber,,XRU23SM1,"XRU23SM1 Makita 18V 13"" - String Trimmer Kit",,,,,Makita Usa Inc,Makita,Makita,XRU23SM1,,Building Materials > Lumber > Dimensional Lumber,"Makita Lumber, XRU23SM1, Voltage 18 V",LUMBER 18V,"Makita Lumber, XRU23SM1","Makita Lumber, Model XRU23SM1, Voltage 18 V","Makita Lumber, XRU23SM1",,Voltage: 18 V,,,,,,,,,,,,,,,,,,,,,,,Lumber,,Lumber,Voltage,18,V,,,,,,,,,,,,,,,,,,,,,,,,,,,,,,,,,,,,,,,,,,,,,,,,,,,,,,,,,,,,,,,,,,,,,,,,,,,,,,,,,,,,,,,,,,,,,,,,,,,,,,,,,,,,,,,,,,,,,,,,,,,,,,,,,,,,,,,,,,,,,,,,,,,,,,,30111501,,,,,,,,,,,,,,,,,,,,,,,,,,,,,,,,,,,,,,,,,,,
,,,,,,,Building Materials,Lumber,Dimensional Lumber,,XRU15PT1,XRU15PT1 Makita String Trimmer,,,,,Makita Usa Inc,Makita,Makita,XRU15PT1,,Building Materials > Lumber > Dimensional Lumber,"Makita Lumber, XRU15PT1",LUMBER,"Makita Lumber, XRU15PT1","Makita Lumber, Model XRU15PT1","Makita Lumber, XRU15PT1",,,,,,,,,,,,,,,,,,,,,,,,,Lumber,,Lumber,,,,,,,,,,,,,,,,,,,,,,,,,,,,,,,,,,,,,,,,,,,,,,,,,,,,,,,,,,,,,,,,,,,,,,,,,,,,,,,,,,,,,,,,,,,,,,,,,,,,,,,,,,,,,,,,,,,,,,,,,,,,,,,,,,,,,,,,,,,,,,,,,,,,,,,,,,30111501,,,,,,,,,,,,,,,,,,,,,,,,,,,,,,,,,,,,,,,,,,,
,,,,,,,Building Materials,Lumber,Dimensional Lumber,,XRU23Z,XRU23Z Makita 18V Trimmer Tool - Only,,,,,Makita Usa Inc,Makita,Makita,XRU23Z,,Building Materials > Lumber > Dimensional Lumber,"Makita Lumber, XRU23Z, Voltage 18 V",LUMBER 18V,"Makita Lumber, XRU23Z","Makita Lumber, Model XRU23Z, Voltage 18 V","Makita Lumber, XRU23Z",,Voltage: 18 V,,,,,,,,,,,,,,,,,,,,,,,Lumber,,Lumber,Voltage,18,V,,,,,,,,,,,,,,,,,,,,,,,,,,,,,,,,,,,,,,,,,,,,,,,,,,,,,,,,,,,,,,,,,,,,,,,,,,,,,,,,,,,,,,,,,,,,,,,,,,,,,,,,,,,,,,,,,,,,,,,,,,,,,,,,,,,,,,,,,,,,,,,,,,,,,,,30111501,,,,,,,,,,,,,,,,,,,,,,,,,,,,,,,,,,,,,,,,,,,
,,,,,,,General Supplies,General,General,,0887-20,0887-20 Milw M18 Brushless Precision Blower,,,,,Milwaukee Accessory,Milwaukee,Milwaukee,0887-20,,General Supplies > General > General,"Milwaukee Milw M18 Brushless, M18, 0887-20",MILW M18 BRUSHLESS,"Milwaukee Milw M18 Brushless, M18, 0887-20","Milwaukee Milw M18 Brushless, M18, Model 0887-20","Milwaukee Milw M18 Brushless, M18, 0887-20",,,,,,,,,,,,,,,,,,,,,,,,,Milw M18 Brushless,,Milw M18 Brushless,,,,,,,,,,,,,,,,,,,,,,,,,,,,,,,,,,,,,,,,,,,,,,,,,,,,,,,,,,,,,,,,,,,,,,,,,,,,,,,,,,,,,,,,,,,,,,,,,,,,,,,,,,,,,,,,,,,,,,,,,,,,,,,,,,,,,,,,,,,,,,,,,,,,,,,,,,,,,,,,,,,,,,,,,,,,,,,,,,,,,,,,,,,,,,,,,,,,,
,,,,,,,General Supplies,General,General,,DCBL724B,DCBL724B Dewalt 20V Max XR Blower (Bare),,,,,Black & Decker/dewlt,DEWALT,DEWALT,DCBL724B,,General Supplies > General > General,"DEWALT DCBL724B Dewalt 20V, 20V Max, DCBL724B, Voltage 20 V",DCBL724B DEWALT 20V 20V,"DEWALT DCBL724B Dewalt 20V, 20V Max, DCBL724B","DEWALT DCBL724B Dewalt 20V, 20V Max, Model DCBL724B, Voltage 20 V","DEWALT DCBL724B Dewalt 20V, 20V Max, DCBL724B",,Voltage: 20 V,,,,,,,,,,,,,,,,,,,,,,,DCBL724B Dewalt 20V,,DCBL724B Dewalt 20V,Voltage,20,V,,,,,,,,,,,,,,,,,,,,,,,,,,,,,,,,,,,,,,,,,,,,,,,,,,,,,,,,,,,,,,,,,,,,,,,,,,,,,,,,,,,,,,,,,,,,,,,,,,,,,,,,,,,,,,,,,,,,,,,,,,,,,,,,,,,,,,,,,,,,,,,,,,,,,,,,,,,,,,,,,,,,,,,,,,,,,,,,,,,,,,,,,,,,,,,,,,
,,,,,,,General Supplies,General,General,,2954-20,2954-20 Milw M18 Bluetooth Jobsite Speaker,,,,,Milwaukee Accessory,Milwaukee,Milwaukee,2954-20,,General Supplies > General > General,"Milwaukee Milw M18 Bluetooth, M18, 2954-20",MILW M18 BLUETOOTH,"Milwaukee Milw M18 Bluetooth, M18, 2954-20","Milwaukee Milw M18 Bluetooth, M18, Model 2954-20","Milwaukee Milw M18 Bluetooth, M18, 2954-20",,,,,,,,,,,,,,,,,,,,,,,,,Milw M18 Bluetooth,,Milw M18 Bluetooth,,,,,,,,,,,,,,,,,,,,,,,,,,,,,,,,,,,,,,,,,,,,,,,,,,,,,,,,,,,,,,,,,,,,,,,,,,,,,,,,,,,,,,,,,,,,,,,,,,,,,,,,,,,,,,,,,,,,,,,,,,,,,,,,,,,,,,,,,,,,,,,,,,,,,,,,,,,,,,,,,,,,,,,,,,,,,,,,,,,,,,,,,,,,,,,,,,,,,
,,,,,,,General Supplies,General,General,,2955-20,2955-20 Milw M12 Bluetooth - Jobsite Speaker w/Packout,,,,,Milwaukee Accessory,Milwaukee,Milwaukee,2955-20,,General Supplies > General > General,"Milwaukee Milw M12 Bluetooth, M12, 2955-20",MILW M12 BLUETOOTH,"Milwaukee Milw M12 Bluetooth, M12, 2955-20","Milwaukee Milw M12 Bluetooth, M12, Model 2955-20","Milwaukee Milw M12 Bluetooth, M12, 2955-20",,,,,,,,,,,,,,,,,,,,,,,,,Milw M12 Bluetooth,,Milw M12 Bluetooth,,,,,,,,,,,,,,,,,,,,,,,,,,,,,,,,,,,,,,,,,,,,,,,,,,,,,,,,,,,,,,,,,,,,,,,,,,,,,,,,,,,,,,,,,,,,,,,,,,,,,,,,,,,,,,,,,,,,,,,,,,,,,,,,,,,,,,,,,,,,,,,,,,,,,,,,,,,,,,,,,,,,,,,,,,,,,,,,,,,,,,,,,,,,,,,,,,,,,
,,,,,,,Abrasives,Coated Abrasives,Sanding Sheets,,9A-219-180,9A-219-180 Abranet 4x6x6,,,,,Mirka Abrasives Inc,,,9A-219-180,,Abrasives > Coated Abrasives > Sanding Sheets,"Sanding Sheet, Abranet, 9A-219-180, Amperage 9 A",SANDING SHEET 9A,"Sanding Sheet, Abranet, 9A-219-180","Sanding Sheet, Abranet, Model 9A-219-180, Amperage 9 A","Sanding Sheet, Abranet, 9A-219-180",,Amperage: 9 A,,,,,,,,,,,,,,,,,,,,,,,Sanding Sheet,,Sanding Sheet,Amperage,9,A,,,,,,,,,,,,,,,,,,,,,,,,,,,,,,,,,,,,,,,,,,,,,,,,,,,,,,,,,,,,,,,,,,,,,,,,,,,,,,,,,,,,,,,,,,,,,,,,,,,,,,,,,,,,,,,,,,,,,,,,,,,,,,,,,,,,,,,,,,,,,,,,,,,,,,,23241406,,,,,,,,,,,,,,,,,,,,,,,,,,,,,,,,,,,,,,,,,,,
,,,,,,,Abrasives,Coated Abrasives,Sanding Sheets,,9A-219-120RP,9A-219-120RP Abranet 4x6x6,,,,,Mirka Abrasives Inc,,,9A-219-120RP,,Abrasives > Coated Abrasives > Sanding Sheets,"Sanding Sheet, Abranet, 9A-219-120RP, Amperage 9 A",SANDING SHEET 9A,"Sanding Sheet, Abranet, 9A-219-120RP","Sanding Sheet, Abranet, Model 9A-219-120RP, Amperage 9 A","Sanding Sheet, Abranet, 9A-219-120RP",,Amperage: 9 A,,,,,,,,,,,,,,,,,,,,,,,Sanding Sheet,,Sanding Sheet,Amperage,9,A,,,,,,,,,,,,,,,,,,,,,,,,,,,,,,,,,,,,,,,,,,,,,,,,,,,,,,,,,,,,,,,,,,,,,,,,,,,,,,,,,,,,,,,,,,,,,,,,,,,,,,,,,,,,,,,,,,,,,,,,,,,,,,,,,,,,,,,,,,,,,,,,,,,,,,,23241406,,,,,,,,,,,,,,,,,,,,,,,,,,,,,,,,,,,,,,,,,,,
,,,,,,,Building Materials,Lumber,Dimensional Lumber,,3033-20,"3033-20 Milw M18 24"" - Hedge Trimmer",,,,,Milwaukee Accessory,Milwaukee,Milwaukee,3033-20,,Building Materials > Lumber > Dimensional Lumber,"Milwaukee Lumber, M18, 3033-20",LUMBER,"Milwaukee Lumber, M18, 3033-20","Milwaukee Lumber, M18, Model 3033-20","Milwaukee Lumber, M18, 3033-20",,,,,,,,,,,,,,,,,,,,,,,,,Lumber,,Lumber,,,,,,,,,,,,,,,,,,,,,,,,,,,,,,,,,,,,,,,,,,,,,,,,,,,,,,,,,,,,,,,,,,,,,,,,,,,,,,,,,,,,,,,,,,,,,,,,,,,,,,,,,,,,,,,,,,,,,,,,,,,,,,,,,,,,,,,,,,,,,,,,,,,,,,,,,,30111501,,,,,,,,,,,,,,,,,,,,,,,,,,,,,,,,,,,,,,,,,,,
,,,,,,,Building Materials,Lumber,Dimensional Lumber,,3033-21,"3033-21 Milw M18 24"" - Hedge Trimmer Kit",,,,,Milwaukee Accessory,Milwaukee,Milwaukee,3033-21,,Building Materials > Lumber > Dimensional Lumber,"Milwaukee Lumber, M18, 3033-21",LUMBER,"Milwaukee Lumber, M18, 3033-21","Milwaukee Lumber, M18, Model 3033-21","Milwaukee Lumber, M18, 3033-21",,,,,,,,,,,,,,,,,,,,,,,,,Lumber,,Lumber,,,,,,,,,,,,,,,,,,,,,,,,,,,,,,,,,,,,,,,,,,,,,,,,,,,,,,,,,,,,,,,,,,,,,,,,,,,,,,,,,,,,,,,,,,,,,,,,,,,,,,,,,,,,,,,,,,,,,,,,,,,,,,,,,,,,,,,,,,,,,,,,,,,,,,,,,,30111501,,,,,,,,,,,,,,,,,,,,,,,,,,,,,,,,,,,,,,,,,,,
,,,,,,,Building Materials,Lumber,Dimensional Lumber,,3034-20,"3034-20 Milw M18 30"" - Hedge Trimmer",,,,,Milwaukee Accessory,Milwaukee,Milwaukee,3034-20,,Building Materials > Lumber > Dimensional Lumber,"Milwaukee Lumber, M18, 3034-20",LUMBER,"Milwaukee Lumber, M18, 3034-20","Milwaukee Lumber, M18, Model 3034-20","Milwaukee Lumber, M18, 3034-20",,,,,,,,,,,,,,,,,,,,,,,,,Lumber,,Lumber,,,,,,,,,,,,,,,,,,,,,,,,,,,,,,,,,,,,,,,,,,,,,,,,,,,,,,,,,,,,,,,,,,,,,,,,,,,,,,,,,,,,,,,,,,,,,,,,,,,,,,,,,,,,,,,,,,,,,,,,,,,,,,,,,,,,,,,,,,,,,,,,,,,,,,,,,,30111501,,,,,,,,,,,,,,,,,,,,,,,,,,,,,,,,,,,,,,,,,,,
,,,,,,,Tools,Hand Tools,Hammers,,D25333K,D25333K Dewalt Hammer Drill,,,,,Black & Decker/dewlt,DEWALT,DEWALT,D25333K,,Tools > Hand Tools > Hammers,"DEWALT Hammer, D25333K, Color Temperature 5333 K",HAMMER 5333K,"DEWALT Hammer, D25333K","DEWALT Hammer, Model D25333K, Color Temperature 5333 K","DEWALT Hammer, D25333K",,Color Temperature: 5333 K,,,,,,,,,,,,,,,,,,,,,,,Hammer,,Hammer,Color Temperature,5333,K,,,,,,,,,,,,,,,,,,,,,,,,,,,,,,,,,,,,,,,,,,,,,,,,,,,,,,,,,,,,,,,,,,,,,,,,,,,,,,,,,,,,,,,,,,,,,,,,,,,,,,,,,,,,,,,,,,,,,,,,,,,,,,,,,,,,,,,,,,,,,,,,,,,,,,,27111506,,,,,,,,,,,,,,,,,,,,,,,,,,,,,,,,,,,,,,,,,,,
,,,,,,,Tools,Cutting Tools,Drill Bits,,DCD803B,DCD803B Dewalt Multi-Head Drill Driver,,,,,Black & Decker/dewlt,DEWALT,DEWALT,DCD803B,,Tools > Cutting Tools > Drill Bits,"DEWALT Drill Bit, DCD803B",DRILL BIT,"DEWALT Drill Bit, DCD803B","DEWALT Drill Bit, Model DCD803B","DEWALT Drill Bit, DCD803B",,,,,,,,,,,,,,,,,,,,,,,,,Drill Bit,,Drill Bit,,,,,,,,,,,,,,,,,,,,,,,,,,,,,,,,,,,,,,,,,,,,,,,,,,,,,,,,,,,,,,,,,,,,,,,,,,,,,,,,,,,,,,,,,,,,,,,,,,,,,,,,,,,,,,,,,,,,,,,,,,,,,,,,,,,,,,,,,,,,,,,,,,,,,,,,,,27112703,,,,,,,,,,,,,,,,,,,,,,,,,,,,,,,,,,,,,,,,,,,
,,,,,,,Tools,Power Tools,Drills,,DCF860B,DCF860B Dewalt 20V Impact - Driver Drill,,,,,Black & Decker/dewlt,DEWALT,DEWALT,DCF860B,,Tools > Power Tools > Drills,"DEWALT Power Drill, DCF860B, Voltage 20 V",POWER DRILL 20V,"DEWALT Power Drill, DCF860B","DEWALT Power Drill, Model DCF860B, Voltage 20 V","DEWALT Power Drill, DCF860B",,Voltage: 20 V,,,,,,,,,,,,,,,,,,,,,,,Power Drill,,Power Drill,Voltage,20,V,,,,,,,,,,,,,,,,,,,,,,,,,,,,,,,,,,,,,,,,,,,,,,,,,,,,,,,,,,,,,,,,,,,,,,,,,,,,,,,,,,,,,,,,,,,,,,,,,,,,,,,,,,,,,,,,,,,,,,,,,,,,,,,,,,,,,,,,,,,,,,,,,,,,,,,27112701,,,,,,,,,,,,,,,,,,,,,,,,,,,,,,,,,,,,,,,,,,,
,,,,,,,Tools,Cutting Tools,Drill Bits,,3401-20,3401-20 Milw M12 Drill Driver - Brushless Compact (Bare),,,,,Milwaukee Accessory,Milwaukee,Milwaukee,3401-20,,Tools > Cutting Tools > Drill Bits,"Milwaukee Drill Bit, M12, 3401-20",DRILL BIT,"Milwaukee Drill Bit, M12, 3401-20","Milwaukee Drill Bit, M12, Model 3401-20","Milwaukee Drill Bit, M12, 3401-20",,,,,,,,,,,,,,,,,,,,,,,,,Drill Bit,,Drill Bit,,,,,,,,,,,,,,,,,,,,,,,,,,,,,,,,,,,,,,,,,,,,,,,,,,,,,,,,,,,,,,,,,,,,,,,,,,,,,,,,,,,,,,,,,,,,,,,,,,,,,,,,,,,,,,,,,,,,,,,,,,,,,,,,,,,,,,,,,,,,,,,,,,,,,,,,,,27112703,,,,,,,,,,,,,,,,,,,,,,,,,,,,,,,,,,,,,,,,,,,
,,,,,,,General Supplies,General,General,,KPTDR050A,KPTDR050A Kreg 20V Ionic Compact Drill,,,,,Kreg Tool Company,,,KPTDR050A,,General Supplies > General > General,"KPTDR050A Kreg 20V, Compact, KPTDR050A, Voltage 20 V, Amperage 50 A",KPTDR050A KREG 20V 20V 50A,"KPTDR050A Kreg 20V, Compact, KPTDR050A","KPTDR050A Kreg 20V, Compact, Model KPTDR050A, Voltage 20 V, Amperage 50 A","KPTDR050A Kreg 20V, Compact, KPTDR050A",,Voltage: 20 V,Amperage: 50 A,,,,,,,,,,,,,,,,,,,,,,KPTDR050A Kreg 20V,,KPTDR050A Kreg 20V,Voltage,20,V,Amperage,50,A,,,,,,,,,,,,,,,,,,,,,,,,,,,,,,,,,,,,,,,,,,,,,,,,,,,,,,,,,,,,,,,,,,,,,,,,,,,,,,,,,,,,,,,,,,,,,,,,,,,,,,,,,,,,,,,,,,,,,,,,,,,,,,,,,,,,,,,,,,,,,,,,,,,,,,,,,,,,,,,,,,,,,,,,,,,,,,,,,,,,,,,,,,,,,,,
,,,,,,,Tools,Cutting Tools,Drill Bits,,DCD1007B,"DCD1007B Dewalt 20V Cordless - 1/2"" Hammer Drill (Bare)",,,,,Black & Decker/dewlt,DEWALT,DEWALT,DCD1007B,,Tools > Cutting Tools > Drill Bits,"DEWALT Drill Bit, DCD1007B, Voltage 20 V",DRILL BIT 20V,"DEWALT Drill Bit, DCD1007B","DEWALT Drill Bit, Model DCD1007B, Voltage 20 V","DEWALT Drill Bit, DCD1007B",,Voltage: 20 V,,,,,,,,,,,,,,,,,,,,,,,Drill Bit,,Drill Bit,Voltage,20,V,,,,,,,,,,,,,,,,,,,,,,,,,,,,,,,,,,,,,,,,,,,,,,,,,,,,,,,,,,,,,,,,,,,,,,,,,,,,,,,,,,,,,,,,,,,,,,,,,,,,,,,,,,,,,,,,,,,,,,,,,,,,,,,,,,,,,,,,,,,,,,,,,,,,,,,27112703,,,,,,,,,,,,,,,,,,,,,,,,,,,,,,,,,,,,,,,,,,,
,,,,,,,General Supplies,General,General,,DCD799B,DCD799B Dewalt Drill,,,,,Black & Decker/dewlt,DEWALT,DEWALT,DCD799B,,General Supplies > General > General,"DEWALT DCD799B Dewalt Drill, DCD799B",DCD799B DEWALT DRILL,"DEWALT DCD799B Dewalt Drill, DCD799B","DEWALT DCD799B Dewalt Drill, Model DCD799B","DEWALT DCD799B Dewalt Drill, DCD799B",,,,,,,,,,,,,,,,,,,,,,,,,DCD799B Dewalt Drill,,DCD799B Dewalt Drill,,,,,,,,,,,,,,,,,,,,,,,,,,,,,,,,,,,,,,,,,,,,,,,,,,,,,,,,,,,,,,,,,,,,,,,,,,,,,,,,,,,,,,,,,,,,,,,,,,,,,,,,,,,,,,,,,,,,,,,,,,,,,,,,,,,,,,,,,,,,,,,,,,,,,,,,,,,,,,,,,,,,,,,,,,,,,,,,,,,,,,,,,,,,,,,,,,,,,
,,,,,,,Tools,Cutting Tools,Drill Bits,,58006,58006 Voyager Drill Press,,,,,King Canada Inc,,,58006,,Tools > Cutting Tools > Drill Bits,"Drill Bit, 58006",DRILL BIT,"Drill Bit, 58006","Drill Bit, Model 58006","Drill Bit, 58006",,,,,,,,,,,,,,,,,,,,,,,,,Drill Bit,,Drill Bit,,,,,,,,,,,,,,,,,,,,,,,,,,,,,,,,,,,,,,,,,,,,,,,,,,,,,,,,,,,,,,,,,,,,,,,,,,,,,,,,,,,,,,,,,,,,,,,,,,,,,,,,,,,,,,,,,,,,,,,,,,,,,,,,,,,,,,,,,,,,,,,,,,,,,,,,,,27112703,,,,,,,,,,,,,,,,,,,,,,,,,,,,,,,,,,,,,,,,,,,
,,,,,,,General Supplies,General,General,,2909-20,2909-20 Milw Roofing Nailer - M18,,,,,Milwaukee Accessory,Milwaukee,Milwaukee,2909-20,,General Supplies > General > General,"Milwaukee Milw Roofing Nailer, M18, 2909-20",MILW ROOFING NAILER,"Milwaukee Milw Roofing Nailer, M18, 2909-20","Milwaukee Milw Roofing Nailer, M18, Model 2909-20","Milwaukee Milw Roofing Nailer, M18, 2909-20",,,,,,,,,,,,,,,,,,,,,,,,,Milw Roofing Nailer,,Milw Roofing Nailer,,,,,,,,,,,,,,,,,,,,,,,,,,,,,,,,,,,,,,,,,,,,,,,,,,,,,,,,,,,,,,,,,,,,,,,,,,,,,,,,,,,,,,,,,,,,,,,,,,,,,,,,,,,,,,,,,,,,,,,,,,,,,,,,,,,,,,,,,,,,,,,,,,,,,,,,,,,,,,,,,,,,,,,,,,,,,,,,,,,,,,,,,,,,,,,,,,,,,
,,,,,,,General Supplies,General,General,,2909-21,2909-21 Milw M18 Coil Roofing - Nailer Kit,,,,,Milwaukee Accessory,Milwaukee,Milwaukee,2909-21,,General Supplies > General > General,"Milwaukee Milw M18 Coil, M18, 2909-21",MILW M18 COIL,"Milwaukee Milw M18 Coil, M18, 2909-21","Milwaukee Milw M18 Coil, M18, Model 2909-21","Milwaukee Milw M18 Coil, M18, 2909-21",,,,,,,,,,,,,,,,,,,,,,,,,Milw M18 Coil,,Milw M18 Coil,,,,,,,,,,,,,,,,,,,,,,,,,,,,,,,,,,,,,,,,,,,,,,,,,,,,,,,,,,,,,,,,,,,,,,,,,,,,,,,,,,,,,,,,,,,,,,,,,,,,,,,,,,,,,,,,,,,,,,,,,,,,,,,,,,,,,,,,,,,,,,,,,,,,,,,,,,,,,,,,,,,,,,,,,,,,,,,,,,,,,,,,,,,,,,,,,,,,,
,,,,,,,General Supplies,General,General,,918200,918200 Paslode CT200S24 18Ga ST Brad Nailer,,,,,National Nail Corp,,,918200,,General Supplies > General > General,"Paslode CT200S24 18Ga, 918200",PASLODE CT200S24 18GA,"Paslode CT200S24 18Ga, 918200","Paslode CT200S24 18Ga, Model 918200","Paslode CT200S24 18Ga, 918200",,,,,,,,,,,,,,,,,,,,,,,,,Paslode CT200S24 18Ga,,Paslode CT200S24 18Ga,,,,,,,,,,,,,,,,,,,,,,,,,,,,,,,,,,,,,,,,,,,,,,,,,,,,,,,,,,,,,,,,,,,,,,,,,,,,,,,,,,,,,,,,,,,,,,,,,,,,,,,,,,,,,,,,,,,,,,,,,,,,,,,,,,,,,,,,,,,,,,,,,,,,,,,,,,,,,,,,,,,,,,,,,,,,,,,,,,,,,,,,,,,,,,,,,,,,,
,,,,,,,General Supplies,General,General,,2541-20,2541-20 Milw M12 - Compact Brad Nailer (Bare),,,,,Milwaukee Accessory,Milwaukee,Milwaukee,2541-20,,General Supplies > General > General,"Milwaukee Milw M12 Compact, M12, 2541-20",MILW M12 COMPACT,"Milwaukee Milw M12 Compact, M12, 2541-20","Milwaukee Milw M12 Compact, M12, Model 2541-20","Milwaukee Milw M12 Compact, M12, 2541-20",,,,,,,,,,,,,,,,,,,,,,,,,Milw M12 Compact,,Milw M12 Compact,,,,,,,,,,,,,,,,,,,,,,,,,,,,,,,,,,,,,,,,,,,,,,,,,,,,,,,,,,,,,,,,,,,,,,,,,,,,,,,,,,,,,,,,,,,,,,,,,,,,,,,,,,,,,,,,,,,,,,,,,,,,,,,,,,,,,,,,,,,,,,,,,,,,,,,,,,,,,,,,,,,,,,,,,,,,,,,,,,,,,,,,,,,,,,,,,,,,,
,,,,,,,General Supplies,General,General,,DCN930B,DCN930B Dewalt 20V 30 Degree - Framing Nailer,,,,,Black & Decker/dewlt,DEWALT,DEWALT,DCN930B,,General Supplies > General > General,"DEWALT DCN930B Dewalt 20V, DCN930B, Voltage 20 V",DCN930B DEWALT 20V 20V,"DEWALT DCN930B Dewalt 20V, DCN930B","DEWALT DCN930B Dewalt 20V, Model DCN930B, Voltage 20 V","DEWALT DCN930B Dewalt 20V, DCN930B",,Voltage: 20 V,,,,,,,,,,,,,,,,,,,,,,,DCN930B Dewalt 20V,,DCN930B Dewalt 20V,Voltage,20,V,,,,,,,,,,,,,,,,,,,,,,,,,,,,,,,,,,,,,,,,,,,,,,,,,,,,,,,,,,,,,,,,,,,,,,,,,,,,,,,,,,,,,,,,,,,,,,,,,,,,,,,,,,,,,,,,,,,,,,,,,,,,,,,,,,,,,,,,,,,,,,,,,,,,,,,,,,,,,,,,,,,,,,,,,,,,,,,,,,,,,,,,,,,,,,,,,,
,,,,,,,General Supplies,General,General,,DCN930P1,DCN930P1 Dewalt 20V 30 Degree - Framing Nailer Kit,,,,,Black & Decker/dewlt,DEWALT,DEWALT,DCN930P1,,General Supplies > General > General,"DEWALT DCN930P1 Dewalt 20V, DCN930P1, Voltage 20 V",DCN930P1 DEWALT 20V 20V,"DEWALT DCN930P1 Dewalt 20V, DCN930P1","DEWALT DCN930P1 Dewalt 20V, Model DCN930P1, Voltage 20 V","DEWALT DCN930P1 Dewalt 20V, DCN930P1",,Voltage: 20 V,,,,,,,,,,,,,,,,,,,,,,,DCN930P1 Dewalt 20V,,DCN930P1 Dewalt 20V,Voltage,20,V,,,,,,,,,,,,,,,,,,,,,,,,,,,,,,,,,,,,,,,,,,,,,,,,,,,,,,,,,,,,,,,,,,,,,,,,,,,,,,,,,,,,,,,,,,,,,,,,,,,,,,,,,,,,,,,,,,,,,,,,,,,,,,,,,,,,,,,,,,,,,,,,,,,,,,,,,,,,,,,,,,,,,,,,,,,,,,,,,,,,,,,,,,,,,,,,,,
,,,,,,,General Supplies,General,General,,XNB04Z,"XNB04Z Makita 18V 2"" Brad Nailer 18GA (Bare)",,,,,Makita Usa Inc,Makita,Makita,XNB04Z,,General Supplies > General > General,"Makita XNB04Z Makita 18V, XNB04Z, Voltage 18 V",XNB04Z MAKITA 18V 18V,"Makita XNB04Z Makita 18V, XNB04Z","Makita XNB04Z Makita 18V, Model XNB04Z, Voltage 18 V","Makita XNB04Z Makita 18V, XNB04Z",,Voltage: 18 V,,,,,,,,,,,,,,,,,,,,,,,XNB04Z Makita 18V,,XNB04Z Makita 18V,Voltage,18,V,,,,,,,,,,,,,,,,,,,,,,,,,,,,,,,,,,,,,,,,,,,,,,,,,,,,,,,,,,,,,,,,,,,,,,,,,,,,,,,,,,,,,,,,,,,,,,,,,,,,,,,,,,,,,,,,,,,,,,,,,,,,,,,,,,,,,,,,,,,,,,,,,,,,,,,,,,,,,,,,,,,,,,,,,,,,,,,,,,,,,,,,,,,,,,,,,,
,,,,,,,General Supplies,General,General,,XNB05Z,"XNB05Z Makita 18V 2-1/2"" Straight Finish Nailer 16GA",,,,,Makita Usa Inc,Makita,Makita,XNB05Z,,General Supplies > General > General,"Makita XNB05Z Makita 18V, XNB05Z, Voltage 18 V",XNB05Z MAKITA 18V 18V,"Makita XNB05Z Makita 18V, XNB05Z","Makita XNB05Z Makita 18V, Model XNB05Z, Voltage 18 V","Makita XNB05Z Makita 18V, XNB05Z",,Voltage: 18 V,,,,,,,,,,,,,,,,,,,,,,,XNB05Z Makita 18V,,XNB05Z Makita 18V,Voltage,18,V,,,,,,,,,,,,,,,,,,,,,,,,,,,,,,,,,,,,,,,,,,,,,,,,,,,,,,,,,,,,,,,,,,,,,,,,,,,,,,,,,,,,,,,,,,,,,,,,,,,,,,,,,,,,,,,,,,,,,,,,,,,,,,,,,,,,,,,,,,,,,,,,,,,,,,,,,,,,,,,,,,,,,,,,,,,,,,,,,,,,,,,,,,,,,,,,,,
,,,,,,,General Supplies,General,General,,XNB06Z,"XNB06Z Makita 18V 2-1/2"" Angled Finish Nailer 16GA",,,,,Makita Usa Inc,Makita,Makita,XNB06Z,,General Supplies > General > General,"Makita XNB06Z Makita 18V, XNB06Z, Voltage 18 V",XNB06Z MAKITA 18V 18V,"Makita XNB06Z Makita 18V, XNB06Z","Makita XNB06Z Makita 18V, Model XNB06Z, Voltage 18 V","Makita XNB06Z Makita 18V, XNB06Z",,Voltage: 18 V,,,,,,,,,,,,,,,,,,,,,,,XNB06Z Makita 18V,,XNB06Z Makita 18V,Voltage,18,V,,,,,,,,,,,,,,,,,,,,,,,,,,,,,,,,,,,,,,,,,,,,,,,,,,,,,,,,,,,,,,,,,,,,,,,,,,,,,,,,,,,,,,,,,,,,,,,,,,,,,,,,,,,,,,,,,,,,,,,,,,,,,,,,,,,,,,,,,,,,,,,,,,,,,,,,,,,,,,,,,,,,,,,,,,,,,,,,,,,,,,,,,,,,,,,,,,
,,,,,,,General Supplies,General,General,,XNB07Z,XNB07Z Makita 18V LXT BL 30 Nailer (Bare),,,,,Makita Usa Inc,Makita,Makita,XNB07Z,,General Supplies > General > General,"Makita XNB07Z Makita 18V, XNB07Z, Voltage 18 V",XNB07Z MAKITA 18V 18V,"Makita XNB07Z Makita 18V, XNB07Z","Makita XNB07Z Makita 18V, Model XNB07Z, Voltage 18 V","Makita XNB07Z Makita 18V, XNB07Z",,Voltage: 18 V,,,,,,,,,,,,,,,,,,,,,,,XNB07Z Makita 18V,,XNB07Z Makita 18V,Voltage,18,V,,,,,,,,,,,,,,,,,,,,,,,,,,,,,,,,,,,,,,,,,,,,,,,,,,,,,,,,,,,,,,,,,,,,,,,,,,,,,,,,,,,,,,,,,,,,,,,,,,,,,,,,,,,,,,,,,,,,,,,,,,,,,,,,,,,,,,,,,,,,,,,,,,,,,,,,,,,,,,,,,,,,,,,,,,,,,,,,,,,,,,,,,,,,,,,,,,
,,,,,,,General Supplies,General,General,,DZN930,DZN930 Dewalt 30 Degree - Framing Magazine,,,,,Black & Decker/dewlt,DEWALT,DEWALT,DZN930,,General Supplies > General > General,"DEWALT DZN930 Dewalt Degree, DZN930",DZN930 DEWALT DEGREE,"DEWALT DZN930 Dewalt Degree, DZN930","DEWALT DZN930 Dewalt Degree, Model DZN930","DEWALT DZN930 Dewalt Degree, DZN930",,,,,,,,,,,,,,,,,,,,,,,,,DZN930 Dewalt Degree,,DZN930 Dewalt Degree,,,,,,,,,,,,,,,,,,,,,,,,,,,,,,,,,,,,,,,,,,,,,,,,,,,,,,,,,,,,,,,,,,,,,,,,,,,,,,,,,,,,,,,,,,,,,,,,,,,,,,,,,,,,,,,,,,,,,,,,,,,,,,,,,,,,,,,,,,,,,,,,,,,,,,,,,,,,,,,,,,,,,,,,,,,,,,,,,,,,,,,,,,,,,,,,,,,,,
,,,,,,,Fasteners,Threaded Fasteners,Screws,,220USB25U,220USB25U Vessel Screwdriver w/25pc Bit Set,,,,,Vessel Tools USA Inc,,,220USB25U,,Fasteners > Threaded Fasteners > Screws,"Screw, 220USB25U, Pack Quantity 25",SCREW 25,"Screw, 220USB25U","Screw, Model 220USB25U, Pack Quantity 25","Screw, 220USB25U",,Pack Quantity: 25,,,,,,,,,,,,,,,,,,,,,,,Screw,,Screw,Pack Quantity,25,,,,,,,,,,,,,,,,,,,,,,,,,,,,,,,,,,,,,,,,,,,,,,,,,,,,,,,,,,,,,,,,,,,,,,,,,,,,,,,,,,,,,,,,,,,,,,,,,,,,,,,,,,,,,,,,,,,,,,,,,,,,,,,,,,,,,,,,,,,,,,,,,,,,,,,,31171502,,,,,,,,,,,,,,,,,,,,,,,,,,,,,,,,,,,,,,,,,,,
,,,,,,,Fasteners,Threaded Fasteners,Screws,,XRF03Z,XRF03Z Makita 18V Screwdriver - Autofeed,,,,,Makita Usa Inc,Makita,Makita,XRF03Z,,Fasteners > Threaded Fasteners > Screws,"Makita Screw, XRF03Z, Voltage 18 V",SCREW 18V,"Makita Screw, XRF03Z","Makita Screw, Model XRF03Z, Voltage 18 V","Makita Screw, XRF03Z",,Voltage: 18 V,,,,,,,,,,,,,,,,,,,,,,,Screw,,Screw,Voltage,18,V,,,,,,,,,,,,,,,,,,,,,,,,,,,,,,,,,,,,,,,,,,,,,,,,,,,,,,,,,,,,,,,,,,,,,,,,,,,,,,,,,,,,,,,,,,,,,,,,,,,,,,,,,,,,,,,,,,,,,,,,,,,,,,,,,,,,,,,,,,,,,,,,,,,,,,,31171502,,,,,,,,,,,,,,,,,,,,,,,,,,,,,,,,,,,,,,,,,,,
,,,,,,,Fasteners,Threaded Fasteners,Screws,,220USBP5U,220USBP5U Vessel Screwdriver Plus w/5pc Bit Set,,,,,Vessel Tools USA Inc,,,220USBP5U,,Fasteners > Threaded Fasteners > Screws,"Screw, 220USBP5U, Pack Quantity 5",SCREW 5,"Screw, 220USBP5U","Screw, Model 220USBP5U, Pack Quantity 5","Screw, 220USBP5U",,Pack Quantity: 5,,,,,,,,,,,,,,,,,,,,,,,Screw,,Screw,Pack Quantity,5,,,,,,,,,,,,,,,,,,,,,,,,,,,,,,,,,,,,,,,,,,,,,,,,,,,,,,,,,,,,,,,,,,,,,,,,,,,,,,,,,,,,,,,,,,,,,,,,,,,,,,,,,,,,,,,,,,,,,,,,,,,,,,,,,,,,,,,,,,,,,,,,,,,,,,,,31171502,,,,,,,,,,,,,,,,,,,,,,,,,,,,,,,,,,,,,,,,,,,
,,,,,,,Tools,Power Tools,Drills,,49-66-4567,"49-66-4567 Milw 6"" Magnetic - Impact Driver Set 6pc",,,,,Milwaukee Accessory,Milwaukee,Milwaukee,49-66-4567,,Tools > Power Tools > Drills,"Milwaukee Power Drill, 49-66-4567, Pack Quantity 6",POWER DRILL 6,"Milwaukee Power Drill, 49-66-4567","Milwaukee Power Drill, Model 49-66-4567, Pack Quantity 6","Milwaukee Power Drill, 49-66-4567",,Pack Quantity: 6,,,,,,,,,,,,,,,,,,,,,,,Power Drill,,Power Drill,Pack Quantity,6,,,,,,,,,,,,,,,,,,,,,,,,,,,,,,,,,,,,,,,,,,,,,,,,,,,,,,,,,,,,,,,,,,,,,,,,,,,,,,,,,,,,,,,,,,,,,,,,,,,,,,,,,,,,,,,,,,,,,,,,,,,,,,,,,,,,,,,,,,,,,,,,,,,,,,,,27112701,,,,,,,,,,,,,,,,,,,,,,,,,,,,,,,,,,,,,,,,,,,
,,,,,,,Tools,Power Tools,Drills,,IBMG90K003,"IBMG90K003 Vessel Impact Ball Torsion Bit Assort 5pc 3.5""",,,,,Vessel Tools USA Inc,,,IBMG90K003,,Tools > Power Tools > Drills,"Power Drill, IBMG90K003, Pack Quantity 5",POWER DRILL 5,"Power Drill, IBMG90K003","Power Drill, Model IBMG90K003, Pack Quantity 5","Power Drill, IBMG90K003",,Pack Quantity: 5,,,,,,,,,,,,,,,,,,,,,,,Power Drill,,Power Drill,Pack Quantity,5,,,,,,,,,,,,,,,,,,,,,,,,,,,,,,,,,,,,,,,,,,,,,,,,,,,,,,,,,,,,,,,,,,,,,,,,,,,,,,,,,,,,,,,,,,,,,,,,,,,,,,,,,,,,,,,,,,,,,,,,,,,,,,,,,,,,,,,,,,,,,,,,,,,,,,,,27112701,,,,,,,,,,,,,,,,,,,,,,,,,,,,,,,,,,,,,,,,,,,
,,,,,,,General Supplies,General,General,,IBPH250P15T,"IBPH250P15T Vessel Torsion Bit 2"" 15pc",,,,,Vessel Tools USA Inc,,,IBPH250P15T,,General Supplies > General > General,"IBPH250P15T Vessel Torsion, IBPH250P15T, Pack Quantity 15, Teeth 15",IBPH250P15T VESSEL TORSION 15 15,"IBPH250P15T Vessel Torsion, IBPH250P15T","IBPH250P15T Vessel Torsion, Model IBPH250P15T, Pack Quantity 15, Teeth 15","IBPH250P15T Vessel Torsion, IBPH250P15T",,Pack Quantity: 15,Teeth: 15,,,,,,,,,,,,,,,,,,,,,,IBPH250P15T Vessel Torsion,,IBPH250P15T Vessel Torsion,Pack Quantity,15,,Teeth,15,,,,,,,,,,,,,,,,,,,,,,,,,,,,,,,,,,,,,,,,,,,,,,,,,,,,,,,,,,,,,,,,,,,,,,,,,,,,,,,,,,,,,,,,,,,,,,,,,,,,,,,,,,,,,,,,,,,,,,,,,,,,,,,,,,,,,,,,,,,,,,,,,,,,,,,,,,,,,,,,,,,,,,,,,,,,,,,,,,,,,,,,,,,,,,,,
,,,,,,,General Supplies,General,General,,DPH12B,"DPH12B 2"" #1 Phillips Drive - Bit",,,,,Freud Inc,Diablo,Diablo,DPH12B,,General Supplies > General > General,"Diablo DPH12B Phillips Drive, DPH12B",DPH12B PHILLIPS DRIVE,"Diablo DPH12B Phillips Drive, DPH12B","Diablo DPH12B Phillips Drive, Model DPH12B","Diablo DPH12B Phillips Drive, DPH12B",,,,,,,,,,,,,,,,,,,,,,,,,DPH12B Phillips Drive,,DPH12B Phillips Drive,,,,,,,,,,,,,,,,,,,,,,,,,,,,,,,,,,,,,,,,,,,,,,,,,,,,,,,,,,,,,,,,,,,,,,,,,,,,,,,,,,,,,,,,,,,,,,,,,,,,,,,,,,,,,,,,,,,,,,,,,,,,,,,,,,,,,,,,,,,,,,,,,,,,,,,,,,,,,,,,,,,,,,,,,,,,,,,,,,,,,,,,,,,,,,,,,,,,,
,,,,,,,General Supplies,General,General,,DPH135B,"DPH135B 3-1/2"" #1 Phillips - Drive Bit",,,,,Freud Inc,Diablo,Diablo,DPH135B,,General Supplies > General > General,"Diablo DPH135B Phillips Drive, DPH135B",DPH135B PHILLIPS DRIVE,"Diablo DPH135B Phillips Drive, DPH135B","Diablo DPH135B Phillips Drive, Model DPH135B","Diablo DPH135B Phillips Drive, DPH135B",,,,,,,,,,,,,,,,,,,,,,,,,DPH135B Phillips Drive,,DPH135B Phillips Drive,,,,,,,,,,,,,,,,,,,,,,,,,,,,,,,,,,,,,,,,,,,,,,,,,,,,,,,,,,,,,,,,,,,,,,,,,,,,,,,,,,,,,,,,,,,,,,,,,,,,,,,,,,,,,,,,,,,,,,,,,,,,,,,,,,,,,,,,,,,,,,,,,,,,,,,,,,,,,,,,,,,,,,,,,,,,,,,,,,,,,,,,,,,,,,,,,,,,,
,,,,,,,General Supplies,General,General,,DPH21B,"DPH21B 1"" #2 Phillips Drive - Bit",,,,,Freud Inc,Diablo,Diablo,DPH21B,,General Supplies > General > General,"Diablo DPH21B Phillips Drive, DPH21B",DPH21B PHILLIPS DRIVE,"Diablo DPH21B Phillips Drive, DPH21B","Diablo DPH21B Phillips Drive, Model DPH21B","Diablo DPH21B Phillips Drive, DPH21B",,,,,,,,,,,,,,,,,,,,,,,,,DPH21B Phillips Drive,,DPH21B Phillips Drive,,,,,,,,,,,,,,,,,,,,,,,,,,,,,,,,,,,,,,,,,,,,,,,,,,,,,,,,,,,,,,,,,,,,,,,,,,,,,,,,,,,,,,,,,,,,,,,,,,,,,,,,,,,,,,,,,,,,,,,,,,,,,,,,,,,,,,,,,,,,,,,,,,,,,,,,,,,,,,,,,,,,,,,,,,,,,,,,,,,,,,,,,,,,,,,,,,,,,
,,,,,,,General Supplies,General,General,,DPH22B,"DPH22B 2"" #2 Phillips Drive - Bit",,,,,Freud Inc,Diablo,Diablo,DPH22B,,General Supplies > General > General,"Diablo DPH22B Phillips Drive, DPH22B",DPH22B PHILLIPS DRIVE,"Diablo DPH22B Phillips Drive, DPH22B","Diablo DPH22B Phillips Drive, Model DPH22B","Diablo DPH22B Phillips Drive, DPH22B",,,,,,,,,,,,,,,,,,,,,,,,,DPH22B Phillips Drive,,DPH22B Phillips Drive,,,,,,,,,,,,,,,,,,,,,,,,,,,,,,,,,,,,,,,,,,,,,,,,,,,,,,,,,,,,,,,,,,,,,,,,,,,,,,,,,,,,,,,,,,,,,,,,,,,,,,,,,,,,,,,,,,,,,,,,,,,,,,,,,,,,,,,,,,,,,,,,,,,,,,,,,,,,,,,,,,,,,,,,,,,,,,,,,,,,,,,,,,,,,,,,,,,,,
,,,,,,,General Supplies,General,General,,DPH235B,"DPH235B 3-1/2"" #2 Phillips - Drive Bit",,,,,Freud Inc,Diablo,Diablo,DPH235B,,General Supplies > General > General,"Diablo DPH235B Phillips Drive, DPH235B",DPH235B PHILLIPS DRIVE,"Diablo DPH235B Phillips Drive, DPH235B","Diablo DPH235B Phillips Drive, Model DPH235B","Diablo DPH235B Phillips Drive, DPH235B",,,,,,,,,,,,,,,,,,,,,,,,,DPH235B Phillips Drive,,DPH235B Phillips Drive,,,,,,,,,,,,,,,,,,,,,,,,,,,,,,,,,,,,,,,,,,,,,,,,,,,,,,,,,,,,,,,,,,,,,,,,,,,,,,,,,,,,,,,,,,,,,,,,,,,,,,,,,,,,,,,,,,,,,,,,,,,,,,,,,,,,,,,,,,,,,,,,,,,,,,,,,,,,,,,,,,,,,,,,,,,,,,,,,,,,,,,,,,,,,,,,,,,,,
,,,,,,,General Supplies,General,General,,DPH26B,"DPH26B 6"" #2 Phillips Drive - Bit",,,,,Freud Inc,Diablo,Diablo,DPH26B,,General Supplies > General > General,"Diablo DPH26B Phillips Drive, DPH26B",DPH26B PHILLIPS DRIVE,"Diablo DPH26B Phillips Drive, DPH26B","Diablo DPH26B Phillips Drive, Model DPH26B","Diablo DPH26B Phillips Drive, DPH26B",,,,,,,,,,,,,,,,,,,,,,,,,DPH26B Phillips Drive,,DPH26B Phillips Drive,,,,,,,,,,,,,,,,,,,,,,,,,,,,,,,,,,,,,,,,,,,,,,,,,,,,,,,,,,,,,,,,,,,,,,,,,,,,,,,,,,,,,,,,,,,,,,,,,,,,,,,,,,,,,,,,,,,,,,,,,,,,,,,,,,,,,,,,,,,,,,,,,,,,,,,,,,,,,,,,,,,,,,,,,,,,,,,,,,,,,,,,,,,,,,,,,,,,,
,,,,,,,Fasteners,Threaded Fasteners,Screws,,DPH2R1B,"DPH2R1B 1"" #2 Phillips Drywall - Screws Drive Bit",,,,,Freud Inc,Diablo,Diablo,DPH2R1B,,Fasteners > Threaded Fasteners > Screws,"Diablo Screw, DPH2R1B",SCREW,"Diablo Screw, DPH2R1B","Diablo Screw, Model DPH2R1B","Diablo Screw, DPH2R1B",,,,,,,,,,,,,,,,,,,,,,,,,Screw,,Screw,,,,,,,,,,,,,,,,,,,,,,,,,,,,,,,,,,,,,,,,,,,,,,,,,,,,,,,,,,,,,,,,,,,,,,,,,,,,,,,,,,,,,,,,,,,,,,,,,,,,,,,,,,,,,,,,,,,,,,,,,,,,,,,,,,,,,,,,,,,,,,,,,,,,,,,,,,31171502,,,,,,,,,,,,,,,,,,,,,,,,,,,,,,,,,,,,,,,,,,,
,,,,,,,General Supplies,General,General,,DPH31B,"DPH31B 1"" #3 Phillips Drive - Bit",,,,,Freud Inc,Diablo,Diablo,DPH31B,,General Supplies > General > General,"Diablo DPH31B Phillips Drive, DPH31B",DPH31B PHILLIPS DRIVE,"Diablo DPH31B Phillips Drive, DPH31B","Diablo DPH31B Phillips Drive, Model DPH31B","Diablo DPH31B Phillips Drive, DPH31B",,,,,,,,,,,,,,,,,,,,,,,,,DPH31B Phillips Drive,,DPH31B Phillips Drive,,,,,,,,,,,,,,,,,,,,,,,,,,,,,,,,,,,,,,,,,,,,,,,,,,,,,,,,,,,,,,,,,,,,,,,,,,,,,,,,,,,,,,,,,,,,,,,,,,,,,,,,,,,,,,,,,,,,,,,,,,,,,,,,,,,,,,,,,,,,,,,,,,,,,,,,,,,,,,,,,,,,,,,,,,,,,,,,,,,,,,,,,,,,,,,,,,,,,
,,,,,,,General Supplies,General,General,,DPH32B,"DPH32B 2"" #3 Phillips Drive - Bit",,,,,Freud Inc,Diablo,Diablo,DPH32B,,General Supplies > General > General,"Diablo DPH32B Phillips Drive, DPH32B",DPH32B PHILLIPS DRIVE,"Diablo DPH32B Phillips Drive, DPH32B","Diablo DPH32B Phillips Drive, Model DPH32B","Diablo DPH32B Phillips Drive, DPH32B",,,,,,,,,,,,,,,,,,,,,,,,,DPH32B Phillips Drive,,DPH32B Phillips Drive,,,,,,,,,,,,,,,,,,,,,,,,,,,,,,,,,,,,,,,,,,,,,,,,,,,,,,,,,,,,,,,,,,,,,,,,,,,,,,,,,,,,,,,,,,,,,,,,,,,,,,,,,,,,,,,,,,,,,,,,,,,,,,,,,,,,,,,,,,,,,,,,,,,,,,,,,,,,,,,,,,,,,,,,,,,,,,,,,,,,,,,,,,,,,,,,,,,,,
,,,,,,,General Supplies,General,General,,DPH335B,"DPH335B 3-1/2"" #3 Phillips - Drive Bit",,,,,Freud Inc,Diablo,Diablo,DPH335B,,General Supplies > General > General,"Diablo DPH335B Phillips Drive, DPH335B",DPH335B PHILLIPS DRIVE,"Diablo DPH335B Phillips Drive, DPH335B","Diablo DPH335B Phillips Drive, Model DPH335B","Diablo DPH335B Phillips Drive, DPH335B",,,,,,,,,,,,,,,,,,,,,,,,,DPH335B Phillips Drive,,DPH335B Phillips Drive,,,,,,,,,,,,,,,,,,,,,,,,,,,,,,,,,,,,,,,,,,,,,,,,,,,,,,,,,,,,,,,,,,,,,,,,,,,,,,,,,,,,,,,,,,,,,,,,,,,,,,,,,,,,,,,,,,,,,,,,,,,,,,,,,,,,,,,,,,,,,,,,,,,,,,,,,,,,,,,,,,,,,,,,,,,,,,,,,,,,,,,,,,,,,,,,,,,,,
,,,,,,,General Supplies,General,General,,DSQ12B,"DSQ12B 2"" #1 Square Drive Bit",,,,,Freud Inc,Diablo,Diablo,DSQ12B,,General Supplies > General > General,"Diablo DSQ12B Square Drive, DSQ12B",DSQ12B SQUARE DRIVE,"Diablo DSQ12B Square Drive, DSQ12B","Diablo DSQ12B Square Drive, Model DSQ12B","Diablo DSQ12B Square Drive, DSQ12B",,,,,,,,,,,,,,,,,,,,,,,,,DSQ12B Square Drive,,DSQ12B Square Drive,,,,,,,,,,,,,,,,,,,,,,,,,,,,,,,,,,,,,,,,,,,,,,,,,,,,,,,,,,,,,,,,,,,,,,,,,,,,,,,,,,,,,,,,,,,,,,,,,,,,,,,,,,,,,,,,,,,,,,,,,,,,,,,,,,,,,,,,,,,,,,,,,,,,,,,,,,,,,,,,,,,,,,,,,,,,,,,,,,,,,,,,,,,,,,,,,,,,,
,,,,,,,General Supplies,General,General,,DSQ22B,"DSQ22B 2"" #2 Square Drive Bit",,,,,Freud Inc,Diablo,Diablo,DSQ22B,,General Supplies > General > General,"Diablo DSQ22B Square Drive, DSQ22B",DSQ22B SQUARE DRIVE,"Diablo DSQ22B Square Drive, DSQ22B","Diablo DSQ22B Square Drive, Model DSQ22B","Diablo DSQ22B Square Drive, DSQ22B",,,,,,,,,,,,,,,,,,,,,,,,,DSQ22B Square Drive,,DSQ22B Square Drive,,,,,,,,,,,,,,,,,,,,,,,,,,,,,,,,,,,,,,,,,,,,,,,,,,,,,,,,,,,,,,,,,,,,,,,,,,,,,,,,,,,,,,,,,,,,,,,,,,,,,,,,,,,,,,,,,,,,,,,,,,,,,,,,,,,,,,,,,,,,,,,,,,,,,,,,,,,,,,,,,,,,,,,,,,,,,,,,,,,,,,,,,,,,,,,,,,,,,
,,,,,,,General Supplies,General,General,,DSQ26B,"DSQ26B 6"" #2 Square Drive Bit",,,,,Freud Inc,Diablo,Diablo,DSQ26B,,General Supplies > General > General,"Diablo DSQ26B Square Drive, DSQ26B",DSQ26B SQUARE DRIVE,"Diablo DSQ26B Square Drive, DSQ26B","Diablo DSQ26B Square Drive, Model DSQ26B","Diablo DSQ26B Square Drive, DSQ26B",,,,,,,,,,,,,,,,,,,,,,,,,DSQ26B Square Drive,,DSQ26B Square Drive,,,,,,,,,,,,,,,,,,,,,,,,,,,,,,,,,,,,,,,,,,,,,,,,,,,,,,,,,,,,,,,,,,,,,,,,,,,,,,,,,,,,,,,,,,,,,,,,,,,,,,,,,,,,,,,,,,,,,,,,,,,,,,,,,,,,,,,,,,,,,,,,,,,,,,,,,,,,,,,,,,,,,,,,,,,,,,,,,,,,,,,,,,,,,,,,,,,,,
,,,,,,,General Supplies,General,General,,DSQ32B,"DSQ32B 2"" #3 Square Drive Bit",,,,,Freud Inc,Diablo,Diablo,DSQ32B,,General Supplies > General > General,"Diablo DSQ32B Square Drive, DSQ32B",DSQ32B SQUARE DRIVE,"Diablo DSQ32B Square Drive, DSQ32B","Diablo DSQ32B Square Drive, Model DSQ32B","Diablo DSQ32B Square Drive, DSQ32B",,,,,,,,,,,,,,,,,,,,,,,,,DSQ32B Square Drive,,DSQ32B Square Drive,,,,,,,,,,,,,,,,,,,,,,,,,,,,,,,,,,,,,,,,,,,,,,,,,,,,,,,,,,,,,,,,,,,,,,,,,,,,,,,,,,,,,,,,,,,,,,,,,,,,,,,,,,,,,,,,,,,,,,,,,,,,,,,,,,,,,,,,,,,,,,,,,,,,,,,,,,,,,,,,,,,,,,,,,,,,,,,,,,,,,,,,,,,,,,,,,,,,,
,,,,,,,General Supplies,General,General,,DT102B,"DT102B 2"" #10 Torx Drive Bit",,,,,Freud Inc,Diablo,Diablo,DT102B,,General Supplies > General > General,"Diablo DT102B Torx Drive, DT102B",DT102B TORX DRIVE,"Diablo DT102B Torx Drive, DT102B","Diablo DT102B Torx Drive, Model DT102B","Diablo DT102B Torx Drive, DT102B",,,,,,,,,,,,,,,,,,,,,,,,,DT102B Torx Drive,,DT102B Torx Drive,,,,,,,,,,,,,,,,,,,,,,,,,,,,,,,,,,,,,,,,,,,,,,,,,,,,,,,,,,,,,,,,,,,,,,,,,,,,,,,,,,,,,,,,,,,,,,,,,,,,,,,,,,,,,,,,,,,,,,,,,,,,,,,,,,,,,,,,,,,,,,,,,,,,,,,,,,,,,,,,,,,,,,,,,,,,,,,,,,,,,,,,,,,,,,,,,,,,,
,,,,,,,General Supplies,General,General,,DT152B,"DT152B 2"" #15 Torx Drive Bit",,,,,Freud Inc,Diablo,Diablo,DT152B,,General Supplies > General > General,"Diablo DT152B Torx Drive, DT152B",DT152B TORX DRIVE,"Diablo DT152B Torx Drive, DT152B","Diablo DT152B Torx Drive, Model DT152B","Diablo DT152B Torx Drive, DT152B",,,,,,,,,,,,,,,,,,,,,,,,,DT152B Torx Drive,,DT152B Torx Drive,,,,,,,,,,,,,,,,,,,,,,,,,,,,,,,,,,,,,,,,,,,,,,,,,,,,,,,,,,,,,,,,,,,,,,,,,,,,,,,,,,,,,,,,,,,,,,,,,,,,,,,,,,,,,,,,,,,,,,,,,,,,,,,,,,,,,,,,,,,,,,,,,,,,,,,,,,,,,,,,,,,,,,,,,,,,,,,,,,,,,,,,,,,,,,,,,,,,,
,,,,,,,General Supplies,General,General,,DT1535B,"DT1535B 3-1/2"" #15 Torx Drive - Bit",,,,,Freud Inc,Diablo,Diablo,DT1535B,,General Supplies > General > General,"Diablo DT1535B Torx Drive, DT1535B",DT1535B TORX DRIVE,"Diablo DT1535B Torx Drive, DT1535B","Diablo DT1535B Torx Drive, Model DT1535B","Diablo DT1535B Torx Drive, DT1535B",,,,,,,,,,,,,,,,,,,,,,,,,DT1535B Torx Drive,,DT1535B Torx Drive,,,,,,,,,,,,,,,,,,,,,,,,,,,,,,,,,,,,,,,,,,,,,,,,,,,,,,,,,,,,,,,,,,,,,,,,,,,,,,,,,,,,,,,,,,,,,,,,,,,,,,,,,,,,,,,,,,,,,,,,,,,,,,,,,,,,,,,,,,,,,,,,,,,,,,,,,,,,,,,,,,,,,,,,,,,,,,,,,,,,,,,,,,,,,,,,,,,,,
,,,,,,,General Supplies,General,General,,DT202B,"DT202B 2"" #20 Torx Drive Bit",,,,,Freud Inc,Diablo,Diablo,DT202B,,General Supplies > General > General,"Diablo DT202B Torx Drive, DT202B",DT202B TORX DRIVE,"Diablo DT202B Torx Drive, DT202B","Diablo DT202B Torx Drive, Model DT202B","Diablo DT202B Torx Drive, DT202B",,,,,,,,,,,,,,,,,,,,,,,,,DT202B Torx Drive,,DT202B Torx Drive,,,,,,,,,,,,,,,,,,,,,,,,,,,,,,,,,,,,,,,,,,,,,,,,,,,,,,,,,,,,,,,,,,,,,,,,,,,,,,,,,,,,,,,,,,,,,,,,,,,,,,,,,,,,,,,,,,,,,,,,,,,,,,,,,,,,,,,,,,,,,,,,,,,,,,,,,,,,,,,,,,,,,,,,,,,,,,,,,,,,,,,,,,,,,,,,,,,,,
,,,,,,,General Supplies,General,General,,DT2035B,"DT2035B 3-1/2"" #20 Torx Drive - Bit",,,,,Freud Inc,Diablo,Diablo,DT2035B,,General Supplies > General > General,"Diablo DT2035B Torx Drive, DT2035B",DT2035B TORX DRIVE,"Diablo DT2035B Torx Drive, DT2035B","Diablo DT2035B Torx Drive, Model DT2035B","Diablo DT2035B Torx Drive, DT2035B",,,,,,,,,,,,,,,,,,,,,,,,,DT2035B Torx Drive,,DT2035B Torx Drive,,,,,,,,,,,,,,,,,,,,,,,,,,,,,,,,,,,,,,,,,,,,,,,,,,,,,,,,,,,,,,,,,,,,,,,,,,,,,,,,,,,,,,,,,,,,,,,,,,,,,,,,,,,,,,,,,,,,,,,,,,,,,,,,,,,,,,,,,,,,,,,,,,,,,,,,,,,,,,,,,,,,,,,,,,,,,,,,,,,,,,,,,,,,,,,,,,,,,
,,,,,,,General Supplies,General,General,,DT206B,"DT206B 6"" #20 Torx Drive Bit",,,,,Freud Inc,Diablo,Diablo,DT206B,,General Supplies > General > General,"Diablo DT206B Torx Drive, DT206B",DT206B TORX DRIVE,"Diablo DT206B Torx Drive, DT206B","Diablo DT206B Torx Drive, Model DT206B","Diablo DT206B Torx Drive, DT206B",,,,,,,,,,,,,,,,,,,,,,,,,DT206B Torx Drive,,DT206B Torx Drive,,,,,,,,,,,,,,,,,,,,,,,,,,,,,,,,,,,,,,,,,,,,,,,,,,,,,,,,,,,,,,,,,,,,,,,,,,,,,,,,,,,,,,,,,,,,,,,,,,,,,,,,,,,,,,,,,,,,,,,,,,,,,,,,,,,,,,,,,,,,,,,,,,,,,,,,,,,,,,,,,,,,,,,,,,,,,,,,,,,,,,,,,,,,,,,,,,,,,
,,,,,,,General Supplies,General,General,,DT252B,"DT252B 2"" #25 Trox Drive Bit",,,,,Freud Inc,Diablo,Diablo,DT252B,,General Supplies > General > General,"Diablo DT252B Trox Drive, DT252B",DT252B TROX DRIVE,"Diablo DT252B Trox Drive, DT252B","Diablo DT252B Trox Drive, Model DT252B","Diablo DT252B Trox Drive, DT252B",,,,,,,,,,,,,,,,,,,,,,,,,DT252B Trox Drive,,DT252B Trox Drive,,,,,,,,,,,,,,,,,,,,,,,,,,,,,,,,,,,,,,,,,,,,,,,,,,,,,,,,,,,,,,,,,,,,,,,,,,,,,,,,,,,,,,,,,,,,,,,,,,,,,,,,,,,,,,,,,,,,,,,,,,,,,,,,,,,,,,,,,,,,,,,,,,,,,,,,,,,,,,,,,,,,,,,,,,,,,,,,,,,,,,,,,,,,,,,,,,,,,
,,,,,,,General Supplies,General,General,,DT2535B,"DT2535B 3-1/4"" #25 Torx Drive - Bit",,,,,Freud Inc,Diablo,Diablo,DT2535B,,General Supplies > General > General,"Diablo DT2535B Torx Drive, DT2535B",DT2535B TORX DRIVE,"Diablo DT2535B Torx Drive, DT2535B","Diablo DT2535B Torx Drive, Model DT2535B","Diablo DT2535B Torx Drive, DT2535B",,,,,,,,,,,,,,,,,,,,,,,,,DT2535B Torx Drive,,DT2535B Torx Drive,,,,,,,,,,,,,,,,,,,,,,,,,,,,,,,,,,,,,,,,,,,,,,,,,,,,,,,,,,,,,,,,,,,,,,,,,,,,,,,,,,,,,,,,,,,,,,,,,,,,,,,,,,,,,,,,,,,,,,,,,,,,,,,,,,,,,,,,,,,,,,,,,,,,,,,,,,,,,,,,,,,,,,,,,,,,,,,,,,,,,,,,,,,,,,,,,,,,,
,,,,,,,General Supplies,General,General,,DT256B,"DT256B 6"" #25 Torx Drive Bit",,,,,Freud Inc,Diablo,Diablo,DT256B,,General Supplies > General > General,"Diablo DT256B Torx Drive, DT256B",DT256B TORX DRIVE,"Diablo DT256B Torx Drive, DT256B","Diablo DT256B Torx Drive, Model DT256B","Diablo DT256B Torx Drive, DT256B",,,,,,,,,,,,,,,,,,,,,,,,,DT256B Torx Drive,,DT256B Torx Drive,,,,,,,,,,,,,,,,,,,,,,,,,,,,,,,,,,,,,,,,,,,,,,,,,,,,,,,,,,,,,,,,,,,,,,,,,,,,,,,,,,,,,,,,,,,,,,,,,,,,,,,,,,,,,,,,,,,,,,,,,,,,,,,,,,,,,,,,,,,,,,,,,,,,,,,,,,,,,,,,,,,,,,,,,,,,,,,,,,,,,,,,,,,,,,,,,,,,,
,,,,,,,General Supplies,General,General,,DT302B,"DT302B 2"" #30 Torx Drive Bit",,,,,Freud Inc,Diablo,Diablo,DT302B,,General Supplies > General > General,"Diablo DT302B Torx Drive, DT302B",DT302B TORX DRIVE,"Diablo DT302B Torx Drive, DT302B","Diablo DT302B Torx Drive, Model DT302B","Diablo DT302B Torx Drive, DT302B",,,,,,,,,,,,,,,,,,,,,,,,,DT302B Torx Drive,,DT302B Torx Drive,,,,,,,,,,,,,,,,,,,,,,,,,,,,,,,,,,,,,,,,,,,,,,,,,,,,,,,,,,,,,,,,,,,,,,,,,,,,,,,,,,,,,,,,,,,,,,,,,,,,,,,,,,,,,,,,,,,,,,,,,,,,,,,,,,,,,,,,,,,,,,,,,,,,,,,,,,,,,,,,,,,,,,,,,,,,,,,,,,,,,,,,,,,,,,,,,,,,,
,,,,,,,General Supplies,General,General,,DT402B,"DT402B 2"" #40 Torx Drive Bit",,,,,Freud Inc,Diablo,Diablo,DT402B,,General Supplies > General > General,"Diablo DT402B Torx Drive, DT402B",DT402B TORX DRIVE,"Diablo DT402B Torx Drive, DT402B","Diablo DT402B Torx Drive, Model DT402B","Diablo DT402B Torx Drive, DT402B",,,,,,,,,,,,,,,,,,,,,,,,,DT402B Torx Drive,,DT402B Torx Drive,,,,,,,,,,,,,,,,,,,,,,,,,,,,,,,,,,,,,,,,,,,,,,,,,,,,,,,,,,,,,,,,,,,,,,,,,,,,,,,,,,,,,,,,,,,,,,,,,,,,,,,,,,,,,,,,,,,,,,,,,,,,,,,,,,,,,,,,,,,,,,,,,,,,,,,,,,,,,,,,,,,,,,,,,,,,,,,,,,,,,,,,,,,,,,,,,,,,,
,,,,,,,Fasteners,Threaded Fasteners,Screws,,DDWSSB,DDWSSB #2 Drywall Screw Setter,,,,,Freud Inc,Diablo,Diablo,DDWSSB,,Fasteners > Threaded Fasteners > Screws,"Diablo Screw, DDWSSB",SCREW,"Diablo Screw, DDWSSB","Diablo Screw, Model DDWSSB","Diablo Screw, DDWSSB",,,,,,,,,,,,,,,,,,,,,,,,,Screw,,Screw,,,,,,,,,,,,,,,,,,,,,,,,,,,,,,,,,,,,,,,,,,,,,,,,,,,,,,,,,,,,,,,,,,,,,,,,,,,,,,,,,,,,,,,,,,,,,,,,,,,,,,,,,,,,,,,,,,,,,,,,,,,,,,,,,,,,,,,,,,,,,,,,,,,,,,,,,,31171502,,,,,,,,,,,,,,,,,,,,,,,,,,,,,,,,,,,,,,,,,,,
,,,,,,,General Supplies,General,General,,191V02-0,191V02-0 Makita #2 Phillips Bit 5pk,,,,,Makita Usa Inc,Makita,Makita,191V02-0,,General Supplies > General > General,"Makita 191V02-0 Makita Phillips, 191V02-0",191V02-0 MAKITA PHILLIPS,"Makita 191V02-0 Makita Phillips, 191V02-0","Makita 191V02-0 Makita Phillips, Model 191V02-0","Makita 191V02-0 Makita Phillips, 191V02-0",,,,,,,,,,,,,,,,,,,,,,,,,191V02-0 Makita Phillips,,191V02-0 Makita Phillips,,,,,,,,,,,,,,,,,,,,,,,,,,,,,,,,,,,,,,,,,,,,,,,,,,,,,,,,,,,,,,,,,,,,,,,,,,,,,,,,,,,,,,,,,,,,,,,,,,,,,,,,,,,,,,,,,,,,,,,,,,,,,,,,,,,,,,,,,,,,,,,,,,,,,,,,,,,,,,,,,,,,,,,,,,,,,,,,,,,,,,,,,,,,,,,,,,,,,
,,,,,,,General Supplies,General,General,,XTS02Z,"XTS02Z Makita 18V 1/4"" Narrow Crown Stapler 18GA",,,,,Makita Usa Inc,Makita,Makita,XTS02Z,,General Supplies > General > General,"Makita XTS02Z Makita 18V, XTS02Z, Voltage 18 V",XTS02Z MAKITA 18V 18V,"Makita XTS02Z Makita 18V, XTS02Z","Makita XTS02Z Makita 18V, Model XTS02Z, Voltage 18 V","Makita XTS02Z Makita 18V, XTS02Z",,Voltage: 18 V,,,,,,,,,,,,,,,,,,,,,,,XTS02Z Makita 18V,,XTS02Z Makita 18V,Voltage,18,V,,,,,,,,,,,,,,,,,,,,,,,,,,,,,,,,,,,,,,,,,,,,,,,,,,,,,,,,,,,,,,,,,,,,,,,,,,,,,,,,,,,,,,,,,,,,,,,,,,,,,,,,,,,,,,,,,,,,,,,,,,,,,,,,,,,,,,,,,,,,,,,,,,,,,,,,,,,,,,,,,,,,,,,,,,,,,,,,,,,,,,,,,,,,,,,,,,
,,,,,,,Tools,Power Tools,Drills,,DCF809D1,"DCF809D1 Dewalt Atomic 20V 1/4"" Impact Driver Kit",,,,,Black & Decker/dewlt,DEWALT,DEWALT,DCF809D1,,Tools > Power Tools > Drills,"DEWALT Power Drill, Atomic, DCF809D1, Voltage 20 V",POWER DRILL 20V,"DEWALT Power Drill, Atomic, DCF809D1","DEWALT Power Drill, Atomic, Model DCF809D1, Voltage 20 V","DEWALT Power Drill, Atomic, DCF809D1",,Voltage: 20 V,,,,,,,,,,,,,,,,,,,,,,,Power Drill,,Power Drill,Voltage,20,V,,,,,,,,,,,,,,,,,,,,,,,,,,,,,,,,,,,,,,,,,,,,,,,,,,,,,,,,,,,,,,,,,,,,,,,,,,,,,,,,,,,,,,,,,,,,,,,,,,,,,,,,,,,,,,,,,,,,,,,,,,,,,,,,,,,,,,,,,,,,,,,,,,,,,,,27112701,,,,,,,,,,,,,,,,,,,,,,,,,,,,,,,,,,,,,,,,,,,
,,,,,,,Tools,Power Tools,Drills,,2761-20,"2761-20 Milw M18 1/4"" Hex Hydraulic Driver",,,,,Milwaukee Accessory,Milwaukee,Milwaukee,2761-20,,Tools > Power Tools > Drills,"Milwaukee Power Drill, M18, 2761-20",POWER DRILL,"Milwaukee Power Drill, M18, 2761-20","Milwaukee Power Drill, M18, Model 2761-20","Milwaukee Power Drill, M18, 2761-20",,,,,,,,,,,,,,,,,,,,,,,,,Power Drill,,Power Drill,,,,,,,,,,,,,,,,,,,,,,,,,,,,,,,,,,,,,,,,,,,,,,,,,,,,,,,,,,,,,,,,,,,,,,,,,,,,,,,,,,,,,,,,,,,,,,,,,,,,,,,,,,,,,,,,,,,,,,,,,,,,,,,,,,,,,,,,,,,,,,,,,,,,,,,,,,27112701,,,,,,,,,,,,,,,,,,,,,,,,,,,,,,,,,,,,,,,,,,,
,,,,,,,General Supplies,General,General,,2761-22,2761-22 Milw M18 Surge Kit,,,,,Milwaukee Accessory,Milwaukee,Milwaukee,2761-22,,General Supplies > General > General,"Milwaukee Milw M18 Surge, M18, 2761-22",MILW M18 SURGE,"Milwaukee Milw M18 Surge, M18, 2761-22","Milwaukee Milw M18 Surge, M18, Model 2761-22","Milwaukee Milw M18 Surge, M18, 2761-22",,,,,,,,,,,,,,,,,,,,,,,,,Milw M18 Surge,,Milw M18 Surge,,,,,,,,,,,,,,,,,,,,,,,,,,,,,,,,,,,,,,,,,,,,,,,,,,,,,,,,,,,,,,,,,,,,,,,,,,,,,,,,,,,,,,,,,,,,,,,,,,,,,,,,,,,,,,,,,,,,,,,,,,,,,,,,,,,,,,,,,,,,,,,,,,,,,,,,,,,,,,,,,,,,,,,,,,,,,,,,,,,,,,,,,,,,,,,,,,,,,
,,,,,,,Tools,Power Tools,Drills,,3450-20,3450-20 Milw M12 Impact Driver - Brushless Compact (Bare),,,,,Milwaukee Accessory,Milwaukee,Milwaukee,3450-20,,Tools > Power Tools > Drills,"Milwaukee Power Drill, M12, 3450-20",POWER DRILL,"Milwaukee Power Drill, M12, 3450-20","Milwaukee Power Drill, M12, Model 3450-20","Milwaukee Power Drill, M12, 3450-20",,,,,,,,,,,,,,,,,,,,,,,,,Power Drill,,Power Drill,,,,,,,,,,,,,,,,,,,,,,,,,,,,,,,,,,,,,,,,,,,,,,,,,,,,,,,,,,,,,,,,,,,,,,,,,,,,,,,,,,,,,,,,,,,,,,,,,,,,,,,,,,,,,,,,,,,,,,,,,,,,,,,,,,,,,,,,,,,,,,,,,,,,,,,,,,27112701,,,,,,,,,,,,,,,,,,,,,,,,,,,,,,,,,,,,,,,,,,,
,,,,,,,Tools,Power Tools,Drills,,KPTDV025A,KPTDV025A Kreg 20V Ionic Compact Impact Driver,,,,,Kreg Tool Company,,,KPTDV025A,,Tools > Power Tools > Drills,"Power Drill, Compact, KPTDV025A, Voltage 20 V, Amperage 25 A",POWER DRILL 20V 25A,"Power Drill, Compact, KPTDV025A","Power Drill, Compact, Model KPTDV025A, Voltage 20 V, Amperage 25 A","Power Drill, Compact, KPTDV025A",,Voltage: 20 V,Amperage: 25 A,,,,,,,,,,,,,,,,,,,,,,Power Drill,,Power Drill,Voltage,20,V,Amperage,25,A,,,,,,,,,,,,,,,,,,,,,,,,,,,,,,,,,,,,,,,,,,,,,,,,,,,,,,,,,,,,,,,,,,,,,,,,,,,,,,,,,,,,,,,,,,,,,,,,,,,,,,,,,,,,,,,,,,,,,,,,,,,,,,,,,,,,,,,,,,,,,,,,,,,,27112701,,,,,,,,,,,,,,,,,,,,,,,,,,,,,,,,,,,,,,,,,,,
,,,,,,,Tools,Hand Tools,Wrenches,,3048-20,"3048-20 Milw M12 1/4"" Impact Wrench w/Friction Ring",,,,,Milwaukee Accessory,Milwaukee,Milwaukee,3048-20,,Tools > Hand Tools > Wrenches,"Milwaukee Wrench, M12, 3048-20",WRENCH,"Milwaukee Wrench, M12, 3048-20","Milwaukee Wrench, M12, Model 3048-20","Milwaukee Wrench, M12, 3048-20",,,,,,,,,,,,,,,,,,,,,,,,,Wrench,,Wrench,,,,,,,,,,,,,,,,,,,,,,,,,,,,,,,,,,,,,,,,,,,,,,,,,,,,,,,,,,,,,,,,,,,,,,,,,,,,,,,,,,,,,,,,,,,,,,,,,,,,,,,,,,,,,,,,,,,,,,,,,,,,,,,,,,,,,,,,,,,,,,,,,,,,,,,,,,27111513,,,,,,,,,,,,,,,,,,,,,,,,,,,,,,,,,,,,,,,,,,,
,,,,,,,Tools,Hand Tools,Wrenches,,3049-20,"3049-20 Milw M12 3/8"" Impact Wrench w/Friction Ring",,,,,Milwaukee Accessory,Milwaukee,Milwaukee,3049-20,,Tools > Hand Tools > Wrenches,"Milwaukee Wrench, M12, 3049-20",WRENCH,"Milwaukee Wrench, M12, 3049-20","Milwaukee Wrench, M12, Model 3049-20","Milwaukee Wrench, M12, 3049-20",,,,,,,,,,,,,,,,,,,,,,,,,Wrench,,Wrench,,,,,,,,,,,,,,,,,,,,,,,,,,,,,,,,,,,,,,,,,,,,,,,,,,,,,,,,,,,,,,,,,,,,,,,,,,,,,,,,,,,,,,,,,,,,,,,,,,,,,,,,,,,,,,,,,,,,,,,,,,,,,,,,,,,,,,,,,,,,,,,,,,,,,,,,,,27111513,,,,,,,,,,,,,,,,,,,,,,,,,,,,,,,,,,,,,,,,,,,
,,,,,,,Tools,Hand Tools,Wrenches,,2563-20,"2563-20 Milw M12 Stubby 1/2"" Impact Wrench",,,,,Milwaukee Accessory,Milwaukee,Milwaukee,2563-20,,Tools > Hand Tools > Wrenches,"Milwaukee Wrench, M12, 2563-20",WRENCH,"Milwaukee Wrench, M12, 2563-20","Milwaukee Wrench, M12, Model 2563-20","Milwaukee Wrench, M12, 2563-20",,,,,,,,,,,,,,,,,,,,,,,,,Wrench,,Wrench,,,,,,,,,,,,,,,,,,,,,,,,,,,,,,,,,,,,,,,,,,,,,,,,,,,,,,,,,,,,,,,,,,,,,,,,,,,,,,,,,,,,,,,,,,,,,,,,,,,,,,,,,,,,,,,,,,,,,,,,,,,,,,,,,,,,,,,,,,,,,,,,,,,,,,,,,,27111513,,,,,,,,,,,,,,,,,,,,,,,,,,,,,,,,,,,,,,,,,,,
,,,,,,,Tools,Power Tools,Drills,,DCF961B,"Dewalt DCF961B 20V 1/2"" Impact - Bare Tool",,,,,Black & Decker/dewlt,DEWALT,DEWALT,DCF961B,,Tools > Power Tools > Drills,"DEWALT Power Drill, DCF961B, Voltage 20 V",POWER DRILL 20V,"DEWALT Power Drill, DCF961B","DEWALT Power Drill, Model DCF961B, Voltage 20 V","DEWALT Power Drill, DCF961B",,Voltage: 20 V,,,,,,,,,,,,,,,,,,,,,,,Power Drill,,Power Drill,Voltage,20,V,,,,,,,,,,,,,,,,,,,,,,,,,,,,,,,,,,,,,,,,,,,,,,,,,,,,,,,,,,,,,,,,,,,,,,,,,,,,,,,,,,,,,,,,,,,,,,,,,,,,,,,,,,,,,,,,,,,,,,,,,,,,,,,,,,,,,,,,,,,,,,,,,,,,,,,27112701,,,,,,,,,,,,,,,,,,,,,,,,,,,,,,,,,,,,,,,,,,,
,,,,,,,Tools,Hand Tools,Wrenches,,DCF964B,"DCF964B Dewalt 20V 3/4"" Impact - Wrench (Bare)",,,,,Black & Decker/dewlt,DEWALT,DEWALT,DCF964B,,Tools > Hand Tools > Wrenches,"DEWALT Wrench, DCF964B, Voltage 20 V",WRENCH 20V,"DEWALT Wrench, DCF964B","DEWALT Wrench, Model DCF964B, Voltage 20 V","DEWALT Wrench, DCF964B",,Voltage: 20 V,,,,,,,,,,,,,,,,,,,,,,,Wrench,,Wrench,Voltage,20,V,,,,,,,,,,,,,,,,,,,,,,,,,,,,,,,,,,,,,,,,,,,,,,,,,,,,,,,,,,,,,,,,,,,,,,,,,,,,,,,,,,,,,,,,,,,,,,,,,,,,,,,,,,,,,,,,,,,,,,,,,,,,,,,,,,,,,,,,,,,,,,,,,,,,,,,27111513,,,,,,,,,,,,,,,,,,,,,,,,,,,,,,,,,,,,,,,,,,,
,,,,,,,Tools,Hand Tools,Wrenches,,2563P-20,"2563P-20 Milw M12 1/2"" Stubby - Impact Wrench w/Pin Detent",,,,,Milwaukee Accessory,Milwaukee,Milwaukee,2563P-20,,Tools > Hand Tools > Wrenches,"Milwaukee Wrench, M12, 2563P-20",WRENCH,"Milwaukee Wrench, M12, 2563P-20","Milwaukee Wrench, M12, Model 2563P-20","Milwaukee Wrench, M12, 2563P-20",,,,,,,,,,,,,,,,,,,,,,,,,Wrench,,Wrench,,,,,,,,,,,,,,,,,,,,,,,,,,,,,,,,,,,,,,,,,,,,,,,,,,,,,,,,,,,,,,,,,,,,,,,,,,,,,,,,,,,,,,,,,,,,,,,,,,,,,,,,,,,,,,,,,,,,,,,,,,,,,,,,,,,,,,,,,,,,,,,,,,,,,,,,,,27111513,,,,,,,,,,,,,,,,,,,,,,,,,,,,,,,,,,,,,,,,,,,
,,,,,,,Tools,Power Tools,Drills,,DCF921P2,DCF921P2 Dewalt 20V 1/2 Impact,,,,,Black & Decker/dewlt,DEWALT,DEWALT,DCF921P2,,Tools > Power Tools > Drills,"DEWALT Power Drill, DCF921P2, Voltage 20 V",POWER DRILL 20V,"DEWALT Power Drill, DCF921P2","DEWALT Power Drill, Model DCF921P2, Voltage 20 V","DEWALT Power Drill, DCF921P2",,Voltage: 20 V,,,,,,,,,,,,,,,,,,,,,,,Power Drill,,Power Drill,Voltage,20,V,,,,,,,,,,,,,,,,,,,,,,,,,,,,,,,,,,,,,,,,,,,,,,,,,,,,,,,,,,,,,,,,,,,,,,,,,,,,,,,,,,,,,,,,,,,,,,,,,,,,,,,,,,,,,,,,,,,,,,,,,,,,,,,,,,,,,,,,,,,,,,,,,,,,,,,27112701,,,,,,,,,,,,,,,,,,,,,,,,,,,,,,,,,,,,,,,,,,,
,,,,,,,Tools,Power Tools,Drills,,XLT03Z,"XLT03Z Makita 3/8"" 18V Angle Impact",,,,,Makita Usa Inc,Makita,Makita,XLT03Z,,Tools > Power Tools > Drills,"Makita Power Drill, XLT03Z, Voltage 18 V",POWER DRILL 18V,"Makita Power Drill, XLT03Z","Makita Power Drill, Model XLT03Z, Voltage 18 V","Makita Power Drill, XLT03Z",,Voltage: 18 V,,,,,,,,,,,,,,,,,,,,,,,Power Drill,,Power Drill,Voltage,18,V,,,,,,,,,,,,,,,,,,,,,,,,,,,,,,,,,,,,,,,,,,,,,,,,,,,,,,,,,,,,,,,,,,,,,,,,,,,,,,,,,,,,,,,,,,,,,,,,,,,,,,,,,,,,,,,,,,,,,,,,,,,,,,,,,,,,,,,,,,,,,,,,,,,,,,,27112701,,,,,,,,,,,,,,,,,,,,,,,,,,,,,,,,,,,,,,,,,,,
,,,,,,,Tools,Power Tools,Drills,,XLT04Z,"XLT04Z Makita 1/4"" 18V Angle Impact",,,,,Makita Usa Inc,Makita,Makita,XLT04Z,,Tools > Power Tools > Drills,"Makita Power Drill, XLT04Z, Voltage 18 V",POWER DRILL 18V,"Makita Power Drill, XLT04Z","Makita Power Drill, Model XLT04Z, Voltage 18 V","Makita Power Drill, XLT04Z",,Voltage: 18 V,,,,,,,,,,,,,,,,,,,,,,,Power Drill,,Power Drill,Voltage,18,V,,,,,,,,,,,,,,,,,,,,,,,,,,,,,,,,,,,,,,,,,,,,,,,,,,,,,,,,,,,,,,,,,,,,,,,,,,,,,,,,,,,,,,,,,,,,,,,,,,,,,,,,,,,,,,,,,,,,,,,,,,,,,,,,,,,,,,,,,,,,,,,,,,,,,,,27112701,,,,,,,,,,,,,,,,,,,,,,,,,,,,,,,,,,,,,,,,,,,
,,,,,,,Tools,Power Tools,Drills,,XLT05Z,"XLT05Z Makita 1/2"" 18V Angle Impact",,,,,Makita Usa Inc,Makita,Makita,XLT05Z,,Tools > Power Tools > Drills,"Makita Power Drill, XLT05Z, Voltage 18 V",POWER DRILL 18V,"Makita Power Drill, XLT05Z","Makita Power Drill, Model XLT05Z, Voltage 18 V","Makita Power Drill, XLT05Z",,Voltage: 18 V,,,,,,,,,,,,,,,,,,,,,,,Power Drill,,Power Drill,Voltage,18,V,,,,,,,,,,,,,,,,,,,,,,,,,,,,,,,,,,,,,,,,,,,,,,,,,,,,,,,,,,,,,,,,,,,,,,,,,,,,,,,,,,,,,,,,,,,,,,,,,,,,,,,,,,,,,,,,,,,,,,,,,,,,,,,,,,,,,,,,,,,,,,,,,,,,,,,27112701,,,,,,,,,,,,,,,,,,,,,,,,,,,,,,,,,,,,,,,,,,,
,,,,,,,General Supplies,General,General,,DCF510B,Dewalt DCF510B 20V Rachet - Interchangeable Anvil,,,,,Black & Decker/dewlt,DEWALT,DEWALT,DCF510B,,General Supplies > General > General,"DEWALT Dewalt DCF510B 20V, DCF510B, Voltage 20 V",DEWALT DCF510B 20V 20V,"DEWALT Dewalt DCF510B 20V, DCF510B","DEWALT Dewalt DCF510B 20V, Model DCF510B, Voltage 20 V","DEWALT Dewalt DCF510B 20V, DCF510B",,Voltage: 20 V,,,,,,,,,,,,,,,,,,,,,,,Dewalt DCF510B 20V,,Dewalt DCF510B 20V,Voltage,20,V,,,,,,,,,,,,,,,,,,,,,,,,,,,,,,,,,,,,,,,,,,,,,,,,,,,,,,,,,,,,,,,,,,,,,,,,,,,,,,,,,,,,,,,,,,,,,,,,,,,,,,,,,,,,,,,,,,,,,,,,,,,,,,,,,,,,,,,,,,,,,,,,,,,,,,,,,,,,,,,,,,,,,,,,,,,,,,,,,,,,,,,,,,,,,,,,,,
,,,,,,,General Supplies,General,General,,3052-20,"3052-20 Milw M12 Fuel 1/4"" Rachet",,,,,Milwaukee Accessory,Milwaukee,Milwaukee,3052-20,,General Supplies > General > General,"Milwaukee Milw M12 Fuel, M12, 3052-20",MILW M12 FUEL,"Milwaukee Milw M12 Fuel, M12, 3052-20","Milwaukee Milw M12 Fuel, M12, Model 3052-20","Milwaukee Milw M12 Fuel, M12, 3052-20",,,,,,,,,,,,,,,,,,,,,,,,,Milw M12 Fuel,,Milw M12 Fuel,,,,,,,,,,,,,,,,,,,,,,,,,,,,,,,,,,,,,,,,,,,,,,,,,,,,,,,,,,,,,,,,,,,,,,,,,,,,,,,,,,,,,,,,,,,,,,,,,,,,,,,,,,,,,,,,,,,,,,,,,,,,,,,,,,,,,,,,,,,,,,,,,,,,,,,,,,,,,,,,,,,,,,,,,,,,,,,,,,,,,,,,,,,,,,,,,,,,,
,,,,,,,General Supplies,General,General,,3054-20,"3054-20 Milw M12 1/2"" Ratchet (Bare)",,,,,Milwaukee Accessory,Milwaukee,Milwaukee,3054-20,,General Supplies > General > General,"Milwaukee Milw M12 Ratchet, M12, 3054-20",MILW M12 RATCHET,"Milwaukee Milw M12 Ratchet, M12, 3054-20","Milwaukee Milw M12 Ratchet, M12, Model 3054-20","Milwaukee Milw M12 Ratchet, M12, 3054-20",,,,,,,,,,,,,,,,,,,,,,,,,Milw M12 Ratchet,,Milw M12 Ratchet,,,,,,,,,,,,,,,,,,,,,,,,,,,,,,,,,,,,,,,,,,,,,,,,,,,,,,,,,,,,,,,,,,,,,,,,,,,,,,,,,,,,,,,,,,,,,,,,,,,,,,,,,,,,,,,,,,,,,,,,,,,,,,,,,,,,,,,,,,,,,,,,,,,,,,,,,,,,,,,,,,,,,,,,,,,,,,,,,,,,,,,,,,,,,,,,,,,,,
,,,,,,,General Supplies,General,General,,DCF513EB,"DCF513EB Dewalt 3/8"" Open Head Rachet",,,,,Black & Decker/dewlt,DEWALT,DEWALT,DCF513EB,,General Supplies > General > General,"DEWALT DCF513EB Dewalt Open, DCF513EB",DCF513EB DEWALT OPEN,"DEWALT DCF513EB Dewalt Open, DCF513EB","DEWALT DCF513EB Dewalt Open, Model DCF513EB","DEWALT DCF513EB Dewalt Open, DCF513EB",,,,,,,,,,,,,,,,,,,,,,,,,DCF513EB Dewalt Open,,DCF513EB Dewalt Open,,,,,,,,,,,,,,,,,,,,,,,,,,,,,,,,,,,,,,,,,,,,,,,,,,,,,,,,,,,,,,,,,,,,,,,,,,,,,,,,,,,,,,,,,,,,,,,,,,,,,,,,,,,,,,,,,,,,,,,,,,,,,,,,,,,,,,,,,,,,,,,,,,,,,,,,,,,,,,,,,,,,,,,,,,,,,,,,,,,,,,,,,,,,,,,,,,,,,
,,,,,,,Tools,Power Tools,Sanders,,XVP01Z,"XVP01Z Makita 18V 3"" Polisher/ 2"" Sander",,,,,Makita Usa Inc,Makita,Makita,XVP01Z,,Tools > Power Tools > Sanders,"Makita Sander, XVP01Z, Voltage 18 V",SANDER 18V,"Makita Sander, XVP01Z","Makita Sander, Model XVP01Z, Voltage 18 V","Makita Sander, XVP01Z",,Voltage: 18 V,,,,,,,,,,,,,,,,,,,,,,,Sander,,Sander,Voltage,18,V,,,,,,,,,,,,,,,,,,,,,,,,,,,,,,,,,,,,,,,,,,,,,,,,,,,,,,,,,,,,,,,,,,,,,,,,,,,,,,,,,,,,,,,,,,,,,,,,,,,,,,,,,,,,,,,,,,,,,,,,,,,,,,,,,,,,,,,,,,,,,,,,,,,,,,,27112700,,,,,,,,,,,,,,,,,,,,,,,,,,,,,,,,,,,,,,,,,,,
,,,,,,,General Supplies,General,General,,DCM200B,DCM200B Dewalt 1/2in x 18in - Band File,,,,,Black & Decker/dewlt,DEWALT,DEWALT,DCM200B,,General Supplies > General > General,"DEWALT DCM200B Dewalt 1/2in, DCM200B, Width 2 in, Length 18 in",DCM200B DEWALT 1/2IN 2IN 18IN,"DEWALT DCM200B Dewalt 1/2in, DCM200B","DEWALT DCM200B Dewalt 1/2in, Model DCM200B, Width 2 in, Length 18 in","DEWALT DCM200B Dewalt 1/2in, DCM200B",,Width: 2 in,Length: 18 in,,,,,,,,,,,,,,,,,,,,,,DCM200B Dewalt 1/2in,,DCM200B Dewalt 1/2in,Width,2,in,Length,18,in,,,,,,,,,,,,,,,,,,,,,,,,,,,,,,,,,,,,,,,,,,,,,,,,,,,,,,,,,,,,,,,,,,,,,,,,,,,,,,,,,,,,,,,,,,,,,,,,,,,,,,,,,,,,,,,,,,,,,,,,,,,,,,,,,,,,,,,,,,,,,,,,,,,,,,,,,,,,,,,,,,,,,,,,,,,,,,,,,,,,,,,,,,,,,,,
,,,,,,,Tools,Power Tools,Grinders,,DCG410B,"DCG410B Dewalt 20V 4-1/2""-5"" - Angle Grinder (Bare)",,,,,Black & Decker/dewlt,DEWALT,DEWALT,DCG410B,,Tools > Power Tools > Grinders,"DEWALT Grinder, DCG410B, Voltage 20 V",GRINDER 20V,"DEWALT Grinder, DCG410B","DEWALT Grinder, Model DCG410B, Voltage 20 V","DEWALT Grinder, DCG410B",,Voltage: 20 V,,,,,,,,,,,,,,,,,,,,,,,Grinder,,Grinder,Voltage,20,V,,,,,,,,,,,,,,,,,,,,,,,,,,,,,,,,,,,,,,,,,,,,,,,,,,,,,,,,,,,,,,,,,,,,,,,,,,,,,,,,,,,,,,,,,,,,,,,,,,,,,,,,,,,,,,,,,,,,,,,,,,,,,,,,,,,,,,,,,,,,,,,,,,,,,,,27112700,,,,,,,,,,,,,,,,,,,,,,,,,,,,,,,,,,,,,,,,,,,
,,,,,,,Tools,Power Tools,Grinders,,DCG460B,"DCG460B Dewalt 60V Grinder - 7-9""",,,,,Black & Decker/dewlt,DEWALT,DEWALT,DCG460B,,Tools > Power Tools > Grinders,"DEWALT Grinder, DCG460B, Voltage 60 V",GRINDER 60V,"DEWALT Grinder, DCG460B","DEWALT Grinder, Model DCG460B, Voltage 60 V","DEWALT Grinder, DCG460B",,Voltage: 60 V,,,,,,,,,,,,,,,,,,,,,,,Grinder,,Grinder,Voltage,60,V,,,,,,,,,,,,,,,,,,,,,,,,,,,,,,,,,,,,,,,,,,,,,,,,,,,,,,,,,,,,,,,,,,,,,,,,,,,,,,,,,,,,,,,,,,,,,,,,,,,,,,,,,,,,,,,,,,,,,,,,,,,,,,,,,,,,,,,,,,,,,,,,,,,,,,,27112700,,,,,,,,,,,,,,,,,,,,,,,,,,,,,,,,,,,,,,,,,,,
,,,,,,,Tools,Power Tools,Grinders,,DCG402B,"DCG402B Dewalt 20V 4.5"" Angle Grinder (Bare)",,,,,Black & Decker/dewlt,DEWALT,DEWALT,DCG402B,,Tools > Power Tools > Grinders,"DEWALT Grinder, DCG402B, Voltage 20 V",GRINDER 20V,"DEWALT Grinder, DCG402B","DEWALT Grinder, Model DCG402B, Voltage 20 V","DEWALT Grinder, DCG402B",,Voltage: 20 V,,,,,,,,,,,,,,,,,,,,,,,Grinder,,Grinder,Voltage,20,V,,,,,,,,,,,,,,,,,,,,,,,,,,,,,,,,,,,,,,,,,,,,,,,,,,,,,,,,,,,,,,,,,,,,,,,,,,,,,,,,,,,,,,,,,,,,,,,,,,,,,,,,,,,,,,,,,,,,,,,,,,,,,,,,,,,,,,,,,,,,,,,,,,,,,,,27112700,,,,,,,,,,,,,,,,,,,,,,,,,,,,,,,,,,,,,,,,,,,
,,,,,,,Tools,Power Tools,Grinders,,3485-20,"3485-20 Milw M12 1/4"" Right Angle Die Grinder",,,,,Milwaukee Accessory,Milwaukee,Milwaukee,3485-20,,Tools > Power Tools > Grinders,"Milwaukee Grinder, M12, 3485-20",GRINDER,"Milwaukee Grinder, M12, 3485-20","Milwaukee Grinder, M12, Model 3485-20","Milwaukee Grinder, M12, 3485-20",,,,,,,,,,,,,,,,,,,,,,,,,Grinder,,Grinder,,,,,,,,,,,,,,,,,,,,,,,,,,,,,,,,,,,,,,,,,,,,,,,,,,,,,,,,,,,,,,,,,,,,,,,,,,,,,,,,,,,,,,,,,,,,,,,,,,,,,,,,,,,,,,,,,,,,,,,,,,,,,,,,,,,,,,,,,,,,,,,,,,,,,,,,,,27112700,,,,,,,,,,,,,,,,,,,,,,,,,,,,,,,,,,,,,,,,,,,
,,,,,,,Tools,Power Tools,Grinders,,DCG420B,DCG420B Dewalt 20V Die Grinder (Bare),,,,,Black & Decker/dewlt,DEWALT,DEWALT,DCG420B,,Tools > Power Tools > Grinders,"DEWALT Grinder, DCG420B, Voltage 20 V",GRINDER 20V,"DEWALT Grinder, DCG420B","DEWALT Grinder, Model DCG420B, Voltage 20 V","DEWALT Grinder, DCG420B",,Voltage: 20 V,,,,,,,,,,,,,,,,,,,,,,,Grinder,,Grinder,Voltage,20,V,,,,,,,,,,,,,,,,,,,,,,,,,,,,,,,,,,,,,,,,,,,,,,,,,,,,,,,,,,,,,,,,,,,,,,,,,,,,,,,,,,,,,,,,,,,,,,,,,,,,,,,,,,,,,,,,,,,,,,,,,,,,,,,,,,,,,,,,,,,,,,,,,,,,,,,27112700,,,,,,,,,,,,,,,,,,,,,,,,,,,,,,,,,,,,,,,,,,,
,,,,,,,Tools,Power Tools,Grinders,,DCG422B,DCG422B Dewalt 20V Right Angle Die Grinder (Bare),,,,,Black & Decker/dewlt,DEWALT,DEWALT,DCG422B,,Tools > Power Tools > Grinders,"DEWALT Grinder, DCG422B, Voltage 20 V",GRINDER 20V,"DEWALT Grinder, DCG422B","DEWALT Grinder, Model DCG422B, Voltage 20 V","DEWALT Grinder, DCG422B",,Voltage: 20 V,,,,,,,,,,,,,,,,,,,,,,,Grinder,,Grinder,Voltage,20,V,,,,,,,,,,,,,,,,,,,,,,,,,,,,,,,,,,,,,,,,,,,,,,,,,,,,,,,,,,,,,,,,,,,,,,,,,,,,,,,,,,,,,,,,,,,,,,,,,,,,,,,,,,,,,,,,,,,,,,,,,,,,,,,,,,,,,,,,,,,,,,,,,,,,,,,27112700,,,,,,,,,,,,,,,,,,,,,,,,,,,,,,,,,,,,,,,,,,,
,,,,,,,General Supplies,General,General,,924422,924422 Mafell Carpentry - Planing Machine ZH 320 Ec 120V,,,,,-,,,924422,,General Supplies > General > General,"Mafell Carpentry Planing, 924422, Voltage 120 V",MAFELL CARPENTRY PLANING 120V,"Mafell Carpentry Planing, 924422","Mafell Carpentry Planing, Model 924422, Voltage 120 V","Mafell Carpentry Planing, 924422",,Voltage: 120 V,,,,,,,,,,,,,,,,,,,,,,,Mafell Carpentry Planing,,Mafell Carpentry Planing,Voltage,120,V,,,,,,,,,,,,,,,,,,,,,,,,,,,,,,,,,,,,,,,,,,,,,,,,,,,,,,,,,,,,,,,,,,,,,,,,,,,,,,,,,,,,,,,,,,,,,,,,,,,,,,,,,,,,,,,,,,,,,,,,,,,,,,,,,,,,,,,,,,,,,,,,,,,,,,,,,,,,,,,,,,,,,,,,,,,,,,,,,,,,,,,,,,,,,,,,,,
,,,,,,,Tools,Power Tools,Routers,,DCW620B,DCW620B Dewalt 20V Plunge - Router,,,,,Black & Decker/dewlt,DEWALT,DEWALT,DCW620B,,Tools > Power Tools > Routers,"DEWALT Router, DCW620B, Voltage 20 V",ROUTER 20V,"DEWALT Router, DCW620B","DEWALT Router, Model DCW620B, Voltage 20 V","DEWALT Router, DCW620B",,Voltage: 20 V,,,,,,,,,,,,,,,,,,,,,,,Router,,Router,Voltage,20,V,,,,,,,,,,,,,,,,,,,,,,,,,,,,,,,,,,,,,,,,,,,,,,,,,,,,,,,,,,,,,,,,,,,,,,,,,,,,,,,,,,,,,,,,,,,,,,,,,,,,,,,,,,,,,,,,,,,,,,,,,,,,,,,,,,,,,,,,,,,,,,,,,,,,,,,27112700,,,,,,,,,,,,,,,,,,,,,,,,,,,,,,,,,,,,,,,,,,,
,,,,,,,Tools,Power Tools,Sanders,,2535-20,"2535-20 Milw 3"" Orbit Sander - M12",,,,,Milwaukee Accessory,Milwaukee,Milwaukee,2535-20,,Tools > Power Tools > Sanders,"Milwaukee Sander, M12, 2535-20",SANDER,"Milwaukee Sander, M12, 2535-20","Milwaukee Sander, M12, Model 2535-20","Milwaukee Sander, M12, 2535-20",,,,,,,,,,,,,,,,,,,,,,,,,Sander,,Sander,,,,,,,,,,,,,,,,,,,,,,,,,,,,,,,,,,,,,,,,,,,,,,,,,,,,,,,,,,,,,,,,,,,,,,,,,,,,,,,,,,,,,,,,,,,,,,,,,,,,,,,,,,,,,,,,,,,,,,,,,,,,,,,,,,,,,,,,,,,,,,,,,,,,,,,,,,27112700,,,,,,,,,,,,,,,,,,,,,,,,,,,,,,,,,,,,,,,,,,,
,,,,,,,Tools,Power Tools,Sanders,,2837-20,"2837-20 Milw M18 5"" Sander - Orbital (Bare)",,,,,Milwaukee Accessory,Milwaukee,Milwaukee,2837-20,,Tools > Power Tools > Sanders,"Milwaukee Sander, M18, 2837-20",SANDER,"Milwaukee Sander, M18, 2837-20","Milwaukee Sander, M18, Model 2837-20","Milwaukee Sander, M18, 2837-20",,,,,,,,,,,,,,,,,,,,,,,,,Sander,,Sander,,,,,,,,,,,,,,,,,,,,,,,,,,,,,,,,,,,,,,,,,,,,,,,,,,,,,,,,,,,,,,,,,,,,,,,,,,,,,,,,,,,,,,,,,,,,,,,,,,,,,,,,,,,,,,,,,,,,,,,,,,,,,,,,,,,,,,,,,,,,,,,,,,,,,,,,,,27112700,,,,,,,,,,,,,,,,,,,,,,,,,,,,,,,,,,,,,,,,,,,
,,,,,,,Tools,Power Tools,Sanders,,577728,577728 Festool Cordless Sander - ETSC 2 150 I-Plus,,,,,Festool USA,,,577728,,Tools > Power Tools > Sanders,"Sander, 577728",SANDER,"Sander, 577728","Sander, Model 577728","Sander, 577728",,,,,,,,,,,,,,,,,,,,,,,,,Sander,,Sander,,,,,,,,,,,,,,,,,,,,,,,,,,,,,,,,,,,,,,,,,,,,,,,,,,,,,,,,,,,,,,,,,,,,,,,,,,,,,,,,,,,,,,,,,,,,,,,,,,,,,,,,,,,,,,,,,,,,,,,,,,,,,,,,,,,,,,,,,,,,,,,,,,,,,,,,,,27112700,,,,,,,,,,,,,,,,,,,,,,,,,,,,,,,,,,,,,,,,,,,
,,,,,,,Tools,Power Tools,Sanders,,577738,577738 Festool Cordless Sander - ETSC 2 125 I-Plus,,,,,Festool USA,,,577738,,Tools > Power Tools > Sanders,"Sander, 577738",SANDER,"Sander, 577738","Sander, Model 577738","Sander, 577738",,,,,,,,,,,,,,,,,,,,,,,,,Sander,,Sander,,,,,,,,,,,,,,,,,,,,,,,,,,,,,,,,,,,,,,,,,,,,,,,,,,,,,,,,,,,,,,,,,,,,,,,,,,,,,,,,,,,,,,,,,,,,,,,,,,,,,,,,,,,,,,,,,,,,,,,,,,,,,,,,,,,,,,,,,,,,,,,,,,,,,,,,,,27112700,,,,,,,,,,,,,,,,,,,,,,,,,,,,,,,,,,,,,,,,,,,
,,,,,,,Tools,Power Tools,Sanders,,KPTRS500A,"KPTRS500A Kreg 20V Ionic 5"" Random Orbit Sander",,,,,Kreg Tool Company,,,KPTRS500A,,Tools > Power Tools > Sanders,"Sander, KPTRS500A, Voltage 20 V, Amperage 00 A",SANDER 20V 00A,"Sander, KPTRS500A","Sander, Model KPTRS500A, Voltage 20 V, Amperage 00 A","Sander, KPTRS500A",,Voltage: 20 V,Amperage: 00 A,,,,,,,,,,,,,,,,,,,,,,Sander,,Sander,Voltage,20,V,Amperage,00,A,,,,,,,,,,,,,,,,,,,,,,,,,,,,,,,,,,,,,,,,,,,,,,,,,,,,,,,,,,,,,,,,,,,,,,,,,,,,,,,,,,,,,,,,,,,,,,,,,,,,,,,,,,,,,,,,,,,,,,,,,,,,,,,,,,,,,,,,,,,,,,,,,,,,27112700,,,,,,,,,,,,,,,,,,,,,,,,,,,,,,,,,,,,,,,,,,,
,,,,,,,Tools,Hand Tools,Pliers,,24-35M-320,"24-35M-320 Iridium Grip - 3.2"" x 5.2"" Grip",,,,,Mirka Abrasives Inc,,,24-35M-320,,Tools > Hand Tools > Pliers,"Pliers, 24-35M-320, Width 2 in",PLIERS 2IN,"Pliers, 24-35M-320","Pliers, Model 24-35M-320, Width 2 in","Pliers, 24-35M-320",,Width: 2 in,,,,,,,,,,,,,,,,,,,,,,,Pliers,,Pliers,Width,2,in,,,,,,,,,,,,,,,,,,,,,,,,,,,,,,,,,,,,,,,,,,,,,,,,,,,,,,,,,,,,,,,,,,,,,,,,,,,,,,,,,,,,,,,,,,,,,,,,,,,,,,,,,,,,,,,,,,,,,,,,,,,,,,,,,,,,,,,,,,,,,,,,,,,,,,,27111504,,,,,,,,,,,,,,,,,,,,,,,,,,,,,,,,,,,,,,,,,,,
,,,,,,,Abrasives,Coated Abrasives,Sanding Sheets,,9A-129-120,9A-129-120 Abranet 3x4 - 50 Sheets/Box,,,,,Mirka Abrasives Inc,,,9A-129-120,,Abrasives > Coated Abrasives > Sanding Sheets,"Sanding Sheet, Abranet, 9A-129-120, Board Size 3x4, Amperage 9 A",SANDING SHEET 3X4 9A,"Sanding Sheet, Abranet, 9A-129-120","Sanding Sheet, Abranet, Model 9A-129-120, Board Size 3x4, Amperage 9 A","Sanding Sheet, Abranet, 9A-129-120",,Board Size: 3x4,Amperage: 9 A,,,,,,,,,,,,,,,,,,,,,,Sanding Sheet,,Sanding Sheet,Board Size,3x4,,Amperage,9,A,,,,,,,,,,,,,,,,,,,,,,,,,,,,,,,,,,,,,,,,,,,,,,,,,,,,,,,,,,,,,,,,,,,,,,,,,,,,,,,,,,,,,,,,,,,,,,,,,,,,,,,,,,,,,,,,,,,,,,,,,,,,,,,,,,,,,,,,,,,,,,,,,,,,23241406,,,,,,,,,,,,,,,,,,,,,,,,,,,,,,,,,,,,,,,,,,,
,,,,,,,General Supplies,General,General,,578800,578800 Festool 80x133 M GR PRO/10,,,,,Festool USA,,,578800,,General Supplies > General > General,"Festool 80x133 M, 578800, Board Size 80x133",FESTOOL 80X133 M 80X133,"Festool 80x133 M, 578800","Festool 80x133 M, Model 578800, Board Size 80x133","Festool 80x133 M, 578800",,Board Size: 80x133,,,,,,,,,,,,,,,,,,,,,,,Festool 80x133 M,,Festool 80x133 M,Board Size,80x133,,,,,,,,,,,,,,,,,,,,,,,,,,,,,,,,,,,,,,,,,,,,,,,,,,,,,,,,,,,,,,,,,,,,,,,,,,,,,,,,,,,,,,,,,,,,,,,,,,,,,,,,,,,,,,,,,,,,,,,,,,,,,,,,,,,,,,,,,,,,,,,,,,,,,,,,,,,,,,,,,,,,,,,,,,,,,,,,,,,,,,,,,,,,,,,,,,,
,,,,,,,General Supplies,General,General,,578801,578801 Festool 80x133 F GR PRO/10,,,,,Festool USA,,,578801,,General Supplies > General > General,"Festool 80x133 F, 578801, Board Size 80x133",FESTOOL 80X133 F 80X133,"Festool 80x133 F, 578801","Festool 80x133 F, Model 578801, Board Size 80x133","Festool 80x133 F, 578801",,Board Size: 80x133,,,,,,,,,,,,,,,,,,,,,,,Festool 80x133 F,,Festool 80x133 F,Board Size,80x133,,,,,,,,,,,,,,,,,,,,,,,,,,,,,,,,,,,,,,,,,,,,,,,,,,,,,,,,,,,,,,,,,,,,,,,,,,,,,,,,,,,,,,,,,,,,,,,,,,,,,,,,,,,,,,,,,,,,,,,,,,,,,,,,,,,,,,,,,,,,,,,,,,,,,,,,,,,,,,,,,,,,,,,,,,,,,,,,,,,,,,,,,,,,,,,,,,,
,,,,,,,General Supplies,General,General,,578802,578802 Festool 80x133 S GR PRO/10,,,,,Festool USA,,,578802,,General Supplies > General > General,"Festool 80x133 S, 578802, Board Size 80x133",FESTOOL 80X133 S 80X133,"Festool 80x133 S, 578802","Festool 80x133 S, Model 578802, Board Size 80x133","Festool 80x133 S, 578802",,Board Size: 80x133,,,,,,,,,,,,,,,,,,,,,,,Festool 80x133 S,,Festool 80x133 S,Board Size,80x133,,,,,,,,,,,,,,,,,,,,,,,,,,,,,,,,,,,,,,,,,,,,,,,,,,,,,,,,,,,,,,,,,,,,,,,,,,,,,,,,,,,,,,,,,,,,,,,,,,,,,,,,,,,,,,,,,,,,,,,,,,,,,,,,,,,,,,,,,,,,,,,,,,,,,,,,,,,,,,,,,,,,,,,,,,,,,,,,,,,,,,,,,,,,,,,,,,,
,,,,,,,General Supplies,General,General,,578808,578808 Festool 3x4 M GR PRO/10,,,,,Festool USA,,,578808,,General Supplies > General > General,"Festool 3x4 M, 578808, Board Size 3x4",FESTOOL 3X4 M 3X4,"Festool 3x4 M, 578808","Festool 3x4 M, Model 578808, Board Size 3x4","Festool 3x4 M, 578808",,Board Size: 3x4,,,,,,,,,,,,,,,,,,,,,,,Festool 3x4 M,,Festool 3x4 M,Board Size,3x4,,,,,,,,,,,,,,,,,,,,,,,,,,,,,,,,,,,,,,,,,,,,,,,,,,,,,,,,,,,,,,,,,,,,,,,,,,,,,,,,,,,,,,,,,,,,,,,,,,,,,,,,,,,,,,,,,,,,,,,,,,,,,,,,,,,,,,,,,,,,,,,,,,,,,,,,,,,,,,,,,,,,,,,,,,,,,,,,,,,,,,,,,,,,,,,,,,,
,,,,,,,General Supplies,General,General,,578809,578809 Festool 3x4 F GR PRO/10,,,,,Festool USA,,,578809,,General Supplies > General > General,"Festool 3x4 F, 578809, Board Size 3x4",FESTOOL 3X4 F 3X4,"Festool 3x4 F, 578809","Festool 3x4 F, Model 578809, Board Size 3x4","Festool 3x4 F, 578809",,Board Size: 3x4,,,,,,,,,,,,,,,,,,,,,,,Festool 3x4 F,,Festool 3x4 F,Board Size,3x4,,,,,,,,,,,,,,,,,,,,,,,,,,,,,,,,,,,,,,,,,,,,,,,,,,,,,,,,,,,,,,,,,,,,,,,,,,,,,,,,,,,,,,,,,,,,,,,,,,,,,,,,,,,,,,,,,,,,,,,,,,,,,,,,,,,,,,,,,,,,,,,,,,,,,,,,,,,,,,,,,,,,,,,,,,,,,,,,,,,,,,,,,,,,,,,,,,,
,,,,,,,General Supplies,General,General,,578810,578810 Festool 3x4 S GR PRO/10,,,,,Festool USA,,,578810,,General Supplies > General > General,"Festool 3x4 S, 578810, Board Size 3x4",FESTOOL 3X4 S 3X4,"Festool 3x4 S, 578810","Festool 3x4 S, Model 578810, Board Size 3x4","Festool 3x4 S, 578810",,Board Size: 3x4,,,,,,,,,,,,,,,,,,,,,,,Festool 3x4 S,,Festool 3x4 S,Board Size,3x4,,,,,,,,,,,,,,,,,,,,,,,,,,,,,,,,,,,,,,,,,,,,,,,,,,,,,,,,,,,,,,,,,,,,,,,,,,,,,,,,,,,,,,,,,,,,,,,,,,,,,,,,,,,,,,,,,,,,,,,,,,,,,,,,,,,,,,,,,,,,,,,,,,,,,,,,,,,,,,,,,,,,,,,,,,,,,,,,,,,,,,,,,,,,,,,,,,,
,,,,,,,General Supplies,General,General,,578811,578811 Festool 3x4 GR PRO/10-Set,,,,,Festool USA,,,578811,,General Supplies > General > General,"Festool 3x4 GR, 578811, Board Size 3x4",FESTOOL 3X4 GR 3X4,"Festool 3x4 GR, 578811","Festool 3x4 GR, Model 578811, Board Size 3x4","Festool 3x4 GR, 578811",,Board Size: 3x4,,,,,,,,,,,,,,,,,,,,,,,Festool 3x4 GR,,Festool 3x4 GR,Board Size,3x4,,,,,,,,,,,,,,,,,,,,,,,,,,,,,,,,,,,,,,,,,,,,,,,,,,,,,,,,,,,,,,,,,,,,,,,,,,,,,,,,,,,,,,,,,,,,,,,,,,,,,,,,,,,,,,,,,,,,,,,,,,,,,,,,,,,,,,,,,,,,,,,,,,,,,,,,,,,,,,,,,,,,,,,,,,,,,,,,,,,,,,,,,,,,,,,,,,,
,,,,,,,General Supplies,General,General,,578192,578192 Festool D 150 GR SYS - Systainer Abrasive Set,,,,,Festool USA,,,578192,,General Supplies > General > General,"Festool D GR, 578192",FESTOOL D GR,"Festool D GR, 578192","Festool D GR, Model 578192","Festool D GR, 578192",,,,,,,,,,,,,,,,,,,,,,,,,Festool D GR,,Festool D GR,,,,,,,,,,,,,,,,,,,,,,,,,,,,,,,,,,,,,,,,,,,,,,,,,,,,,,,,,,,,,,,,,,,,,,,,,,,,,,,,,,,,,,,,,,,,,,,,,,,,,,,,,,,,,,,,,,,,,,,,,,,,,,,,,,,,,,,,,,,,,,,,,,,,,,,,,,,,,,,,,,,,,,,,,,,,,,,,,,,,,,,,,,,,,,,,,,,,,
,,,,,,,General Supplies,General,General,,578806,578806 Festool Delta S GR PRO/10,,,,,Festool USA,,,578806,,General Supplies > General > General,"Festool Delta S, 578806",FESTOOL DELTA S,"Festool Delta S, 578806","Festool Delta S, Model 578806","Festool Delta S, 578806",,,,,,,,,,,,,,,,,,,,,,,,,Festool Delta S,,Festool Delta S,,,,,,,,,,,,,,,,,,,,,,,,,,,,,,,,,,,,,,,,,,,,,,,,,,,,,,,,,,,,,,,,,,,,,,,,,,,,,,,,,,,,,,,,,,,,,,,,,,,,,,,,,,,,,,,,,,,,,,,,,,,,,,,,,,,,,,,,,,,,,,,,,,,,,,,,,,,,,,,,,,,,,,,,,,,,,,,,,,,,,,,,,,,,,,,,,,,,,
,,,,,,,Tools,Cutting Tools,Saw Blades,,D0860X,"D0860X Diablo 8-1/4"" 60 Tooth - Fine Finish Saw Blade",,,,,Freud Inc,Diablo,Diablo,D0860X,,Tools > Cutting Tools > Saw Blades,"Diablo Saw Blade, D0860X, Teeth 60",SAW BLADE 60,"Diablo Saw Blade, D0860X","Diablo Saw Blade, Model D0860X, Teeth 60","Diablo Saw Blade, D0860X",,Teeth: 60,,,,,,,,,,,,,,,,,,,,,,,Saw Blade,,Saw Blade,Teeth,60,,,,,,,,,,,,,,,,,,,,,,,,,,,,,,,,,,,,,,,,,,,,,,,,,,,,,,,,,,,,,,,,,,,,,,,,,,,,,,,,,,,,,,,,,,,,,,,,,,,,,,,,,,,,,,,,,,,,,,,,,,,,,,,,,,,,,,,,,,,,,,,,,,,,,,,,27112004,,,,,,,,,,,,,,,,,,,,,,,,,,,,,,,,,,,,,,,,,,,
,,,,,,,Tools,Cutting Tools,Saw Blades,,48-40-0740,48-40-0740 Milw 7-1/4in. 24T - Framing Circ Saw Blade,,,,,Milwaukee Accessory,Milwaukee,Milwaukee,48-40-0740,,Tools > Cutting Tools > Saw Blades,"Milwaukee Saw Blade, 48-40-0740, Teeth 24",SAW BLADE 24,"Milwaukee Saw Blade, 48-40-0740","Milwaukee Saw Blade, Model 48-40-0740, Teeth 24","Milwaukee Saw Blade, 48-40-0740",,Teeth: 24,,,,,,,,,,,,,,,,,,,,,,,Saw Blade,,Saw Blade,Teeth,24,,,,,,,,,,,,,,,,,,,,,,,,,,,,,,,,,,,,,,,,,,,,,,,,,,,,,,,,,,,,,,,,,,,,,,,,,,,,,,,,,,,,,,,,,,,,,,,,,,,,,,,,,,,,,,,,,,,,,,,,,,,,,,,,,,,,,,,,,,,,,,,,,,,,,,,,27112004,,,,,,,,,,,,,,,,,,,,,,,,,,,,,,,,,,,,,,,,,,,
,,,,,,,Tools,Cutting Tools,Saw Blades,,48-41-0740,48-41-0740 Milw7-1/4 24TFrming - Blade,,,,,Milwaukee Accessory,Milwaukee,Milwaukee,48-41-0740,,Tools > Cutting Tools > Saw Blades,"Milwaukee Saw Blade, 48-41-0740",SAW BLADE,"Milwaukee Saw Blade, 48-41-0740","Milwaukee Saw Blade, Model 48-41-0740","Milwaukee Saw Blade, 48-41-0740",,,,,,,,,,,,,,,,,,,,,,,,,Saw Blade,,Saw Blade,,,,,,,,,,,,,,,,,,,,,,,,,,,,,,,,,,,,,,,,,,,,,,,,,,,,,,,,,,,,,,,,,,,,,,,,,,,,,,,,,,,,,,,,,,,,,,,,,,,,,,,,,,,,,,,,,,,,,,,,,,,,,,,,,,,,,,,,,,,,,,,,,,,,,,,,,,27112004,,,,,,,,,,,,,,,,,,,,,,,,,,,,,,,,,,,,,,,,,,,
,,,,,,,Tools,Cutting Tools,Saw Blades,,A-96095,"A-96095 Makita 5-7/8"" 32T Saw Blade",,,,,Makita Usa Inc,Makita,Makita,A-96095,,Tools > Cutting Tools > Saw Blades,"Makita Saw Blade, A-96095, Teeth 32",SAW BLADE 32,"Makita Saw Blade, A-96095","Makita Saw Blade, Model A-96095, Teeth 32","Makita Saw Blade, A-96095",,Teeth: 32,,,,,,,,,,,,,,,,,,,,,,,Saw Blade,,Saw Blade,Teeth,32,,,,,,,,,,,,,,,,,,,,,,,,,,,,,,,,,,,,,,,,,,,,,,,,,,,,,,,,,,,,,,,,,,,,,,,,,,,,,,,,,,,,,,,,,,,,,,,,,,,,,,,,,,,,,,,,,,,,,,,,,,,,,,,,,,,,,,,,,,,,,,,,,,,,,,,,27112004,,,,,,,,,,,,,,,,,,,,,,,,,,,,,,,,,,,,,,,,,,,
,,,,,,,Tools,Cutting Tools,Saw Blades,,D0760UX,"D0760UX Diablo 7-1/4"" 60T Circ - Saw Blade",,,,,Freud Inc,Diablo,Diablo,D0760UX,,Tools > Cutting Tools > Saw Blades,"Diablo Saw Blade, D0760UX, Teeth 60",SAW BLADE 60,"Diablo Saw Blade, D0760UX","Diablo Saw Blade, Model D0760UX, Teeth 60","Diablo Saw Blade, D0760UX",,Teeth: 60,,,,,,,,,,,,,,,,,,,,,,,Saw Blade,,Saw Blade,Teeth,60,,,,,,,,,,,,,,,,,,,,,,,,,,,,,,,,,,,,,,,,,,,,,,,,,,,,,,,,,,,,,,,,,,,,,,,,,,,,,,,,,,,,,,,,,,,,,,,,,,,,,,,,,,,,,,,,,,,,,,,,,,,,,,,,,,,,,,,,,,,,,,,,,,,,,,,,27112004,,,,,,,,,,,,,,,,,,,,,,,,,,,,,,,,,,,,,,,,,,,
,,,,,,,General Supplies,General,General,,230.312.08,230.312.08 CMT Locked Dado Pro Set,,,,,CMT USA Inc,,,230.312.08,,General Supplies > General > General,"CMT Locked Dado, 230.312.08",CMT LOCKED DADO,"CMT Locked Dado, 230.312.08","CMT Locked Dado, Model 230.312.08","CMT Locked Dado, 230.312.08",,,,,,,,,,,,,,,,,,,,,,,,,CMT Locked Dado,,CMT Locked Dado,,,,,,,,,,,,,,,,,,,,,,,,,,,,,,,,,,,,,,,,,,,,,,,,,,,,,,,,,,,,,,,,,,,,,,,,,,,,,,,,,,,,,,,,,,,,,,,,,,,,,,,,,,,,,,,,,,,,,,,,,,,,,,,,,,,,,,,,,,,,,,,,,,,,,,,,,,,,,,,,,,,,,,,,,,,,,,,,,,,,,,,,,,,,,,,,,,,,,
,,,,,,,Tools,Cutting Tools,Saw Blades,,D0708LF,"D0708LF Saw Blade 7-1/4""x8 - Laminate & Wood Flooring",,,,,Freud Inc,Diablo,Diablo,D0708LF,,Tools > Cutting Tools > Saw Blades,"Diablo Saw Blade, D0708LF, Width 7-1/4 in",SAW BLADE 7-1/4IN,"Diablo Saw Blade, D0708LF","Diablo Saw Blade, Model D0708LF, Width 7-1/4 in","Diablo Saw Blade, D0708LF",,Width: 7-1/4 in,,,,,,,,,,,,,,,,,,,,,,,Saw Blade,,Saw Blade,Width,7-1/4,in,,,,,,,,,,,,,,,,,,,,,,,,,,,,,,,,,,,,,,,,,,,,,,,,,,,,,,,,,,,,,,,,,,,,,,,,,,,,,,,,,,,,,,,,,,,,,,,,,,,,,,,,,,,,,,,,,,,,,,,,,,,,,,,,,,,,,,,,,,,,,,,,,,,,,,,27112004,,,,,,,,,,,,,,,,,,,,,,,,,,,,,,,,,,,,,,,,,,,
,,,,,,,Tools,Cutting Tools,Saw Blades,,D1012LF,"D1012LF Saw Blade 10""x12Teeth - Laminate & Wood Flooring",,,,,Freud Inc,Diablo,Diablo,D1012LF,,Tools > Cutting Tools > Saw Blades,"Diablo Saw Blade, D1012LF, Width 10 in, Teeth 12",SAW BLADE 10IN 12,"Diablo Saw Blade, D1012LF","Diablo Saw Blade, Model D1012LF, Width 10 in, Teeth 12","Diablo Saw Blade, D1012LF",,Width: 10 in,Teeth: 12,,,,,,,,,,,,,,,,,,,,,,Saw Blade,,Saw Blade,Width,10,in,Teeth,12,,,,,,,,,,,,,,,,,,,,,,,,,,,,,,,,,,,,,,,,,,,,,,,,,,,,,,,,,,,,,,,,,,,,,,,,,,,,,,,,,,,,,,,,,,,,,,,,,,,,,,,,,,,,,,,,,,,,,,,,,,,,,,,,,,,,,,,,,,,,,,,,,,,,,27112004,,,,,,,,,,,,,,,,,,,,,,,,,,,,,,,,,,,,,,,,,,,
,,,,,,,Tools,Cutting Tools,Saw Blades,,D1216LF,"D1216LF Saw Blade 12""x16Teeth - Laminate & Wood Flooring",,,,,Freud Inc,Diablo,Diablo,D1216LF,,Tools > Cutting Tools > Saw Blades,"Diablo Saw Blade, D1216LF, Width 12 in, Teeth 16",SAW BLADE 12IN 16,"Diablo Saw Blade, D1216LF","Diablo Saw Blade, Model D1216LF, Width 12 in, Teeth 16","Diablo Saw Blade, D1216LF",,Width: 12 in,Teeth: 16,,,,,,,,,,,,,,,,,,,,,,Saw Blade,,Saw Blade,Width,12,in,Teeth,16,,,,,,,,,,,,,,,,,,,,,,,,,,,,,,,,,,,,,,,,,,,,,,,,,,,,,,,,,,,,,,,,,,,,,,,,,,,,,,,,,,,,,,,,,,,,,,,,,,,,,,,,,,,,,,,,,,,,,,,,,,,,,,,,,,,,,,,,,,,,,,,,,,,,,27112004,,,,,,,,,,,,,,,,,,,,,,,,,,,,,,,,,,,,,,,,,,,
,,,,,,,Tools,Cutting Tools,Saw Blades,,DWA47421,"DWA47421 Dewalt 14"" Segmented - Rim Diamond Blade",,,,,Black & Decker/dewlt,DEWALT,DEWALT,DWA47421,,Tools > Cutting Tools > Saw Blades,"DEWALT Saw Blade, DWA47421",SAW BLADE,"DEWALT Saw Blade, DWA47421","DEWALT Saw Blade, Model DWA47421","DEWALT Saw Blade, DWA47421",,,,,,,,,,,,,,,,,,,,,,,,,Saw Blade,,Saw Blade,,,,,,,,,,,,,,,,,,,,,,,,,,,,,,,,,,,,,,,,,,,,,,,,,,,,,,,,,,,,,,,,,,,,,,,,,,,,,,,,,,,,,,,,,,,,,,,,,,,,,,,,,,,,,,,,,,,,,,,,,,,,,,,,,,,,,,,,,,,,,,,,,,,,,,,,,,27112004,,,,,,,,,,,,,,,,,,,,,,,,,,,,,,,,,,,,,,,,,,,
,,,,,,,Tools,Cutting Tools,Saw Blades,,DWA4769,"DWA4769 Dewalt Rim Glass Tile - Blade 10""",,,,,Black & Decker/dewlt,DEWALT,DEWALT,DWA4769,,Tools > Cutting Tools > Saw Blades,"DEWALT Saw Blade, DWA4769",SAW BLADE,"DEWALT Saw Blade, DWA4769","DEWALT Saw Blade, Model DWA4769","DEWALT Saw Blade, DWA4769",,,,,,,,,,,,,,,,,,,,,,,,,Saw Blade,,Saw Blade,,,,,,,,,,,,,,,,,,,,,,,,,,,,,,,,,,,,,,,,,,,,,,,,,,,,,,,,,,,,,,,,,,,,,,,,,,,,,,,,,,,,,,,,,,,,,,,,,,,,,,,,,,,,,,,,,,,,,,,,,,,,,,,,,,,,,,,,,,,,,,,,,,,,,,,,,,27112004,,,,,,,,,,,,,,,,,,,,,,,,,,,,,,,,,,,,,,,,,,,
,,,,,,,Tools,Cutting Tools,Saw Blades,,49-93-9204,"49-93-9204 Milw 4-1/2"" Diamond - Tile Blade",,,,,Milwaukee Accessory,Milwaukee,Milwaukee,49-93-9204,,Tools > Cutting Tools > Saw Blades,"Milwaukee Saw Blade, 49-93-9204, Diameter 4-1/2 in",SAW BLADE 4-1/2IN,"Milwaukee Saw Blade, 49-93-9204","Milwaukee Saw Blade, Model 49-93-9204, Diameter 4-1/2 in","Milwaukee Saw Blade, 49-93-9204",,Diameter: 4-1/2 in,,,,,,,,,,,,,,,,,,,,,,,Saw Blade,,Saw Blade,Diameter,4-1/2,in,,,,,,,,,,,,,,,,,,,,,,,,,,,,,,,,,,,,,,,,,,,,,,,,,,,,,,,,,,,,,,,,,,,,,,,,,,,,,,,,,,,,,,,,,,,,,,,,,,,,,,,,,,,,,,,,,,,,,,,,,,,,,,,,,,,,,,,,,,,,,,,,,,,,,,,27112004,,,,,,,,,,,,,,,,,,,,,,,,,,,,,,,,,,,,,,,,,,,
,,,,,,,Tools,Cutting Tools,Saw Blades,,49-93-9207,"49-93-9207 Milw 7"" Diamond - Tile Blade",,,,,Milwaukee Accessory,Milwaukee,Milwaukee,49-93-9207,,Tools > Cutting Tools > Saw Blades,"Milwaukee Saw Blade, 49-93-9207, Diameter 7 in",SAW BLADE 7IN,"Milwaukee Saw Blade, 49-93-9207","Milwaukee Saw Blade, Model 49-93-9207, Diameter 7 in","Milwaukee Saw Blade, 49-93-9207",,Diameter: 7 in,,,,,,,,,,,,,,,,,,,,,,,Saw Blade,,Saw Blade,Diameter,7,in,,,,,,,,,,,,,,,,,,,,,,,,,,,,,,,,,,,,,,,,,,,,,,,,,,,,,,,,,,,,,,,,,,,,,,,,,,,,,,,,,,,,,,,,,,,,,,,,,,,,,,,,,,,,,,,,,,,,,,,,,,,,,,,,,,,,,,,,,,,,,,,,,,,,,,,27112004,,,,,,,,,,,,,,,,,,,,,,,,,,,,,,,,,,,,,,,,,,,
,,,,,,,Tools,Cutting Tools,Saw Blades,,49-93-9210,"49-93-9210 Milw 10"" Diamond - Tile Blade",,,,,Milwaukee Accessory,Milwaukee,Milwaukee,49-93-9210,,Tools > Cutting Tools > Saw Blades,"Milwaukee Saw Blade, 49-93-9210, Diameter 10 in",SAW BLADE 10IN,"Milwaukee Saw Blade, 49-93-9210","Milwaukee Saw Blade, Model 49-93-9210, Diameter 10 in","Milwaukee Saw Blade, 49-93-9210",,Diameter: 10 in,,,,,,,,,,,,,,,,,,,,,,,Saw Blade,,Saw Blade,Diameter,10,in,,,,,,,,,,,,,,,,,,,,,,,,,,,,,,,,,,,,,,,,,,,,,,,,,,,,,,,,,,,,,,,,,,,,,,,,,,,,,,,,,,,,,,,,,,,,,,,,,,,,,,,,,,,,,,,,,,,,,,,,,,,,,,,,,,,,,,,,,,,,,,,,,,,,,,,27112004,,,,,,,,,,,,,,,,,,,,,,,,,,,,,,,,,,,,,,,,,,,
,,,,,,,Tools,Cutting Tools,Saw Blades,,49-93-9202,"49-93-9202 Milw 4"" Diamond - Tile Blade",,,,,Milwaukee Accessory,Milwaukee,Milwaukee,49-93-9202,,Tools > Cutting Tools > Saw Blades,"Milwaukee Saw Blade, 49-93-9202, Diameter 4 in",SAW BLADE 4IN,"Milwaukee Saw Blade, 49-93-9202","Milwaukee Saw Blade, Model 49-93-9202, Diameter 4 in","Milwaukee Saw Blade, 49-93-9202",,Diameter: 4 in,,,,,,,,,,,,,,,,,,,,,,,Saw Blade,,Saw Blade,Diameter,4,in,,,,,,,,,,,,,,,,,,,,,,,,,,,,,,,,,,,,,,,,,,,,,,,,,,,,,,,,,,,,,,,,,,,,,,,,,,,,,,,,,,,,,,,,,,,,,,,,,,,,,,,,,,,,,,,,,,,,,,,,,,,,,,,,,,,,,,,,,,,,,,,,,,,,,,,27112004,,,,,,,,,,,,,,,,,,,,,,,,,,,,,,,,,,,,,,,,,,,
,,,,,,,Tools,Cutting Tools,Saw Blades,,49-93-9205,"49-93-9205 Milw 5"" Diamond - Tile Blade",,,,,Milwaukee Accessory,Milwaukee,Milwaukee,49-93-9205,,Tools > Cutting Tools > Saw Blades,"Milwaukee Saw Blade, 49-93-9205, Diameter 5 in",SAW BLADE 5IN,"Milwaukee Saw Blade, 49-93-9205","Milwaukee Saw Blade, Model 49-93-9205, Diameter 5 in","Milwaukee Saw Blade, 49-93-9205",,Diameter: 5 in,,,,,,,,,,,,,,,,,,,,,,,Saw Blade,,Saw Blade,Diameter,5,in,,,,,,,,,,,,,,,,,,,,,,,,,,,,,,,,,,,,,,,,,,,,,,,,,,,,,,,,,,,,,,,,,,,,,,,,,,,,,,,,,,,,,,,,,,,,,,,,,,,,,,,,,,,,,,,,,,,,,,,,,,,,,,,,,,,,,,,,,,,,,,,,,,,,,,,27112004,,,,,,,,,,,,,,,,,,,,,,,,,,,,,,,,,,,,,,,,,,,
,,,,,,,General Supplies,General,General,,49-22-4702,49-22-4702 Milw 13pc Quik-Lock Hole Dozer Kit,,,,,Milwaukee Accessory,Milwaukee,Milwaukee,49-22-4702,,General Supplies > General > General,"Milwaukee Milw 13pc Quik-Lock, 49-22-4702, Pack Quantity 13",MILW 13PC QUIK-LOCK 13,"Milwaukee Milw 13pc Quik-Lock, 49-22-4702","Milwaukee Milw 13pc Quik-Lock, Model 49-22-4702, Pack Quantity 13","Milwaukee Milw 13pc Quik-Lock, 49-22-4702",,Pack Quantity: 13,,,,,,,,,,,,,,,,,,,,,,,Milw 13pc Quik-Lock,,Milw 13pc Quik-Lock,Pack Quantity,13,,,,,,,,,,,,,,,,,,,,,,,,,,,,,,,,,,,,,,,,,,,,,,,,,,,,,,,,,,,,,,,,,,,,,,,,,,,,,,,,,,,,,,,,,,,,,,,,,,,,,,,,,,,,,,,,,,,,,,,,,,,,,,,,,,,,,,,,,,,,,,,,,,,,,,,,,,,,,,,,,,,,,,,,,,,,,,,,,,,,,,,,,,,,,,,,,,,
,,,,,,,Tools,Cutting Tools,Saw Blades,,DJT155HHM,"DJT155HHM Diablo 3-3/5"" 10 TPI - Jig Saw Blade",,,,,Freud Inc,Diablo,Diablo,DJT155HHM,,Tools > Cutting Tools > Saw Blades,"Diablo Saw Blade, DJT155HHM",SAW BLADE,"Diablo Saw Blade, DJT155HHM","Diablo Saw Blade, Model DJT155HHM","Diablo Saw Blade, DJT155HHM",,,,,,,,,,,,,,,,,,,,,,,,,Saw Blade,,Saw Blade,,,,,,,,,,,,,,,,,,,,,,,,,,,,,,,,,,,,,,,,,,,,,,,,,,,,,,,,,,,,,,,,,,,,,,,,,,,,,,,,,,,,,,,,,,,,,,,,,,,,,,,,,,,,,,,,,,,,,,,,,,,,,,,,,,,,,,,,,,,,,,,,,,,,,,,,,,27112004,,,,,,,,,,,,,,,,,,,,,,,,,,,,,,,,,,,,,,,,,,,
,,,,,,,Tools,Cutting Tools,Saw Blades,,790.82,790.820 CMT Planer Blade 2pc,,,,,CMT USA Inc,,,790.82,,Tools > Cutting Tools > Saw Blades,"Saw Blade, 790.82, Pack Quantity 2",SAW BLADE 2,"Saw Blade, 790.82","Saw Blade, Model 790.82, Pack Quantity 2","Saw Blade, 790.82",,Pack Quantity: 2,,,,,,,,,,,,,,,,,,,,,,,Saw Blade,,Saw Blade,Pack Quantity,2,,,,,,,,,,,,,,,,,,,,,,,,,,,,,,,,,,,,,,,,,,,,,,,,,,,,,,,,,,,,,,,,,,,,,,,,,,,,,,,,,,,,,,,,,,,,,,,,,,,,,,,,,,,,,,,,,,,,,,,,,,,,,,,,,,,,,,,,,,,,,,,,,,,,,,,,27112004,,,,,,,,,,,,,,,,,,,,,,,,,,,,,,,,,,,,,,,,,,,
,,,,,,,General Supplies,General,General,,794.321,794.321 HS Planer Knives 3pc,,,,,CMT USA Inc,,,794.321,,General Supplies > General > General,"HS Planer Knives, 794.321, Pack Quantity 3",HS PLANER KNIVES 3,"HS Planer Knives, 794.321","HS Planer Knives, Model 794.321, Pack Quantity 3","HS Planer Knives, 794.321",,Pack Quantity: 3,,,,,,,,,,,,,,,,,,,,,,,HS Planer Knives,,HS Planer Knives,Pack Quantity,3,,,,,,,,,,,,,,,,,,,,,,,,,,,,,,,,,,,,,,,,,,,,,,,,,,,,,,,,,,,,,,,,,,,,,,,,,,,,,,,,,,,,,,,,,,,,,,,,,,,,,,,,,,,,,,,,,,,,,,,,,,,,,,,,,,,,,,,,,,,,,,,,,,,,,,,,,,,,,,,,,,,,,,,,,,,,,,,,,,,,,,,,,,,,,,,,,,,
,,,,,,,Tools,Cutting Tools,Saw Blades,,49-22-5641,49-22-5641 Milw Packout 15pc - Sawzall Blade Kit,,,,,Milwaukee Accessory,Milwaukee,Milwaukee,49-22-5641,,Tools > Cutting Tools > Saw Blades,"Milwaukee Saw Blade, 49-22-5641, Pack Quantity 15",SAW BLADE 15,"Milwaukee Saw Blade, 49-22-5641","Milwaukee Saw Blade, Model 49-22-5641, Pack Quantity 15","Milwaukee Saw Blade, 49-22-5641",,Pack Quantity: 15,,,,,,,,,,,,,,,,,,,,,,,Saw Blade,,Saw Blade,Pack Quantity,15,,,,,,,,,,,,,,,,,,,,,,,,,,,,,,,,,,,,,,,,,,,,,,,,,,,,,,,,,,,,,,,,,,,,,,,,,,,,,,,,,,,,,,,,,,,,,,,,,,,,,,,,,,,,,,,,,,,,,,,,,,,,,,,,,,,,,,,,,,,,,,,,,,,,,,,,27112004,,,,,,,,,,,,,,,,,,,,,,,,,,,,,,,,,,,,,,,,,,,
,,,,,,,Tools,Cutting Tools,Saw Blades,,D0604TSH,"D0604TSH Diablo 6-1/2"" 4-Tooth - Cement Track Saw Blade",,,,,Freud Inc,Diablo,Diablo,D0604TSH,,Tools > Cutting Tools > Saw Blades,"Diablo Saw Blade, D0604TSH",SAW BLADE,"Diablo Saw Blade, D0604TSH","Diablo Saw Blade, Model D0604TSH","Diablo Saw Blade, D0604TSH",,,,,,,,,,,,,,,,,,,,,,,,,Saw Blade,,Saw Blade,,,,,,,,,,,,,,,,,,,,,,,,,,,,,,,,,,,,,,,,,,,,,,,,,,,,,,,,,,,,,,,,,,,,,,,,,,,,,,,,,,,,,,,,,,,,,,,,,,,,,,,,,,,,,,,,,,,,,,,,,,,,,,,,,,,,,,,,,,,,,,,,,,,,,,,,,,27112004,,,,,,,,,,,,,,,,,,,,,,,,,,,,,,,,,,,,,,,,,,,
,,,,,,,Tools,Cutting Tools,Saw Blades,,D0620TSR,"D0620TSR Diablo 6-1/2""20 Tooth - Framing Saw Blade",,,,,Freud Inc,Diablo,Diablo,D0620TSR,,Tools > Cutting Tools > Saw Blades,"Diablo Saw Blade, D0620TSR, Teeth 20",SAW BLADE 20,"Diablo Saw Blade, D0620TSR","Diablo Saw Blade, Model D0620TSR, Teeth 20","Diablo Saw Blade, D0620TSR",,Teeth: 20,,,,,,,,,,,,,,,,,,,,,,,Saw Blade,,Saw Blade,Teeth,20,,,,,,,,,,,,,,,,,,,,,,,,,,,,,,,,,,,,,,,,,,,,,,,,,,,,,,,,,,,,,,,,,,,,,,,,,,,,,,,,,,,,,,,,,,,,,,,,,,,,,,,,,,,,,,,,,,,,,,,,,,,,,,,,,,,,,,,,,,,,,,,,,,,,,,,,27112004,,,,,,,,,,,,,,,,,,,,,,,,,,,,,,,,,,,,,,,,,,,
,,,,,,,Tools,Cutting Tools,Saw Blades,,D0648TSF,"D0648TSF Diablo 6-1/2""48 Tooth - Plywood Track Saw Blade",,,,,Freud Inc,Diablo,Diablo,D0648TSF,,Tools > Cutting Tools > Saw Blades,"Diablo Saw Blade, D0648TSF, Teeth 48",SAW BLADE 48,"Diablo Saw Blade, D0648TSF","Diablo Saw Blade, Model D0648TSF, Teeth 48","Diablo Saw Blade, D0648TSF",,Teeth: 48,,,,,,,,,,,,,,,,,,,,,,,Saw Blade,,Saw Blade,Teeth,48,,,,,,,,,,,,,,,,,,,,,,,,,,,,,,,,,,,,,,,,,,,,,,,,,,,,,,,,,,,,,,,,,,,,,,,,,,,,,,,,,,,,,,,,,,,,,,,,,,,,,,,,,,,,,,,,,,,,,,,,,,,,,,,,,,,,,,,,,,,,,,,,,,,,,,,,27112004,,,,,,,,,,,,,,,,,,,,,,,,,,,,,,,,,,,,,,,,,,,
,,,,,,,Tools,Cutting Tools,Saw Blades,,D0652TSL,"D0652TSL Diablo 6-1/2""52 Tooth - Laminate Track Saw Blade",,,,,Freud Inc,Diablo,Diablo,D0652TSL,,Tools > Cutting Tools > Saw Blades,"Diablo Saw Blade, D0652TSL, Teeth 52",SAW BLADE 52,"Diablo Saw Blade, D0652TSL","Diablo Saw Blade, Model D0652TSL, Teeth 52","Diablo Saw Blade, D0652TSL",,Teeth: 52,,,,,,,,,,,,,,,,,,,,,,,Saw Blade,,Saw Blade,Teeth,52,,,,,,,,,,,,,,,,,,,,,,,,,,,,,,,,,,,,,,,,,,,,,,,,,,,,,,,,,,,,,,,,,,,,,,,,,,,,,,,,,,,,,,,,,,,,,,,,,,,,,,,,,,,,,,,,,,,,,,,,,,,,,,,,,,,,,,,,,,,,,,,,,,,,,,,,27112004,,,,,,,,,,,,,,,,,,,,,,,,,,,,,,,,,,,,,,,,,,,
,,,,,,,General Supplies,General,General,,JT1-549,"JT1-549 JWBS18SFX 18"" Bandsaw - 1.75HP 1PH 115V",,,,,JPW Industries,,,JT1-549,,General Supplies > General > General,"JT1-549 JWBS18SFX Bandsaw, JT1-549, Length 18 in, Voltage 115 V",JT1-549 JWBS18SFX BANDSAW 18IN 115V,"JT1-549 JWBS18SFX Bandsaw, JT1-549","JT1-549 JWBS18SFX Bandsaw, Model JT1-549, Length 18 in, Voltage 115 V","JT1-549 JWBS18SFX Bandsaw, JT1-549",,Length: 18 in,Voltage: 115 V,,,,,,,,,,,,,,,,,,,,,,JT1-549 JWBS18SFX Bandsaw,,JT1-549 JWBS18SFX Bandsaw,Length,18,in,Voltage,115,V,,,,,,,,,,,,,,,,,,,,,,,,,,,,,,,,,,,,,,,,,,,,,,,,,,,,,,,,,,,,,,,,,,,,,,,,,,,,,,,,,,,,,,,,,,,,,,,,,,,,,,,,,,,,,,,,,,,,,,,,,,,,,,,,,,,,,,,,,,,,,,,,,,,,,,,,,,,,,,,,,,,,,,,,,,,,,,,,,,,,,,,,,,,,,,,
,,,,,,,General Supplies,General,General,,JT1-1371,"JWBS14-SFX-BLK Jet 14"" Bandsaw - JT1-1371",,,,,JPW Industries,,,JT1-1371,,General Supplies > General > General,"JWBS14-SFX-BLK Jet Bandsaw, JT1-1371",JWBS14-SFX-BLK JET BANDSAW,"JWBS14-SFX-BLK Jet Bandsaw, JT1-1371","JWBS14-SFX-BLK Jet Bandsaw, Model JT1-1371","JWBS14-SFX-BLK Jet Bandsaw, JT1-1371",,,,,,,,,,,,,,,,,,,,,,,,,JWBS14-SFX-BLK Jet Bandsaw,,JWBS14-SFX-BLK Jet Bandsaw,,,,,,,,,,,,,,,,,,,,,,,,,,,,,,,,,,,,,,,,,,,,,,,,,,,,,,,,,,,,,,,,,,,,,,,,,,,,,,,,,,,,,,,,,,,,,,,,,,,,,,,,,,,,,,,,,,,,,,,,,,,,,,,,,,,,,,,,,,,,,,,,,,,,,,,,,,,,,,,,,,,,,,,,,,,,,,,,,,,,,,,,,,,,,,,,,,,,,
,,,,,,,General Supplies,General,General,,JT9-714400K,"JWBS-14SFX 14"" Bandsaw JTP-714400K",,,,,JPW Industries,,,JT9-714400K,,General Supplies > General > General,"JWBS-14SFX Bandsaw JTP-714400K, JT9-714400K, Length 14 in, Color Temperature 4400 K",JWBS-14SFX BANDSAW JTP-714400K 14IN 4400K,"JWBS-14SFX Bandsaw JTP-714400K, JT9-714400K","JWBS-14SFX Bandsaw JTP-714400K, Model JT9-714400K, Length 14 in, Color Temperature 4400 K","JWBS-14SFX Bandsaw JTP-714400K, JT9-714400K",,Length: 14 in,Color Temperature: 4400 K,,,,,,,,,,,,,,,,,,,,,,JWBS-14SFX Bandsaw JTP-714400K,,JWBS-14SFX Bandsaw JTP-714400K,Length,14,in,Color Temperature,4400,K,,,,,,,,,,,,,,,,,,,,,,,,,,,,,,,,,,,,,,,,,,,,,,,,,,,,,,,,,,,,,,,,,,,,,,,,,,,,,,,,,,,,,,,,,,,,,,,,,,,,,,,,,,,,,,,,,,,,,,,,,,,,,,,,,,,,,,,,,,,,,,,,,,,,,,,,,,,,,,,,,,,,,,,,,,,,,,,,,,,,,,,,,,,,,,,
,,,,,,,General Supplies,General,General,,2834-21HD,"2834-21HD Milw M18 7-1/4"" Circ - Saw Kit",,,,,Milwaukee Accessory,Milwaukee,Milwaukee,2834-21HD,,General Supplies > General > General,"Milwaukee 2834-21HD Milw M18, M18, 2834-21HD",2834-21HD MILW M18,"Milwaukee 2834-21HD Milw M18, M18, 2834-21HD","Milwaukee 2834-21HD Milw M18, M18, Model 2834-21HD","Milwaukee 2834-21HD Milw M18, M18, 2834-21HD",,,,,,,,,,,,,,,,,,,,,,,,,2834-21HD Milw M18,,2834-21HD Milw M18,,,,,,,,,,,,,,,,,,,,,,,,,,,,,,,,,,,,,,,,,,,,,,,,,,,,,,,,,,,,,,,,,,,,,,,,,,,,,,,,,,,,,,,,,,,,,,,,,,,,,,,,,,,,,,,,,,,,,,,,,,,,,,,,,,,,,,,,,,,,,,,,,,,,,,,,,,,,,,,,,,,,,,,,,,,,,,,,,,,,,,,,,,,,,,,,,,,,,
,,,,,,,General Supplies,General,General,,DCS383B,"DCS383B Dewalt 20V 7-1/4"" - Metal Cutting Circ Saw",,,,,Black & Decker/dewlt,DEWALT,DEWALT,DCS383B,,General Supplies > General > General,"DEWALT DCS383B Dewalt 20V, DCS383B, Voltage 20 V",DCS383B DEWALT 20V 20V,"DEWALT DCS383B Dewalt 20V, DCS383B","DEWALT DCS383B Dewalt 20V, Model DCS383B, Voltage 20 V","DEWALT DCS383B Dewalt 20V, DCS383B",,Voltage: 20 V,,,,,,,,,,,,,,,,,,,,,,,DCS383B Dewalt 20V,,DCS383B Dewalt 20V,Voltage,20,V,,,,,,,,,,,,,,,,,,,,,,,,,,,,,,,,,,,,,,,,,,,,,,,,,,,,,,,,,,,,,,,,,,,,,,,,,,,,,,,,,,,,,,,,,,,,,,,,,,,,,,,,,,,,,,,,,,,,,,,,,,,,,,,,,,,,,,,,,,,,,,,,,,,,,,,,,,,,,,,,,,,,,,,,,,,,,,,,,,,,,,,,,,,,,,,,,,
,,,,,,,General Supplies,General,General,,DCS590B,"DCS590B Dewalt 20V Cordless - 7-1/4"" Circular Saw (Bare)",,,,,Black & Decker/dewlt,DEWALT,DEWALT,DCS590B,,General Supplies > General > General,"DEWALT DCS590B Dewalt 20V, DCS590B, Voltage 20 V",DCS590B DEWALT 20V 20V,"DEWALT DCS590B Dewalt 20V, DCS590B","DEWALT DCS590B Dewalt 20V, Model DCS590B, Voltage 20 V","DEWALT DCS590B Dewalt 20V, DCS590B",,Voltage: 20 V,,,,,,,,,,,,,,,,,,,,,,,DCS590B Dewalt 20V,,DCS590B Dewalt 20V,Voltage,20,V,,,,,,,,,,,,,,,,,,,,,,,,,,,,,,,,,,,,,,,,,,,,,,,,,,,,,,,,,,,,,,,,,,,,,,,,,,,,,,,,,,,,,,,,,,,,,,,,,,,,,,,,,,,,,,,,,,,,,,,,,,,,,,,,,,,,,,,,,,,,,,,,,,,,,,,,,,,,,,,,,,,,,,,,,,,,,,,,,,,,,,,,,,,,,,,,,,
,,,,,,,General Supplies,General,General,,KPTCS725A,"KPTCS725A Kreg 20V Ionic 7-1/4"" Circ Saw",,,,,Kreg Tool Company,,,KPTCS725A,,General Supplies > General > General,"KPTCS725A Kreg 20V, KPTCS725A, Voltage 20 V, Amperage 25 A",KPTCS725A KREG 20V 20V 25A,"KPTCS725A Kreg 20V, KPTCS725A","KPTCS725A Kreg 20V, Model KPTCS725A, Voltage 20 V, Amperage 25 A","KPTCS725A Kreg 20V, KPTCS725A",,Voltage: 20 V,Amperage: 25 A,,,,,,,,,,,,,,,,,,,,,,KPTCS725A Kreg 20V,,KPTCS725A Kreg 20V,Voltage,20,V,Amperage,25,A,,,,,,,,,,,,,,,,,,,,,,,,,,,,,,,,,,,,,,,,,,,,,,,,,,,,,,,,,,,,,,,,,,,,,,,,,,,,,,,,,,,,,,,,,,,,,,,,,,,,,,,,,,,,,,,,,,,,,,,,,,,,,,,,,,,,,,,,,,,,,,,,,,,,,,,,,,,,,,,,,,,,,,,,,,,,,,,,,,,,,,,,,,,,,,,
,,,,,,,General Supplies,General,General,,KPTCS450A,"KPTCS450A Kreg 20V Ionic 4-1/2"" Circ Saw",,,,,Kreg Tool Company,,,KPTCS450A,,General Supplies > General > General,"KPTCS450A Kreg 20V, KPTCS450A, Voltage 20 V, Amperage 50 A",KPTCS450A KREG 20V 20V 50A,"KPTCS450A Kreg 20V, KPTCS450A","KPTCS450A Kreg 20V, Model KPTCS450A, Voltage 20 V, Amperage 50 A","KPTCS450A Kreg 20V, KPTCS450A",,Voltage: 20 V,Amperage: 50 A,,,,,,,,,,,,,,,,,,,,,,KPTCS450A Kreg 20V,,KPTCS450A Kreg 20V,Voltage,20,V,Amperage,50,A,,,,,,,,,,,,,,,,,,,,,,,,,,,,,,,,,,,,,,,,,,,,,,,,,,,,,,,,,,,,,,,,,,,,,,,,,,,,,,,,,,,,,,,,,,,,,,,,,,,,,,,,,,,,,,,,,,,,,,,,,,,,,,,,,,,,,,,,,,,,,,,,,,,,,,,,,,,,,,,,,,,,,,,,,,,,,,,,,,,,,,,,,,,,,,,
,,,,,,,General Supplies,General,General,,2545-20,2545-20 Milw M12 Jig Saw,,,,,Milwaukee Accessory,Milwaukee,Milwaukee,2545-20,,General Supplies > General > General,"Milwaukee Milw M12 Jig, M12, 2545-20",MILW M12 JIG,"Milwaukee Milw M12 Jig, M12, 2545-20","Milwaukee Milw M12 Jig, M12, Model 2545-20","Milwaukee Milw M12 Jig, M12, 2545-20",,,,,,,,,,,,,,,,,,,,,,,,,Milw M12 Jig,,Milw M12 Jig,,,,,,,,,,,,,,,,,,,,,,,,,,,,,,,,,,,,,,,,,,,,,,,,,,,,,,,,,,,,,,,,,,,,,,,,,,,,,,,,,,,,,,,,,,,,,,,,,,,,,,,,,,,,,,,,,,,,,,,,,,,,,,,,,,,,,,,,,,,,,,,,,,,,,,,,,,,,,,,,,,,,,,,,,,,,,,,,,,,,,,,,,,,,,,,,,,,,,
,,,,,,,Tools,Hand Tools,Pliers,,KPTJS100A,KPTJS100A Kreg 20V Ionic Barrel Grip Jigsaw,,,,,Kreg Tool Company,,,KPTJS100A,,Tools > Hand Tools > Pliers,"Pliers, KPTJS100A, Voltage 20 V, Amperage 00 A",PLIERS 20V 00A,"Pliers, KPTJS100A","Pliers, Model KPTJS100A, Voltage 20 V, Amperage 00 A","Pliers, KPTJS100A",,Voltage: 20 V,Amperage: 00 A,,,,,,,,,,,,,,,,,,,,,,Pliers,,Pliers,Voltage,20,V,Amperage,00,A,,,,,,,,,,,,,,,,,,,,,,,,,,,,,,,,,,,,,,,,,,,,,,,,,,,,,,,,,,,,,,,,,,,,,,,,,,,,,,,,,,,,,,,,,,,,,,,,,,,,,,,,,,,,,,,,,,,,,,,,,,,,,,,,,,,,,,,,,,,,,,,,,,,,27111504,,,,,,,,,,,,,,,,,,,,,,,,,,,,,,,,,,,,,,,,,,,
,,,,,,,General Supplies,General,General,,DCS714B,"DCS714B Dewalt 20V Miter Saw - (Bare) 10"" Double Bevel Fixed",,,,,Black & Decker/dewlt,DEWALT,DEWALT,DCS714B,,General Supplies > General > General,"DEWALT DCS714B Dewalt 20V, DCS714B, Voltage 20 V",DCS714B DEWALT 20V 20V,"DEWALT DCS714B Dewalt 20V, DCS714B","DEWALT DCS714B Dewalt 20V, Model DCS714B, Voltage 20 V","DEWALT DCS714B Dewalt 20V, DCS714B",,Voltage: 20 V,,,,,,,,,,,,,,,,,,,,,,,DCS714B Dewalt 20V,,DCS714B Dewalt 20V,Voltage,20,V,,,,,,,,,,,,,,,,,,,,,,,,,,,,,,,,,,,,,,,,,,,,,,,,,,,,,,,,,,,,,,,,,,,,,,,,,,,,,,,,,,,,,,,,,,,,,,,,,,,,,,,,,,,,,,,,,,,,,,,,,,,,,,,,,,,,,,,,,,,,,,,,,,,,,,,,,,,,,,,,,,,,,,,,,,,,,,,,,,,,,,,,,,,,,,,,,,
,,,,,,,General Supplies,General,General,,DCS785B,"DCS785B Dewalt 20V Miter Saw - Kit 12"" Double Bevel Sliding",,,,,Black & Decker/dewlt,DEWALT,DEWALT,DCS785B,,General Supplies > General > General,"DEWALT DCS785B Dewalt 20V, DCS785B, Voltage 20 V",DCS785B DEWALT 20V 20V,"DEWALT DCS785B Dewalt 20V, DCS785B","DEWALT DCS785B Dewalt 20V, Model DCS785B, Voltage 20 V","DEWALT DCS785B Dewalt 20V, DCS785B",,Voltage: 20 V,,,,,,,,,,,,,,,,,,,,,,,DCS785B Dewalt 20V,,DCS785B Dewalt 20V,Voltage,20,V,,,,,,,,,,,,,,,,,,,,,,,,,,,,,,,,,,,,,,,,,,,,,,,,,,,,,,,,,,,,,,,,,,,,,,,,,,,,,,,,,,,,,,,,,,,,,,,,,,,,,,,,,,,,,,,,,,,,,,,,,,,,,,,,,,,,,,,,,,,,,,,,,,,,,,,,,,,,,,,,,,,,,,,,,,,,,,,,,,,,,,,,,,,,,,,,,,
,,,,,,,General Supplies,General,General,,GSL02M1,"GSL02M1 Makita Miter Saw - 40V 8-1/2""",,,,,Makita Usa Inc,Makita,Makita,GSL02M1,,General Supplies > General > General,"Makita GSL02M1 Makita Miter, GSL02M1, Voltage 40 V",GSL02M1 MAKITA MITER 40V,"Makita GSL02M1 Makita Miter, GSL02M1","Makita GSL02M1 Makita Miter, Model GSL02M1, Voltage 40 V","Makita GSL02M1 Makita Miter, GSL02M1",,Voltage: 40 V,,,,,,,,,,,,,,,,,,,,,,,GSL02M1 Makita Miter,,GSL02M1 Makita Miter,Voltage,40,V,,,,,,,,,,,,,,,,,,,,,,,,,,,,,,,,,,,,,,,,,,,,,,,,,,,,,,,,,,,,,,,,,,,,,,,,,,,,,,,,,,,,,,,,,,,,,,,,,,,,,,,,,,,,,,,,,,,,,,,,,,,,,,,,,,,,,,,,,,,,,,,,,,,,,,,,,,,,,,,,,,,,,,,,,,,,,,,,,,,,,,,,,,,,,,,,,,
,,,,,,,General Supplies,General,General,,DW7029,DW7029 Dewalt Miter Saw - Stand Support/Stop,,,,,Black & Decker/dewlt,DEWALT,DEWALT,DW7029,,General Supplies > General > General,"DEWALT DW7029 Dewalt Miter, DW7029",DW7029 DEWALT MITER,"DEWALT DW7029 Dewalt Miter, DW7029","DEWALT DW7029 Dewalt Miter, Model DW7029","DEWALT DW7029 Dewalt Miter, DW7029",,,,,,,,,,,,,,,,,,,,,,,,,DW7029 Dewalt Miter,,DW7029 Dewalt Miter,,,,,,,,,,,,,,,,,,,,,,,,,,,,,,,,,,,,,,,,,,,,,,,,,,,,,,,,,,,,,,,,,,,,,,,,,,,,,,,,,,,,,,,,,,,,,,,,,,,,,,,,,,,,,,,,,,,,,,,,,,,,,,,,,,,,,,,,,,,,,,,,,,,,,,,,,,,,,,,,,,,,,,,,,,,,,,,,,,,,,,,,,,,,,,,,,,,,,
,,,,,,,General Supplies,General,General,,DCS384B,DCS384B Dewalt 20V Brushless - Cordless Recip Saw (Bare),,,,,Black & Decker/dewlt,DEWALT,DEWALT,DCS384B,,General Supplies > General > General,"DEWALT DCS384B Dewalt 20V, DCS384B, Voltage 20 V",DCS384B DEWALT 20V 20V,"DEWALT DCS384B Dewalt 20V, DCS384B","DEWALT DCS384B Dewalt 20V, Model DCS384B, Voltage 20 V","DEWALT DCS384B Dewalt 20V, DCS384B",,Voltage: 20 V,,,,,,,,,,,,,,,,,,,,,,,DCS384B Dewalt 20V,,DCS384B Dewalt 20V,Voltage,20,V,,,,,,,,,,,,,,,,,,,,,,,,,,,,,,,,,,,,,,,,,,,,,,,,,,,,,,,,,,,,,,,,,,,,,,,,,,,,,,,,,,,,,,,,,,,,,,,,,,,,,,,,,,,,,,,,,,,,,,,,,,,,,,,,,,,,,,,,,,,,,,,,,,,,,,,,,,,,,,,,,,,,,,,,,,,,,,,,,,,,,,,,,,,,,,,,,,
,,,,,,,General Supplies,General,General,,XRJ08Z,XRJ08Z Makita 18V Recip Saw - Bare Tool,,,,,Makita Usa Inc,Makita,Makita,XRJ08Z,,General Supplies > General > General,"Makita XRJ08Z Makita 18V, XRJ08Z, Voltage 18 V",XRJ08Z MAKITA 18V 18V,"Makita XRJ08Z Makita 18V, XRJ08Z","Makita XRJ08Z Makita 18V, Model XRJ08Z, Voltage 18 V","Makita XRJ08Z Makita 18V, XRJ08Z",,Voltage: 18 V,,,,,,,,,,,,,,,,,,,,,,,XRJ08Z Makita 18V,,XRJ08Z Makita 18V,Voltage,18,V,,,,,,,,,,,,,,,,,,,,,,,,,,,,,,,,,,,,,,,,,,,,,,,,,,,,,,,,,,,,,,,,,,,,,,,,,,,,,,,,,,,,,,,,,,,,,,,,,,,,,,,,,,,,,,,,,,,,,,,,,,,,,,,,,,,,,,,,,,,,,,,,,,,,,,,,,,,,,,,,,,,,,,,,,,,,,,,,,,,,,,,,,,,,,,,,,,
,,,,,,,General Supplies,General,General,,G0771Z,"Grizzly G0771Z 30"" Table Saw",,,,,Woodstock Intl,,,G0771Z,,General Supplies > General > General,"Grizzly G0771Z Table, G0771Z",GRIZZLY G0771Z TABLE,"Grizzly G0771Z Table, G0771Z","Grizzly G0771Z Table, Model G0771Z","Grizzly G0771Z Table, G0771Z",,,,,,,,,,,,,,,,,,,,,,,,,Grizzly G0771Z Table,,Grizzly G0771Z Table,,,,,,,,,,,,,,,,,,,,,,,,,,,,,,,,,,,,,,,,,,,,,,,,,,,,,,,,,,,,,,,,,,,,,,,,,,,,,,,,,,,,,,,,,,,,,,,,,,,,,,,,,,,,,,,,,,,,,,,,,,,,,,,,,,,,,,,,,,,,,,,,,,,,,,,,,,,,,,,,,,,,,,,,,,,,,,,,,,,,,,,,,,,,,,,,,,,,,
,,,,,,,General Supplies,General,General,,TS1017,TS1017 Table Saw Zero-Clearance Insert,,,,,Robt Bosch Tool Corp,,,TS1017,,General Supplies > General > General,"TS1017 Table Saw, TS1017",TS1017 TABLE SAW,"TS1017 Table Saw, TS1017","TS1017 Table Saw, Model TS1017","TS1017 Table Saw, TS1017",,,,,,,,,,,,,,,,,,,,,,,,,TS1017 Table Saw,,TS1017 Table Saw,,,,,,,,,,,,,,,,,,,,,,,,,,,,,,,,,,,,,,,,,,,,,,,,,,,,,,,,,,,,,,,,,,,,,,,,,,,,,,,,,,,,,,,,,,,,,,,,,,,,,,,,,,,,,,,,,,,,,,,,,,,,,,,,,,,,,,,,,,,,,,,,,,,,,,,,,,,,,,,,,,,,,,,,,,,,,,,,,,,,,,,,,,,,,,,,,,,,,
,,,,,,,General Supplies,General,General,,XT524,"XT524 24"" XT XTENDER Fence",,,,,Bow Products,,,XT524,,General Supplies > General > General,"XT524 XT XTENDER, XT524, Width 24 in",XT524 XT XTENDER 24IN,"XT524 XT XTENDER, XT524","XT524 XT XTENDER, Model XT524, Width 24 in","XT524 XT XTENDER, XT524",,Width: 24 in,,,,,,,,,,,,,,,,,,,,,,,XT524 XT XTENDER,,XT524 XT XTENDER,Width,24,in,,,,,,,,,,,,,,,,,,,,,,,,,,,,,,,,,,,,,,,,,,,,,,,,,,,,,,,,,,,,,,,,,,,,,,,,,,,,,,,,,,,,,,,,,,,,,,,,,,,,,,,,,,,,,,,,,,,,,,,,,,,,,,,,,,,,,,,,,,,,,,,,,,,,,,,,,,,,,,,,,,,,,,,,,,,,,,,,,,,,,,,,,,,,,,,,,,
,,,,,,,General Supplies,General,General,,XT536,"XT536 36"" XT XTENDER Fence",,,,,Bow Products,,,XT536,,General Supplies > General > General,"XT536 XT XTENDER, XT536, Width 36 in",XT536 XT XTENDER 36IN,"XT536 XT XTENDER, XT536","XT536 XT XTENDER, Model XT536, Width 36 in","XT536 XT XTENDER, XT536",,Width: 36 in,,,,,,,,,,,,,,,,,,,,,,,XT536 XT XTENDER,,XT536 XT XTENDER,Width,36,in,,,,,,,,,,,,,,,,,,,,,,,,,,,,,,,,,,,,,,,,,,,,,,,,,,,,,,,,,,,,,,,,,,,,,,,,,,,,,,,,,,,,,,,,,,,,,,,,,,,,,,,,,,,,,,,,,,,,,,,,,,,,,,,,,,,,,,,,,,,,,,,,,,,,,,,,,,,,,,,,,,,,,,,,,,,,,,,,,,,,,,,,,,,,,,,,,,
,,,,,,,General Supplies,General,General,,XT546,"XT546 46"" XT XTENDER Fence",,,,,Bow Products,,,XT546,,General Supplies > General > General,"XT546 XT XTENDER, XT546, Width 46 in",XT546 XT XTENDER 46IN,"XT546 XT XTENDER, XT546","XT546 XT XTENDER, Model XT546, Width 46 in","XT546 XT XTENDER, XT546",,Width: 46 in,,,,,,,,,,,,,,,,,,,,,,,XT546 XT XTENDER,,XT546 XT XTENDER,Width,46,in,,,,,,,,,,,,,,,,,,,,,,,,,,,,,,,,,,,,,,,,,,,,,,,,,,,,,,,,,,,,,,,,,,,,,,,,,,,,,,,,,,,,,,,,,,,,,,,,,,,,,,,,,,,,,,,,,,,,,,,,,,,,,,,,,,,,,,,,,,,,,,,,,,,,,,,,,,,,,,,,,,,,,,,,,,,,,,,,,,,,,,,,,,,,,,,,,,
,,,,,,,General Supplies,General,General,,XTP235,"35"" XTP XTENDER PRO Fence - XTP235",,,,,Bow Products,,,XTP235,,General Supplies > General > General,"XTP XTENDER PRO, XTP235, Width 35 in",XTP XTENDER PRO 35IN,"XTP XTENDER PRO, XTP235","XTP XTENDER PRO, Model XTP235, Width 35 in","XTP XTENDER PRO, XTP235",,Width: 35 in,,,,,,,,,,,,,,,,,,,,,,,XTP XTENDER PRO,,XTP XTENDER PRO,Width,35,in,,,,,,,,,,,,,,,,,,,,,,,,,,,,,,,,,,,,,,,,,,,,,,,,,,,,,,,,,,,,,,,,,,,,,,,,,,,,,,,,,,,,,,,,,,,,,,,,,,,,,,,,,,,,,,,,,,,,,,,,,,,,,,,,,,,,,,,,,,,,,,,,,,,,,,,,,,,,,,,,,,,,,,,,,,,,,,,,,,,,,,,,,,,,,,,,,,
,,,,,,,General Supplies,General,General,,TGP2-FA,TGP2-FA T-Glide Fence Professional,,,,,Saw Stop LLC,,,TGP2-FA,,General Supplies > General > General,"TGP2-FA T-Glide Fence, TGP2-FA",TGP2-FA T-GLIDE FENCE,"TGP2-FA T-Glide Fence, TGP2-FA","TGP2-FA T-Glide Fence, Model TGP2-FA","TGP2-FA T-Glide Fence, TGP2-FA",,,,,,,,,,,,,,,,,,,,,,,,,TGP2-FA T-Glide Fence,,TGP2-FA T-Glide Fence,,,,,,,,,,,,,,,,,,,,,,,,,,,,,,,,,,,,,,,,,,,,,,,,,,,,,,,,,,,,,,,,,,,,,,,,,,,,,,,,,,,,,,,,,,,,,,,,,,,,,,,,,,,,,,,,,,,,,,,,,,,,,,,,,,,,,,,,,,,,,,,,,,,,,,,,,,,,,,,,,,,,,,,,,,,,,,,,,,,,,,,,,,,,,,,,,,,,,
,,,,,,,General Supplies,General,General,,ATGI-FA,ATGI-FA T-Glide Advanced Fence Industrial,,,,,Saw Stop LLC,,,ATGI-FA,,General Supplies > General > General,"ATGI-FA T-Glide Advanced, ATGI-FA",ATGI-FA T-GLIDE ADVANCED,"ATGI-FA T-Glide Advanced, ATGI-FA","ATGI-FA T-Glide Advanced, Model ATGI-FA","ATGI-FA T-Glide Advanced, ATGI-FA",,,,,,,,,,,,,,,,,,,,,,,,,ATGI-FA T-Glide Advanced,,ATGI-FA T-Glide Advanced,,,,,,,,,,,,,,,,,,,,,,,,,,,,,,,,,,,,,,,,,,,,,,,,,,,,,,,,,,,,,,,,,,,,,,,,,,,,,,,,,,,,,,,,,,,,,,,,,,,,,,,,,,,,,,,,,,,,,,,,,,,,,,,,,,,,,,,,,,,,,,,,,,,,,,,,,,,,,,,,,,,,,,,,,,,,,,,,,,,,,,,,,,,,,,,,,,,,,
,,,,,,,General Supplies,General,General,,ATGP-FA,ATGP-FA T-Glide Advance Fence Professional,,,,,Saw Stop LLC,,,ATGP-FA,,General Supplies > General > General,"ATGP-FA T-Glide Advance, ATGP-FA",ATGP-FA T-GLIDE ADVANCE,"ATGP-FA T-Glide Advance, ATGP-FA","ATGP-FA T-Glide Advance, Model ATGP-FA","ATGP-FA T-Glide Advance, ATGP-FA",,,,,,,,,,,,,,,,,,,,,,,,,ATGP-FA T-Glide Advance,,ATGP-FA T-Glide Advance,,,,,,,,,,,,,,,,,,,,,,,,,,,,,,,,,,,,,,,,,,,,,,,,,,,,,,,,,,,,,,,,,,,,,,,,,,,,,,,,,,,,,,,,,,,,,,,,,,,,,,,,,,,,,,,,,,,,,,,,,,,,,,,,,,,,,,,,,,,,,,,,,,,,,,,,,,,,,,,,,,,,,,,,,,,,,,,,,,,,,,,,,,,,,,,,,,,,,
,,,,,,,General Supplies,General,General,,TGI2-FA,TGI2-FA T-Glide Fence Indudtrial,,,,,Saw Stop LLC,,,TGI2-FA,,General Supplies > General > General,"TGI2-FA T-Glide Fence, TGI2-FA",TGI2-FA T-GLIDE FENCE,"TGI2-FA T-Glide Fence, TGI2-FA","TGI2-FA T-Glide Fence, Model TGI2-FA","TGI2-FA T-Glide Fence, TGI2-FA",,,,,,,,,,,,,,,,,,,,,,,,,TGI2-FA T-Glide Fence,,TGI2-FA T-Glide Fence,,,,,,,,,,,,,,,,,,,,,,,,,,,,,,,,,,,,,,,,,,,,,,,,,,,,,,,,,,,,,,,,,,,,,,,,,,,,,,,,,,,,,,,,,,,,,,,,,,,,,,,,,,,,,,,,,,,,,,,,,,,,,,,,,,,,,,,,,,,,,,,,,,,,,,,,,,,,,,,,,,,,,,,,,,,,,,,,,,,,,,,,,,,,,,,,,,,,,
,,,,,,,General Supplies,General,General,,TGI2-T36A,"TGI2-T36A 36"" Table Assembly Industrial",,,,,Saw Stop LLC,,,TGI2-T36A,,General Supplies > General > General,"TGI2-T36A Table Assembly, TGI2-T36A, Amperage 36 A",TGI2-T36A TABLE ASSEMBLY 36A,"TGI2-T36A Table Assembly, TGI2-T36A","TGI2-T36A Table Assembly, Model TGI2-T36A, Amperage 36 A","TGI2-T36A Table Assembly, TGI2-T36A",,Amperage: 36 A,,,,,,,,,,,,,,,,,,,,,,,TGI2-T36A Table Assembly,,TGI2-T36A Table Assembly,Amperage,36,A,,,,,,,,,,,,,,,,,,,,,,,,,,,,,,,,,,,,,,,,,,,,,,,,,,,,,,,,,,,,,,,,,,,,,,,,,,,,,,,,,,,,,,,,,,,,,,,,,,,,,,,,,,,,,,,,,,,,,,,,,,,,,,,,,,,,,,,,,,,,,,,,,,,,,,,,,,,,,,,,,,,,,,,,,,,,,,,,,,,,,,,,,,,,,,,,,,
,,,,,,,Electrical,Lighting,Track Lighting,,KPTBPS100A,"KPTBPS100A Kreg 20V Ionic 6-1/2"" Plunge-Cut Track Saw Kit",,,,,Kreg Tool Company,,,KPTBPS100A,,Electrical > Lighting > Track Lighting,"Track Light, KPTBPS100A, Voltage 20 V, Amperage 00 A",TRACK LIGHT 20V 00A,"Track Light, KPTBPS100A","Track Light, Model KPTBPS100A, Voltage 20 V, Amperage 00 A","Track Light, KPTBPS100A",,Voltage: 20 V,Amperage: 00 A,,,,,,,,,,,,,,,,,,,,,,Track Light,,Track Light,Voltage,20,V,Amperage,00,A,,,,,,,,,,,,,,,,,,,,,,,,,,,,,,,,,,,,,,,,,,,,,,,,,,,,,,,,,,,,,,,,,,,,,,,,,,,,,,,,,,,,,,,,,,,,,,,,,,,,,,,,,,,,,,,,,,,,,,,,,,,,,,,,,,,,,,,,,,,,,,,,,,,,39111606,,,,,,,,,,,,,,,,,,,,,,,,,,,,,,,,,,,,,,,,,,,
,,,,,,,General Supplies,General,General,,DCB606C,DCB606C Dewalt Flexvolt Starter Kit,,,,,Black & Decker/dewlt,DEWALT,DEWALT,DCB606C,,General Supplies > General > General,"DEWALT DCB606C Dewalt Flexvolt, Flexvolt, DCB606C",DCB606C DEWALT FLEXVOLT,"DEWALT DCB606C Dewalt Flexvolt, Flexvolt, DCB606C","DEWALT DCB606C Dewalt Flexvolt, Flexvolt, Model DCB606C","DEWALT DCB606C Dewalt Flexvolt, Flexvolt, DCB606C",,,,,,,,,,,,,,,,,,,,,,,,,DCB606C Dewalt Flexvolt,,DCB606C Dewalt Flexvolt,,,,,,,,,,,,,,,,,,,,,,,,,,,,,,,,,,,,,,,,,,,,,,,,,,,,,,,,,,,,,,,,,,,,,,,,,,,,,,,,,,,,,,,,,,,,,,,,,,,,,,,,,,,,,,,,,,,,,,,,,,,,,,,,,,,,,,,,,,,,,,,,,,,,,,,,,,,,,,,,,,,,,,,,,,,,,,,,,,,,,,,,,,,,,,,,,,,,,
,,,,,,,General Supplies,General,General,,BL1850BDC1,BL1850BDC1 Makita Starter Kit,,,,,Makita Usa Inc,Makita,Makita,BL1850BDC1,,General Supplies > General > General,"Makita BL1850BDC1 Makita Starter, BL1850BDC1",BL1850BDC1 MAKITA STARTER,"Makita BL1850BDC1 Makita Starter, BL1850BDC1","Makita BL1850BDC1 Makita Starter, Model BL1850BDC1","Makita BL1850BDC1 Makita Starter, BL1850BDC1",,,,,,,,,,,,,,,,,,,,,,,,,BL1850BDC1 Makita Starter,,BL1850BDC1 Makita Starter,,,,,,,,,,,,,,,,,,,,,,,,,,,,,,,,,,,,,,,,,,,,,,,,,,,,,,,,,,,,,,,,,,,,,,,,,,,,,,,,,,,,,,,,,,,,,,,,,,,,,,,,,,,,,,,,,,,,,,,,,,,,,,,,,,,,,,,,,,,,,,,,,,,,,,,,,,,,,,,,,,,,,,,,,,,,,,,,,,,,,,,,,,,,,,,,,,,,,
,,,,,,,General Supplies,General,General,,DCB205C,DCB205C 20V Starter Kit,,,,,Black & Decker/dewlt,DEWALT,DEWALT,DCB205C,,General Supplies > General > General,"DEWALT DCB205C 20V Starter, DCB205C, Voltage 20 V",DCB205C 20V STARTER 20V,"DEWALT DCB205C 20V Starter, DCB205C","DEWALT DCB205C 20V Starter, Model DCB205C, Voltage 20 V","DEWALT DCB205C 20V Starter, DCB205C",,Voltage: 20 V,,,,,,,,,,,,,,,,,,,,,,,DCB205C 20V Starter,,DCB205C 20V Starter,Voltage,20,V,,,,,,,,,,,,,,,,,,,,,,,,,,,,,,,,,,,,,,,,,,,,,,,,,,,,,,,,,,,,,,,,,,,,,,,,,,,,,,,,,,,,,,,,,,,,,,,,,,,,,,,,,,,,,,,,,,,,,,,,,,,,,,,,,,,,,,,,,,,,,,,,,,,,,,,,,,,,,,,,,,,,,,,,,,,,,,,,,,,,,,,,,,,,,,,,,,
,,,,,,,Electrical,Batteries,Power Tool Batteries,,DCB2108,DCB2108 Dewalt 20V 8Ah Battery - Max XR Powerpack,,,,,Black & Decker/dewlt,DEWALT,DEWALT,DCB2108,,Electrical > Batteries > Power Tool Batteries,"DEWALT Battery Pack, DCB2108, Voltage 20 V",BATTERY PACK 20V,"DEWALT Battery Pack, DCB2108","DEWALT Battery Pack, Model DCB2108, Voltage 20 V","DEWALT Battery Pack, DCB2108",,Voltage: 20 V,,,,,,,,,,,,,,,,,,,,,,,Battery Pack,,Battery Pack,Voltage,20,V,,,,,,,,,,,,,,,,,,,,,,,,,,,,,,,,,,,,,,,,,,,,,,,,,,,,,,,,,,,,,,,,,,,,,,,,,,,,,,,,,,,,,,,,,,,,,,,,,,,,,,,,,,,,,,,,,,,,,,,,,,,,,,,,,,,,,,,,,,,,,,,,,,,,,,,26111701,,,,,,,,,,,,,,,,,,,,,,,,,,,,,,,,,,,,,,,,,,,
,,,,,,,Electrical,Batteries,Power Tool Batteries,,DCB2108-2,DCB2108-2 Dewalt 20V 8Ah 2pk - Battery Max XR Powerpack,,,,,Black & Decker/dewlt,DEWALT,DEWALT,DCB2108-2,,Electrical > Batteries > Power Tool Batteries,"DEWALT Battery Pack, DCB2108-2, Voltage 20 V",BATTERY PACK 20V,"DEWALT Battery Pack, DCB2108-2","DEWALT Battery Pack, Model DCB2108-2, Voltage 20 V","DEWALT Battery Pack, DCB2108-2",,Voltage: 20 V,,,,,,,,,,,,,,,,,,,,,,,Battery Pack,,Battery Pack,Voltage,20,V,,,,,,,,,,,,,,,,,,,,,,,,,,,,,,,,,,,,,,,,,,,,,,,,,,,,,,,,,,,,,,,,,,,,,,,,,,,,,,,,,,,,,,,,,,,,,,,,,,,,,,,,,,,,,,,,,,,,,,,,,,,,,,,,,,,,,,,,,,,,,,,,,,,,,,,26111701,,,,,,,,,,,,,,,,,,,,,,,,,,,,,,,,,,,,,,,,,,,
,,,,,,,Electrical,Batteries,Power Tool Batteries,,VB0212,VB0212 Senco 18V 2.0 AH Lithium Battery,,,,,Senco Products Inc,,,VB0212,,Electrical > Batteries > Power Tool Batteries,"Battery Pack, VB0212, Voltage 18 V",BATTERY PACK 18V,"Battery Pack, VB0212","Battery Pack, Model VB0212, Voltage 18 V","Battery Pack, VB0212",,Voltage: 18 V,,,,,,,,,,,,,,,,,,,,,,,Battery Pack,,Battery Pack,Voltage,18,V,,,,,,,,,,,,,,,,,,,,,,,,,,,,,,,,,,,,,,,,,,,,,,,,,,,,,,,,,,,,,,,,,,,,,,,,,,,,,,,,,,,,,,,,,,,,,,,,,,,,,,,,,,,,,,,,,,,,,,,,,,,,,,,,,,,,,,,,,,,,,,,,,,,,,,,26111701,,,,,,,,,,,,,,,,,,,,,,,,,,,,,,,,,,,,,,,,,,,
,,,,,,,Electrical,Batteries,Power Tool Batteries,,BCB2A20A,BCB2A20A Kreg 20V Battery/Charger Starter Kit,,,,,Kreg Tool Company,,,BCB2A20A,,Electrical > Batteries > Power Tool Batteries,"Battery Pack, BCB2A20A, Voltage 20 V, Amperage 20 A",BATTERY PACK 20V 20A,"Battery Pack, BCB2A20A","Battery Pack, Model BCB2A20A, Voltage 20 V, Amperage 20 A","Battery Pack, BCB2A20A",,Voltage: 20 V,Amperage: 20 A,,,,,,,,,,,,,,,,,,,,,,Battery Pack,,Battery Pack,Voltage,20,V,Amperage,20,A,,,,,,,,,,,,,,,,,,,,,,,,,,,,,,,,,,,,,,,,,,,,,,,,,,,,,,,,,,,,,,,,,,,,,,,,,,,,,,,,,,,,,,,,,,,,,,,,,,,,,,,,,,,,,,,,,,,,,,,,,,,,,,,,,,,,,,,,,,,,,,,,,,,,26111701,,,,,,,,,,,,,,,,,,,,,,,,,,,,,,,,,,,,,,,,,,,
,,,,,,,Electrical,Batteries,Power Tool Batteries,,BATT4A,BATT4A Kreg 20V 4ah Battery Pack,,,,,Kreg Tool Company,,,BATT4A,,Electrical > Batteries > Power Tool Batteries,"Battery Pack, BATT4A, Voltage 20 V, Amperage 4 A",BATTERY PACK 20V 4A,"Battery Pack, BATT4A","Battery Pack, Model BATT4A, Voltage 20 V, Amperage 4 A","Battery Pack, BATT4A",,Voltage: 20 V,Amperage: 4 A,,,,,,,,,,,,,,,,,,,,,,Battery Pack,,Battery Pack,Voltage,20,V,Amperage,4,A,,,,,,,,,,,,,,,,,,,,,,,,,,,,,,,,,,,,,,,,,,,,,,,,,,,,,,,,,,,,,,,,,,,,,,,,,,,,,,,,,,,,,,,,,,,,,,,,,,,,,,,,,,,,,,,,,,,,,,,,,,,,,,,,,,,,,,,,,,,,,,,,,,,,26111701,,,,,,,,,,,,,,,,,,,,,,,,,,,,,,,,,,,,,,,,,,,
,,,,,,,Electrical,Batteries,Power Tool Batteries,,BATT2A,BATT2A Kreg 20V 2ah Battery Pack,,,,,Kreg Tool Company,,,BATT2A,,Electrical > Batteries > Power Tool Batteries,"Battery Pack, BATT2A, Voltage 20 V, Amperage 2 A",BATTERY PACK 20V 2A,"Battery Pack, BATT2A","Battery Pack, Model BATT2A, Voltage 20 V, Amperage 2 A","Battery Pack, BATT2A",,Voltage: 20 V,Amperage: 2 A,,,,,,,,,,,,,,,,,,,,,,Battery Pack,,Battery Pack,Voltage,20,V,Amperage,2,A,,,,,,,,,,,,,,,,,,,,,,,,,,,,,,,,,,,,,,,,,,,,,,,,,,,,,,,,,,,,,,,,,,,,,,,,,,,,,,,,,,,,,,,,,,,,,,,,,,,,,,,,,,,,,,,,,,,,,,,,,,,,,,,,,,,,,,,,,,,,,,,,,,,,26111701,,,,,,,,,,,,,,,,,,,,,,,,,,,,,,,,,,,,,,,,,,,
,,,,,,,General Supplies,General,General,,BL1850BDC2X1,BL1850BDC2X1 Makita Starter Kit,,,,,Makita Usa Inc,Makita,Makita,BL1850BDC2X1,,General Supplies > General > General,"Makita BL1850BDC2X1 Makita Starter, BL1850BDC2X1",BL1850BDC2X1 MAKITA STARTER,"Makita BL1850BDC2X1 Makita Starter, BL1850BDC2X1","Makita BL1850BDC2X1 Makita Starter, Model BL1850BDC2X1","Makita BL1850BDC2X1 Makita Starter, BL1850BDC2X1",,,,,,,,,,,,,,,,,,,,,,,,,BL1850BDC2X1 Makita Starter,,BL1850BDC2X1 Makita Starter,,,,,,,,,,,,,,,,,,,,,,,,,,,,,,,,,,,,,,,,,,,,,,,,,,,,,,,,,,,,,,,,,,,,,,,,,,,,,,,,,,,,,,,,,,,,,,,,,,,,,,,,,,,,,,,,,,,,,,,,,,,,,,,,,,,,,,,,,,,,,,,,,,,,,,,,,,,,,,,,,,,,,,,,,,,,,,,,,,,,,,,,,,,,,,,,,,,,,
,,,,,,,Electrical,Batteries,Power Tool Batteries,,48-11-2422,48-11-2422 Milw M12 CP2.0 Battery Two Pack,,,,,Milwaukee Accessory,Milwaukee,Milwaukee,48-11-2422,,Electrical > Batteries > Power Tool Batteries,"Milwaukee Battery Pack, M12, 48-11-2422",BATTERY PACK,"Milwaukee Battery Pack, M12, 48-11-2422","Milwaukee Battery Pack, M12, Model 48-11-2422","Milwaukee Battery Pack, M12, 48-11-2422",,,,,,,,,,,,,,,,,,,,,,,,,Battery Pack,,Battery Pack,,,,,,,,,,,,,,,,,,,,,,,,,,,,,,,,,,,,,,,,,,,,,,,,,,,,,,,,,,,,,,,,,,,,,,,,,,,,,,,,,,,,,,,,,,,,,,,,,,,,,,,,,,,,,,,,,,,,,,,,,,,,,,,,,,,,,,,,,,,,,,,,,,,,,,,,,,26111701,,,,,,,,,,,,,,,,,,,,,,,,,,,,,,,,,,,,,,,,,,,
,,,,,,,Electrical,Batteries,Chargers,,DCB1104,DCB1104 Dewalt 12V/20V Charger - 4 Amp,,,,,Black & Decker/dewlt,DEWALT,DEWALT,DCB1104,,Electrical > Batteries > Chargers,"DEWALT Charger, DCB1104, Voltage 12 V",CHARGER 12V,"DEWALT Charger, DCB1104","DEWALT Charger, Model DCB1104, Voltage 12 V","DEWALT Charger, DCB1104",,Voltage: 12 V,,,,,,,,,,,,,,,,,,,,,,,Charger,,Charger,Voltage,12,V,,,,,,,,,,,,,,,,,,,,,,,,,,,,,,,,,,,,,,,,,,,,,,,,,,,,,,,,,,,,,,,,,,,,,,,,,,,,,,,,,,,,,,,,,,,,,,,,,,,,,,,,,,,,,,,,,,,,,,,,,,,,,,,,,,,,,,,,,,,,,,,,,,,,,,,26111737,,,,,,,,,,,,,,,,,,,,,,,,,,,,,,,,,,,,,,,,,,,
,,,,,,,Electrical,Batteries,Chargers,,48-59-1804,48-59-1804 Milw M18 and M12 Rapid Charger,,,,,Milwaukee Accessory,Milwaukee,Milwaukee,48-59-1804,,Electrical > Batteries > Chargers,"Milwaukee Charger, M18, 48-59-1804",CHARGER,"Milwaukee Charger, M18, 48-59-1804","Milwaukee Charger, M18, Model 48-59-1804","Milwaukee Charger, M18, 48-59-1804",,,,,,,,,,,,,,,,,,,,,,,,,Charger,,Charger,,,,,,,,,,,,,,,,,,,,,,,,,,,,,,,,,,,,,,,,,,,,,,,,,,,,,,,,,,,,,,,,,,,,,,,,,,,,,,,,,,,,,,,,,,,,,,,,,,,,,,,,,,,,,,,,,,,,,,,,,,,,,,,,,,,,,,,,,,,,,,,,,,,,,,,,,,26111737,,,,,,,,,,,,,,,,,,,,,,,,,,,,,,,,,,,,,,,,,,,
,,,,,,,Electrical,Batteries,Chargers,,CRGR401A,CRGR401A Kreg 20V Fast Charger,,,,,Kreg Tool Company,,,CRGR401A,,Electrical > Batteries > Chargers,"Charger, CRGR401A, Voltage 20 V, Amperage 01 A",CHARGER 20V 01A,"Charger, CRGR401A","Charger, Model CRGR401A, Voltage 20 V, Amperage 01 A","Charger, CRGR401A",,Voltage: 20 V,Amperage: 01 A,,,,,,,,,,,,,,,,,,,,,,Charger,,Charger,Voltage,20,V,Amperage,01,A,,,,,,,,,,,,,,,,,,,,,,,,,,,,,,,,,,,,,,,,,,,,,,,,,,,,,,,,,,,,,,,,,,,,,,,,,,,,,,,,,,,,,,,,,,,,,,,,,,,,,,,,,,,,,,,,,,,,,,,,,,,,,,,,,,,,,,,,,,,,,,,,,,,,26111737,,,,,,,,,,,,,,,,,,,,,,,,,,,,,,,,,,,,,,,,,,,
,,,,,,,Electrical,Batteries,Chargers,,48-59-1211,48-59-1211 Milw Power Supply - Charger,,,,,Milwaukee Accessory,Milwaukee,Milwaukee,48-59-1211,,Electrical > Batteries > Chargers,"Milwaukee Charger, 48-59-1211",CHARGER,"Milwaukee Charger, 48-59-1211","Milwaukee Charger, Model 48-59-1211","Milwaukee Charger, 48-59-1211",,,,,,,,,,,,,,,,,,,,,,,,,Charger,,Charger,,,,,,,,,,,,,,,,,,,,,,,,,,,,,,,,,,,,,,,,,,,,,,,,,,,,,,,,,,,,,,,,,,,,,,,,,,,,,,,,,,,,,,,,,,,,,,,,,,,,,,,,,,,,,,,,,,,,,,,,,,,,,,,,,,,,,,,,,,,,,,,,,,,,,,,,,,26111737,,,,,,,,,,,,,,,,,,,,,,,,,,,,,,,,,,,,,,,,,,,
,,,,,,,Electrical,Batteries,Chargers,,2847-20,2847-20 Milw M18 Charger and Power Supply,,,,,Milwaukee Accessory,Milwaukee,Milwaukee,2847-20,,Electrical > Batteries > Chargers,"Milwaukee Charger, M18, 2847-20",CHARGER,"Milwaukee Charger, M18, 2847-20","Milwaukee Charger, M18, Model 2847-20","Milwaukee Charger, M18, 2847-20",,,,,,,,,,,,,,,,,,,,,,,,,Charger,,Charger,,,,,,,,,,,,,,,,,,,,,,,,,,,,,,,,,,,,,,,,,,,,,,,,,,,,,,,,,,,,,,,,,,,,,,,,,,,,,,,,,,,,,,,,,,,,,,,,,,,,,,,,,,,,,,,,,,,,,,,,,,,,,,,,,,,,,,,,,,,,,,,,,,,,,,,,,,26111737,,,,,,,,,,,,,,,,,,,,,,,,,,,,,,,,,,,,,,,,,,,
,,,,,,,General Supplies,General,General,,DWV9401,DWV9401 Dewalt Paper Bag - 5pk,,,,,Black & Decker/dewlt,DEWALT,DEWALT,DWV9401,,General Supplies > General > General,"DEWALT DWV9401 Dewalt Paper, DWV9401",DWV9401 DEWALT PAPER,"DEWALT DWV9401 Dewalt Paper, DWV9401","DEWALT DWV9401 Dewalt Paper, Model DWV9401","DEWALT DWV9401 Dewalt Paper, DWV9401",,,,,,,,,,,,,,,,,,,,,,,,,DWV9401 Dewalt Paper,,DWV9401 Dewalt Paper,,,,,,,,,,,,,,,,,,,,,,,,,,,,,,,,,,,,,,,,,,,,,,,,,,,,,,,,,,,,,,,,,,,,,,,,,,,,,,,,,,,,,,,,,,,,,,,,,,,,,,,,,,,,,,,,,,,,,,,,,,,,,,,,,,,,,,,,,,,,,,,,,,,,,,,,,,,,,,,,,,,,,,,,,,,,,,,,,,,,,,,,,,,,,,,,,,,,,
,,,,,,,General Supplies,General,General,,578512,578512 Festool Dust Extractor-CT MIDI I HEPA,,,,,Festool USA,,,578512,,General Supplies > General > General,"Festool Dust Extractor-CT, 578512",FESTOOL DUST EXTRACTOR-CT,"Festool Dust Extractor-CT, 578512","Festool Dust Extractor-CT, Model 578512","Festool Dust Extractor-CT, 578512",,,,,,,,,,,,,,,,,,,,,,,,,Festool Dust Extractor-CT,,Festool Dust Extractor-CT,,,,,,,,,,,,,,,,,,,,,,,,,,,,,,,,,,,,,,,,,,,,,,,,,,,,,,,,,,,,,,,,,,,,,,,,,,,,,,,,,,,,,,,,,,,,,,,,,,,,,,,,,,,,,,,,,,,,,,,,,,,,,,,,,,,,,,,,,,,,,,,,,,,,,,,,,,,,,,,,,,,,,,,,,,,,,,,,,,,,,,,,,,,,,,,,,,,,,
,,,,,,,General Supplies,General,General,,577871,577871 Festool Dust Extractor - CT 26,,,,,Festool USA,,,577871,,General Supplies > General > General,"Festool Dust Extractor, 577871",FESTOOL DUST EXTRACTOR,"Festool Dust Extractor, 577871","Festool Dust Extractor, Model 577871","Festool Dust Extractor, 577871",,,,,,,,,,,,,,,,,,,,,,,,,Festool Dust Extractor,,Festool Dust Extractor,,,,,,,,,,,,,,,,,,,,,,,,,,,,,,,,,,,,,,,,,,,,,,,,,,,,,,,,,,,,,,,,,,,,,,,,,,,,,,,,,,,,,,,,,,,,,,,,,,,,,,,,,,,,,,,,,,,,,,,,,,,,,,,,,,,,,,,,,,,,,,,,,,,,,,,,,,,,,,,,,,,,,,,,,,,,,,,,,,,,,,,,,,,,,,,,,,,,,
,,,,,,,General Supplies,General,General,,577874,577874 Festool Dust Extractor - CT 36,,,,,Festool USA,,,577874,,General Supplies > General > General,"Festool Dust Extractor, 577874",FESTOOL DUST EXTRACTOR,"Festool Dust Extractor, 577874","Festool Dust Extractor, Model 577874","Festool Dust Extractor, 577874",,,,,,,,,,,,,,,,,,,,,,,,,Festool Dust Extractor,,Festool Dust Extractor,,,,,,,,,,,,,,,,,,,,,,,,,,,,,,,,,,,,,,,,,,,,,,,,,,,,,,,,,,,,,,,,,,,,,,,,,,,,,,,,,,,,,,,,,,,,,,,,,,,,,,,,,,,,,,,,,,,,,,,,,,,,,,,,,,,,,,,,,,,,,,,,,,,,,,,,,,,,,,,,,,,,,,,,,,,,,,,,,,,,,,,,,,,,,,,,,,,,,
,,,,,,,General Supplies,General,General,,577876,577876 Festool Dust Extractor - CT 48,,,,,Festool USA,,,577876,,General Supplies > General > General,"Festool Dust Extractor, 577876",FESTOOL DUST EXTRACTOR,"Festool Dust Extractor, 577876","Festool Dust Extractor, Model 577876","Festool Dust Extractor, 577876",,,,,,,,,,,,,,,,,,,,,,,,,Festool Dust Extractor,,Festool Dust Extractor,,,,,,,,,,,,,,,,,,,,,,,,,,,,,,,,,,,,,,,,,,,,,,,,,,,,,,,,,,,,,,,,,,,,,,,,,,,,,,,,,,,,,,,,,,,,,,,,,,,,,,,,,,,,,,,,,,,,,,,,,,,,,,,,,,,,,,,,,,,,,,,,,,,,,,,,,,,,,,,,,,,,,,,,,,,,,,,,,,,,,,,,,,,,,,,,,,,,,
,,,,,,,General Supplies,General,General,,578441,578441 Festool Dust Extractor-CT 15 HEPA,,,,,Festool USA,,,578441,,General Supplies > General > General,"Festool Dust Extractor-CT, 578441",FESTOOL DUST EXTRACTOR-CT,"Festool Dust Extractor-CT, 578441","Festool Dust Extractor-CT, Model 578441","Festool Dust Extractor-CT, 578441",,,,,,,,,,,,,,,,,,,,,,,,,Festool Dust Extractor-CT,,Festool Dust Extractor-CT,,,,,,,,,,,,,,,,,,,,,,,,,,,,,,,,,,,,,,,,,,,,,,,,,,,,,,,,,,,,,,,,,,,,,,,,,,,,,,,,,,,,,,,,,,,,,,,,,,,,,,,,,,,,,,,,,,,,,,,,,,,,,,,,,,,,,,,,,,,,,,,,,,,,,,,,,,,,,,,,,,,,,,,,,,,,,,,,,,,,,,,,,,,,,,,,,,,,,
,,,,,,,Tools,Cutting Tools,Drill Bits,,DCK225D2,DCK225D2 Dewalt Impact/Drill - Kit,,,,,Black & Decker/dewlt,DEWALT,DEWALT,DCK225D2,,Tools > Cutting Tools > Drill Bits,"DEWALT Drill Bit, DCK225D2",DRILL BIT,"DEWALT Drill Bit, DCK225D2","DEWALT Drill Bit, Model DCK225D2","DEWALT Drill Bit, DCK225D2",,,,,,,,,,,,,,,,,,,,,,,,,Drill Bit,,Drill Bit,,,,,,,,,,,,,,,,,,,,,,,,,,,,,,,,,,,,,,,,,,,,,,,,,,,,,,,,,,,,,,,,,,,,,,,,,,,,,,,,,,,,,,,,,,,,,,,,,,,,,,,,,,,,,,,,,,,,,,,,,,,,,,,,,,,,,,,,,,,,,,,,,,,,,,,,,,27112703,,,,,,,,,,,,,,,,,,,,,,,,,,,,,,,,,,,,,,,,,,,
,,,,,,,General Supplies,General,General,,DCK2101QQ2,Dewalt DCK2101QQ2 20V 2Pc Kit,,,,,Black & Decker/dewlt,DEWALT,DEWALT,DCK2101QQ2,,General Supplies > General > General,"DEWALT Dewalt DCK2101QQ2 20V, DCK2101QQ2, Voltage 20 V, Pack Quantity 2",DEWALT DCK2101QQ2 20V 20V 2,"DEWALT Dewalt DCK2101QQ2 20V, DCK2101QQ2","DEWALT Dewalt DCK2101QQ2 20V, Model DCK2101QQ2, Voltage 20 V, Pack Quantity 2","DEWALT Dewalt DCK2101QQ2 20V, DCK2101QQ2",,Voltage: 20 V,Pack Quantity: 2,,,,,,,,,,,,,,,,,,,,,,Dewalt DCK2101QQ2 20V,,Dewalt DCK2101QQ2 20V,Voltage,20,V,Pack Quantity,2,,,,,,,,,,,,,,,,,,,,,,,,,,,,,,,,,,,,,,,,,,,,,,,,,,,,,,,,,,,,,,,,,,,,,,,,,,,,,,,,,,,,,,,,,,,,,,,,,,,,,,,,,,,,,,,,,,,,,,,,,,,,,,,,,,,,,,,,,,,,,,,,,,,,,,,,,,,,,,,,,,,,,,,,,,,,,,,,,,,,,,,,,,,,,,,,
,,,,,,,General Supplies,General,General,,4000-2/32,4000-2/32 DREMEL ROTARY TOOL,,,,,Robt Bosch Tool Corp,,,4000-2/32,,General Supplies > General > General,"DREMEL ROTARY TOOL, 4000-2/32",DREMEL ROTARY TOOL,"DREMEL ROTARY TOOL, 4000-2/32","DREMEL ROTARY TOOL, Model 4000-2/32","DREMEL ROTARY TOOL, 4000-2/32",,,,,,,,,,,,,,,,,,,,,,,,,DREMEL ROTARY TOOL,,DREMEL ROTARY TOOL,,,,,,,,,,,,,,,,,,,,,,,,,,,,,,,,,,,,,,,,,,,,,,,,,,,,,,,,,,,,,,,,,,,,,,,,,,,,,,,,,,,,,,,,,,,,,,,,,,,,,,,,,,,,,,,,,,,,,,,,,,,,,,,,,,,,,,,,,,,,,,,,,,,,,,,,,,,,,,,,,,,,,,,,,,,,,,,,,,,,,,,,,,,,,,,,,,,,,
,,,,,,,General Supplies,General,General,,3100-1/15,3100-1/15 Dremel Rotary Tool - Kit 15pc,,,,,Robt Bosch Tool Corp,,,3100-1/15,,General Supplies > General > General,"Dremel Rotary Tool, 3100-1/15, Pack Quantity 15",DREMEL ROTARY TOOL 15,"Dremel Rotary Tool, 3100-1/15","Dremel Rotary Tool, Model 3100-1/15, Pack Quantity 15","Dremel Rotary Tool, 3100-1/15",,Pack Quantity: 15,,,,,,,,,,,,,,,,,,,,,,,Dremel Rotary Tool,,Dremel Rotary Tool,Pack Quantity,15,,,,,,,,,,,,,,,,,,,,,,,,,,,,,,,,,,,,,,,,,,,,,,,,,,,,,,,,,,,,,,,,,,,,,,,,,,,,,,,,,,,,,,,,,,,,,,,,,,,,,,,,,,,,,,,,,,,,,,,,,,,,,,,,,,,,,,,,,,,,,,,,,,,,,,,,,,,,,,,,,,,,,,,,,,,,,,,,,,,,,,,,,,,,,,,,,,,
,,,,,,,General Supplies,General,General,,T-90043,T-90043 Deep Medium Organizer,,,,,Makita Usa Inc,Makita,Makita,T-90043,,General Supplies > General > General,"Makita T-90043 Deep Medium, T-90043",T-90043 DEEP MEDIUM,"Makita T-90043 Deep Medium, T-90043","Makita T-90043 Deep Medium, Model T-90043","Makita T-90043 Deep Medium, T-90043",,,,,,,,,,,,,,,,,,,,,,,,,T-90043 Deep Medium,,T-90043 Deep Medium,,,,,,,,,,,,,,,,,,,,,,,,,,,,,,,,,,,,,,,,,,,,,,,,,,,,,,,,,,,,,,,,,,,,,,,,,,,,,,,,,,,,,,,,,,,,,,,,,,,,,,,,,,,,,,,,,,,,,,,,,,,,,,,,,,,,,,,,,,,,,,,,,,,,,,,,,,,,,,,,,,,,,,,,,,,,,,,,,,,,,,,,,,,,,,,,,,,,,
,,,,,,,General Supplies,General,General,,T-90059,T-90059 Low Profile Medium - Organizer,,,,,Makita Usa Inc,Makita,Makita,T-90059,,General Supplies > General > General,"Makita T-90059 Low Profile, T-90059",T-90059 LOW PROFILE,"Makita T-90059 Low Profile, T-90059","Makita T-90059 Low Profile, Model T-90059","Makita T-90059 Low Profile, T-90059",,,,,,,,,,,,,,,,,,,,,,,,,T-90059 Low Profile,,T-90059 Low Profile,,,,,,,,,,,,,,,,,,,,,,,,,,,,,,,,,,,,,,,,,,,,,,,,,,,,,,,,,,,,,,,,,,,,,,,,,,,,,,,,,,,,,,,,,,,,,,,,,,,,,,,,,,,,,,,,,,,,,,,,,,,,,,,,,,,,,,,,,,,,,,,,,,,,,,,,,,,,,,,,,,,,,,,,,,,,,,,,,,,,,,,,,,,,,,,,,,,,,
,,,,,,,General Supplies,General,General,,T-90065,T-90065 Deep Compact Organizer,,,,,Makita Usa Inc,Makita,Makita,T-90065,,General Supplies > General > General,"Makita T-90065 Deep Compact, Compact, T-90065",T-90065 DEEP COMPACT,"Makita T-90065 Deep Compact, Compact, T-90065","Makita T-90065 Deep Compact, Compact, Model T-90065","Makita T-90065 Deep Compact, Compact, T-90065",,,,,,,,,,,,,,,,,,,,,,,,,T-90065 Deep Compact,,T-90065 Deep Compact,,,,,,,,,,,,,,,,,,,,,,,,,,,,,,,,,,,,,,,,,,,,,,,,,,,,,,,,,,,,,,,,,,,,,,,,,,,,,,,,,,,,,,,,,,,,,,,,,,,,,,,,,,,,,,,,,,,,,,,,,,,,,,,,,,,,,,,,,,,,,,,,,,,,,,,,,,,,,,,,,,,,,,,,,,,,,,,,,,,,,,,,,,,,,,,,,,,,,
,,,,,,,General Supplies,General,General,,10047VS,10047VS Oliver 3HP 230V 1PH Shaper 1-1/4 Spindle,,,,,Oliver Machinery Company,,,10047VS,,General Supplies > General > General,"10047VS Oliver 3HP, 10047VS, Voltage 230 V",10047VS OLIVER 3HP 230V,"10047VS Oliver 3HP, 10047VS","10047VS Oliver 3HP, Model 10047VS, Voltage 230 V","10047VS Oliver 3HP, 10047VS",,Voltage: 230 V,,,,,,,,,,,,,,,,,,,,,,,10047VS Oliver 3HP,,10047VS Oliver 3HP,Voltage,230,V,,,,,,,,,,,,,,,,,,,,,,,,,,,,,,,,,,,,,,,,,,,,,,,,,,,,,,,,,,,,,,,,,,,,,,,,,,,,,,,,,,,,,,,,,,,,,,,,,,,,,,,,,,,,,,,,,,,,,,,,,,,,,,,,,,,,,,,,,,,,,,,,,,,,,,,,,,,,,,,,,,,,,,,,,,,,,,,,,,,,,,,,,,,,,,,,,,
,,,,,,,General Supplies,General,General,,MAG:2044-230-1,2044-230-1 Stock Feeder 4-Roll - Steff,,,,,J&G Machinery,,,MAG:2044-230-1,,General Supplies > General > General,"Stock Feeder 4-Roll, MAG:2044-230-1",STOCK FEEDER 4-ROLL,"Stock Feeder 4-Roll, MAG:2044-230-1","Stock Feeder 4-Roll, Model MAG:2044-230-1","Stock Feeder 4-Roll, MAG:2044-230-1",,,,,,,,,,,,,,,,,,,,,,,,,Stock Feeder 4-Roll,,Stock Feeder 4-Roll,,,,,,,,,,,,,,,,,,,,,,,,,,,,,,,,,,,,,,,,,,,,,,,,,,,,,,,,,,,,,,,,,,,,,,,,,,,,,,,,,,,,,,,,,,,,,,,,,,,,,,,,,,,,,,,,,,,,,,,,,,,,,,,,,,,,,,,,,,,,,,,,,,,,,,,,,,,,,,,,,,,,,,,,,,,,,,,,,,,,,,,,,,,,,,,,,,,,,
,,,,,,,General Supplies,General,General,,XTP242,"42"" XTP XTENDER PRO Fence - XTP242",,,,,Bow Products,,,XTP242,,General Supplies > General > General,"XTP XTENDER PRO, XTP242, Width 42 in",XTP XTENDER PRO 42IN,"XTP XTENDER PRO, XTP242","XTP XTENDER PRO, Model XTP242, Width 42 in","XTP XTENDER PRO, XTP242",,Width: 42 in,,,,,,,,,,,,,,,,,,,,,,,XTP XTENDER PRO,,XTP XTENDER PRO,Width,42,in,,,,,,,,,,,,,,,,,,,,,,,,,,,,,,,,,,,,,,,,,,,,,,,,,,,,,,,,,,,,,,,,,,,,,,,,,,,,,,,,,,,,,,,,,,,,,,,,,,,,,,,,,,,,,,,,,,,,,,,,,,,,,,,,,,,,,,,,,,,,,,,,,,,,,,,,,,,,,,,,,,,,,,,,,,,,,,,,,,,,,,,,,,,,,,,,,,
,,,,,,,General Supplies,General,General,,AAS-P,AAS-P Align-A-Saw Plate Only,,,,,Woodpeckers Inc,,,AAS-P,,General Supplies > General > General,"AAS-P Align-A-Saw Plate, AAS-P",AAS-P ALIGN-A-SAW PLATE,"AAS-P Align-A-Saw Plate, AAS-P","AAS-P Align-A-Saw Plate, Model AAS-P","AAS-P Align-A-Saw Plate, AAS-P",,,,,,,,,,,,,,,,,,,,,,,,,AAS-P Align-A-Saw Plate,,AAS-P Align-A-Saw Plate,,,,,,,,,,,,,,,,,,,,,,,,,,,,,,,,,,,,,,,,,,,,,,,,,,,,,,,,,,,,,,,,,,,,,,,,,,,,,,,,,,,,,,,,,,,,,,,,,,,,,,,,,,,,,,,,,,,,,,,,,,,,,,,,,,,,,,,,,,,,,,,,,,,,,,,,,,,,,,,,,,,,,,,,,,,,,,,,,,,,,,,,,,,,,,,,,,,,,
,,,,,,,General Supplies,General,General,,SSCMS,SSCMS Stealthstop Miter Sled,,,,,Woodpeckers Inc,,,SSCMS,,General Supplies > General > General,"SSCMS Stealthstop Miter, SSCMS",SSCMS STEALTHSTOP MITER,"SSCMS Stealthstop Miter, SSCMS","SSCMS Stealthstop Miter, Model SSCMS","SSCMS Stealthstop Miter, SSCMS",,,,,,,,,,,,,,,,,,,,,,,,,SSCMS Stealthstop Miter,,SSCMS Stealthstop Miter,,,,,,,,,,,,,,,,,,,,,,,,,,,,,,,,,,,,,,,,,,,,,,,,,,,,,,,,,,,,,,,,,,,,,,,,,,,,,,,,,,,,,,,,,,,,,,,,,,,,,,,,,,,,,,,,,,,,,,,,,,,,,,,,,,,,,,,,,,,,,,,,,,,,,,,,,,,,,,,,,,,,,,,,,,,,,,,,,,,,,,,,,,,,,,,,,,,,,
,,,,,,,General Supplies,General,General,,4225.201,"4225.201 Oliver 6"" HH Jointer Paralleogram",,,,,Oliver Machinery Company,,,4225.201,,General Supplies > General > General,"Oliver HH Jointer, 4225.201",OLIVER HH JOINTER,"Oliver HH Jointer, 4225.201","Oliver HH Jointer, Model 4225.201","Oliver HH Jointer, 4225.201",,,,,,,,,,,,,,,,,,,,,,,,,Oliver HH Jointer,,Oliver HH Jointer,,,,,,,,,,,,,,,,,,,,,,,,,,,,,,,,,,,,,,,,,,,,,,,,,,,,,,,,,,,,,,,,,,,,,,,,,,,,,,,,,,,,,,,,,,,,,,,,,,,,,,,,,,,,,,,,,,,,,,,,,,,,,,,,,,,,,,,,,,,,,,,,,,,,,,,,,,,,,,,,,,,,,,,,,,,,,,,,,,,,,,,,,,,,,,,,,,,,,
,,,,,,,General Supplies,General,General,,KC-426C,"KC-426C 12"" Portable Planer",,,,,King Canada Inc,,,KC-426C,,General Supplies > General > General,"KC-426C Portable Planer, KC-426C",KC-426C PORTABLE PLANER,"KC-426C Portable Planer, KC-426C","KC-426C Portable Planer, Model KC-426C","KC-426C Portable Planer, KC-426C",,,,,,,,,,,,,,,,,,,,,,,,,KC-426C Portable Planer,,KC-426C Portable Planer,,,,,,,,,,,,,,,,,,,,,,,,,,,,,,,,,,,,,,,,,,,,,,,,,,,,,,,,,,,,,,,,,,,,,,,,,,,,,,,,,,,,,,,,,,,,,,,,,,,,,,,,,,,,,,,,,,,,,,,,,,,,,,,,,,,,,,,,,,,,,,,,,,,,,,,,,,,,,,,,,,,,,,,,,,,,,,,,,,,,,,,,,,,,,,,,,,,,,
,,,,,,,General Supplies,General,General,,10045.201,"10045.201 Oliver 13"" Benchtop Planer 2HP,115V 1Ph",,,,,Oliver Machinery Company,,,10045.201,,General Supplies > General > General,"Oliver Benchtop Planer, 10045.201, Voltage 115 V",OLIVER BENCHTOP PLANER 115V,"Oliver Benchtop Planer, 10045.201","Oliver Benchtop Planer, Model 10045.201, Voltage 115 V","Oliver Benchtop Planer, 10045.201",,Voltage: 115 V,,,,,,,,,,,,,,,,,,,,,,,Oliver Benchtop Planer,,Oliver Benchtop Planer,Voltage,115,V,,,,,,,,,,,,,,,,,,,,,,,,,,,,,,,,,,,,,,,,,,,,,,,,,,,,,,,,,,,,,,,,,,,,,,,,,,,,,,,,,,,,,,,,,,,,,,,,,,,,,,,,,,,,,,,,,,,,,,,,,,,,,,,,,,,,,,,,,,,,,,,,,,,,,,,,,,,,,,,,,,,,,,,,,,,,,,,,,,,,,,,,,,,,,,,,,,
,,,,,,,General Supplies,General,General,,10014.201,"10014.201 Oliver 15"" Planer 3HP 1Ph 220V",,,,,Oliver Machinery Company,,,10014.201,,General Supplies > General > General,"Oliver Planer 3HP, 10014.201, Voltage 220 V",OLIVER PLANER 3HP 220V,"Oliver Planer 3HP, 10014.201","Oliver Planer 3HP, Model 10014.201, Voltage 220 V","Oliver Planer 3HP, 10014.201",,Voltage: 220 V,,,,,,,,,,,,,,,,,,,,,,,Oliver Planer 3HP,,Oliver Planer 3HP,Voltage,220,V,,,,,,,,,,,,,,,,,,,,,,,,,,,,,,,,,,,,,,,,,,,,,,,,,,,,,,,,,,,,,,,,,,,,,,,,,,,,,,,,,,,,,,,,,,,,,,,,,,,,,,,,,,,,,,,,,,,,,,,,,,,,,,,,,,,,,,,,,,,,,,,,,,,,,,,,,,,,,,,,,,,,,,,,,,,,,,,,,,,,,,,,,,,,,,,,,,
,,,,,,,General Supplies,General,General,,4430.201,"4430.201 Oliver 20"" Planer 5HP 1Ph 230V",,,,,Oliver Machinery Company,,,4430.201,,General Supplies > General > General,"Oliver Planer 5HP, 4430.201, Voltage 230 V",OLIVER PLANER 5HP 230V,"Oliver Planer 5HP, 4430.201","Oliver Planer 5HP, Model 4430.201, Voltage 230 V","Oliver Planer 5HP, 4430.201",,Voltage: 230 V,,,,,,,,,,,,,,,,,,,,,,,Oliver Planer 5HP,,Oliver Planer 5HP,Voltage,230,V,,,,,,,,,,,,,,,,,,,,,,,,,,,,,,,,,,,,,,,,,,,,,,,,,,,,,,,,,,,,,,,,,,,,,,,,,,,,,,,,,,,,,,,,,,,,,,,,,,,,,,,,,,,,,,,,,,,,,,,,,,,,,,,,,,,,,,,,,,,,,,,,,,,,,,,,,,,,,,,,,,,,,,,,,,,,,,,,,,,,,,,,,,,,,,,,,,
,,,,,,,General Supplies,General,General,,10055.201,"10055.201 Oliver 15"" Benchtop Planer 2.5HP 1Ph 230V",,,,,Oliver Machinery Company,,,10055.201,,General Supplies > General > General,"Oliver Benchtop Planer, 10055.201, Voltage 230 V",OLIVER BENCHTOP PLANER 230V,"Oliver Benchtop Planer, 10055.201","Oliver Benchtop Planer, Model 10055.201, Voltage 230 V","Oliver Benchtop Planer, 10055.201",,Voltage: 230 V,,,,,,,,,,,,,,,,,,,,,,,Oliver Benchtop Planer,,Oliver Benchtop Planer,Voltage,230,V,,,,,,,,,,,,,,,,,,,,,,,,,,,,,,,,,,,,,,,,,,,,,,,,,,,,,,,,,,,,,,,,,,,,,,,,,,,,,,,,,,,,,,,,,,,,,,,,,,,,,,,,,,,,,,,,,,,,,,,,,,,,,,,,,,,,,,,,,,,,,,,,,,,,,,,,,,,,,,,,,,,,,,,,,,,,,,,,,,,,,,,,,,,,,,,,,,
,,,,,,,Tools,Power Tools,Sanders,,T27417,T27417 Grizzly OscillatingEdge - Belt and Spindle Sander,,,,,Woodstock Intl,,,T27417,,Tools > Power Tools > Sanders,"Sander, T27417",SANDER,"Sander, T27417","Sander, Model T27417","Sander, T27417",,,,,,,,,,,,,,,,,,,,,,,,,Sander,,Sander,,,,,,,,,,,,,,,,,,,,,,,,,,,,,,,,,,,,,,,,,,,,,,,,,,,,,,,,,,,,,,,,,,,,,,,,,,,,,,,,,,,,,,,,,,,,,,,,,,,,,,,,,,,,,,,,,,,,,,,,,,,,,,,,,,,,,,,,,,,,,,,,,,,,,,,,,,27112700,,,,,,,,,,,,,,,,,,,,,,,,,,,,,,,,,,,,,,,,,,,
